bar_time,open,high,low,close,volume,trades,vwap
2026-09-14 09:30:00-04:00,759.0,759.22,758.64,758.75,678766.257465,6167,759.054469725907
2026-09-14 09:31:00-04:00,758.71,759.05,758.58,758.825,335838.042867,3167,758.831544318453
2026-09-14 09:32:00-04:00,758.83,759.115,758.74,758.988,210490.703706,2495,758.9534756905405
2026-09-14 09:33:00-04:00,758.98,759.04,758.757,758.7799,86127.32969,1889,758.8883720483539
2026-09-14 09:34:00-04:00,758.78,759.14,758.67,758.685,111509.883309,1755,758.7949067401105
2026-09-14 09:35:00-04:00,758.685,759.14,758.57,758.765,119980.125704,2119,758.7214878563777
2026-09-14 09:36:00-04:00,758.76,759.14,758.49,758.5482,183345.816734,2714,758.6422220879472
2026-09-14 09:37:00-04:00,758.5488,759.14,758.47,758.5895,83998.966061,1870,758.5872396967505
2026-09-14 09:38:00-04:00,758.58,758.7,758.4542,758.5795,97045.736949,1735,758.5562295433364
2026-09-14 09:39:00-04:00,758.575,758.67,758.46,758.57,85301.153779,1609,758.576347526123
2026-09-14 09:40:00-04:00,758.58,759.06,758.47,758.989,145273.012205,2504,758.8435137766152
2026-09-14 09:41:00-04:00,758.99,759.09,758.7782,759.04,112684.833121,1983,758.9864874559977
2026-09-14 09:42:00-04:00,759.046,759.32,759.0176,759.245,82168.227205,1553,759.1811949229041
2026-09-14 09:43:00-04:00,759.26,759.38,759.17,759.245,78667.547041,1379,759.2552256636413
2026-09-14 09:44:00-04:00,759.245,759.52,759.24,759.4165,67997.050703,1359,759.4351729604342
2026-09-14 09:45:00-04:00,759.43,759.71,759.42,759.5017,135220.378841,1898,759.5821754655962
2026-09-14 09:46:00-04:00,759.5,759.7,759.48,759.59,100996.508796,1574,759.607478134621
2026-09-14 09:47:00-04:00,759.58,759.958,759.2,759.955,95305.80894,1580,759.7522846355992
2026-09-14 09:48:00-04:00,759.955,760.16,759.245,760.155,73152.018519,1661,759.9800469361014
2026-09-14 09:49:00-04:00,760.15,760.5683,760.15,760.29,141661.736495,2375,760.3715541385495
2026-09-14 09:50:00-04:00,760.28,760.58,760.28,760.38,74001.887396,1508,760.4180914044488
2026-09-14 09:51:00-04:00,760.37,760.4204,760.06,760.1,81027.850226,1640,760.2257148425763
2026-09-14 09:52:00-04:00,760.11,760.59,760.09,760.325,105045.321747,2019,760.339435378457
2026-09-14 09:53:00-04:00,760.32,760.5288,760.22,760.47,85813.532252,1554,760.3645127081686
2026-09-14 09:54:00-04:00,760.479,760.479,760.16,760.1749,99401.261124,1641,760.3154533969995
2026-09-14 09:55:00-04:00,760.18,760.25,759.91,760.01,120136.429148,1865,760.0575983691934
2026-09-14 09:56:00-04:00,760.005,760.06,759.84,760.05,69776.104254,1190,759.9503226131901
2026-09-14 09:57:00-04:00,760.035,760.07,759.8,760.05,74320.850717,1263,759.9108802900424
2026-09-14 09:58:00-04:00,760.04,760.21,759.76,760.015,98530.236962,1533,760.0060780910875
2026-09-14 09:59:00-04:00,760.01,760.14,759.94,759.99,83025.977928,1357,760.0295999031656
2026-09-14 10:00:00-04:00,759.97,760.39,759.91,760.28,73469.378164,1571,760.2223873220457
2026-09-14 10:01:00-04:00,760.29,760.59,760.2,760.555,146571.361345,2121,760.4052761471011
2026-09-14 10:02:00-04:00,760.558,760.58,760.18,760.1899,98829.517119,1796,760.3976477428943
2026-09-14 10:03:00-04:00,760.19,760.39,760.19,760.2877,61779.180984,1146,760.311514494362
2026-09-14 10:04:00-04:00,760.28,760.47,760.27,760.456,68896.332356,1229,760.3625903700229
2026-09-14 10:05:00-04:00,760.44,760.5288,760.32,760.37,46389.025738,1074,760.4145011505353
2026-09-14 10:06:00-04:00,760.37,760.85,760.36,760.745,113429.970851,1857,760.6830528022134
2026-09-14 10:07:00-04:00,760.7401,760.952,760.7,760.9319,101265.306002,1515,760.8446286904253
2026-09-14 10:08:00-04:00,760.94,761.12,760.8954,760.995,70098.545026,1344,761.0102628784027
2026-09-14 10:09:00-04:00,760.99,761.03,760.84,760.85,54731.649918,1084,760.9543560619094
2026-09-14 10:10:00-04:00,760.85,761.02,760.5979,760.715,70769.467599,1238,760.8873297998823
2026-09-14 10:11:00-04:00,760.7256,760.918,760.6706,760.7,94803.971943,1293,760.7923858936816
2026-09-14 10:12:00-04:00,760.695,760.8329,760.42,760.4776,109018.324124,1900,760.5934496765395
2026-09-14 10:13:00-04:00,760.47,760.72,760.42,760.645,64161.728736,1518,760.5048546850091
2026-09-14 10:14:00-04:00,760.6576,760.7369,760.43,760.44,39965.03849,1240,760.6012664209362
2026-09-14 10:15:00-04:00,760.46,760.66,760.41,760.434,68756.40576,1737,760.535760702079
2026-09-14 10:16:00-04:00,760.4376,760.48,760.23,760.3388,48688.986779,1346,760.3184926925817
2026-09-14 10:17:00-04:00,760.2936,760.3388,760.0,760.0976,67860.58162699999,1521,760.1948102776025
2026-09-14 10:18:00-04:00,760.08,760.12,759.81,759.8565,78842.588207,1664,759.9826580489869
2026-09-14 10:19:00-04:00,759.85,759.9188,759.77,759.8646,46782.24632,1367,759.8323175648619
2026-09-14 10:20:00-04:00,759.85,759.87,759.53,759.57,83659.005845,1792,759.6767946230469
2026-09-14 10:21:00-04:00,759.56,759.9068,759.23,759.3239,113545.929161,1964,759.4586520270316
2026-09-14 10:22:00-04:00,759.33,760.1184,759.17,759.2928,118533.711421,2157,759.2555190224349
2026-09-14 10:23:00-04:00,759.29,759.3976,759.17,759.24,116160.860886,1910,759.244063929038
2026-09-14 10:24:00-04:00,759.25,759.27,758.81,758.82,181671.492004,3392,759.0072429225553
2026-09-14 10:25:00-04:00,758.8276,758.87,758.59,758.6,90691.343737,2159,758.7852774482484
2026-09-14 10:26:00-04:00,758.59,758.7271,758.23,758.37,168984.136313,3109,758.4122312051448
2026-09-14 10:27:00-04:00,758.37,759.1433,758.32,758.5576,129603.984702,2302,758.4259229908898
2026-09-14 10:28:00-04:00,758.54,758.84,758.51,758.6376,130690.819063,2152,758.6889023709615
2026-09-14 10:29:00-04:00,758.62,758.86,758.46,758.8488,79227.202861,1999,758.6432557919801
2026-09-14 10:30:00-04:00,758.82,758.9564,758.68,758.7264,85440.127876,1939,758.8563609625222
2026-09-14 10:31:00-04:00,758.68,758.8664,758.53,758.73,62523.289018,1665,758.6858853814593
2026-09-14 10:32:00-04:00,758.74,758.8764,758.61,758.8676,42312.110888,1359,758.7306310746332
2026-09-14 10:33:00-04:00,758.8655,758.9564,758.7372,758.9412,79394.012116,1474,758.8820559086419
2026-09-14 10:34:00-04:00,758.93,759.14,758.8764,759.1,113093.530668,2045,759.0706463751137
2026-09-14 10:35:00-04:00,759.1,759.1288,758.63,758.68,91159.860834,1574,758.8043330371285
2026-09-14 10:36:00-04:00,758.68,758.9052,758.38,758.3888,93987.249651,1818,758.5873428410254
2026-09-14 10:37:00-04:00,758.39,758.53,758.34,758.5099,85170.439167,1669,758.4419050064629
2026-09-14 10:38:00-04:00,758.7477,758.7477,758.33,758.4329,71101.885433,1428,758.439784447673
2026-09-14 10:39:00-04:00,758.44,758.7221,758.3,758.4976,45263.479331,1284,758.3689143791345
2026-09-14 10:40:00-04:00,758.48,758.49,758.18,758.25,70350.284546,1687,758.3026260730825
2026-09-14 10:41:00-04:00,758.24,758.6516,758.12,758.1988,61217.985973,1504,758.2004272037951
2026-09-14 10:42:00-04:00,758.19,758.52,758.175,758.46,149228.463371,2479,758.4097691774978
2026-09-14 10:43:00-04:00,758.4451,758.49,758.2,758.2788,67721.901174,1367,758.2746522779604
2026-09-14 10:44:00-04:00,758.27,758.68,758.24,758.67,51246.846051,1457,758.4350419587006
2026-09-14 10:45:00-04:00,758.67,758.92,758.4143,758.884,89370.95223,2015,758.7915123514211
2026-09-14 10:46:00-04:00,758.8976,759.0376,758.71,758.7676,101491.146909,2047,758.9041703483997
2026-09-14 10:47:00-04:00,758.76,758.9026,758.46,758.5888,60626.320329,1636,758.597730399363
2026-09-14 10:48:00-04:00,758.59,758.79,758.4982,758.67,29582.795179,1200,758.6841984657808
2026-09-14 10:49:00-04:00,758.6776,758.7722,758.48,758.6376,39885.458398,1197,758.6087293220343
2026-09-14 10:50:00-04:00,758.63,758.6588,758.3,758.3976,52405.073216,1267,758.4761004870262
2026-09-14 10:51:00-04:00,758.39,758.55,758.31,758.46,49536.848731,1299,758.4261936498516
2026-09-14 10:52:00-04:00,758.45,758.4676,758.21,758.2288,196552.621423,1944,758.3191036815515
2026-09-14 10:53:00-04:00,758.2219,758.3628,758.14,758.1488,53797.228651,1320,758.222040046484
2026-09-14 10:54:00-04:00,758.1576,758.3294,758.11,758.225,81301.970516,1720,758.1965197537666
2026-09-14 10:55:00-04:00,758.2364,758.24,757.93,758.08,128240.024541,2650,758.0522242781117
2026-09-14 10:56:00-04:00,758.08,758.0988,757.9536,758.0588,71312.508954,1564,758.0139801632189
2026-09-14 10:57:00-04:00,758.05,758.35,757.96,758.3276,188177.82016,2981,758.1633403023794
2026-09-14 10:58:00-04:00,758.3288,758.5,758.18,758.5,47456.257577,1645,758.3618006460631
2026-09-14 10:59:00-04:00,758.51,758.6076,758.2323,758.6076,46000.707688,1443,758.4596622487123
2026-09-14 11:00:00-04:00,758.59,758.61,758.415,758.5194,43884.17838,1483,758.5133578675295
2026-09-14 11:01:00-04:00,758.51,758.5376,758.18,758.4676,40621.249119,1274,758.3521800679533
2026-09-14 11:02:00-04:00,758.4576,758.57,758.3,758.33,75391.813582,1711,758.4328436440287
2026-09-14 11:03:00-04:00,758.33,758.55,758.29,758.5276,35713.703752,1117,758.4545503367613
2026-09-14 11:04:00-04:00,758.4381,758.53,758.15,758.18,46205.042118,1119,758.3144432422143
2026-09-14 11:05:00-04:00,758.1801,759.64,758.16,759.11,565536.47874,8145,759.095661502167
2026-09-14 11:06:00-04:00,759.11,759.88,759.07,759.425,399475.094238,6237,759.4763956523499
2026-09-14 11:07:00-04:00,759.4864,759.67,759.0395,759.2764,141576.663569,2434,759.2495964931572
2026-09-14 11:08:00-04:00,759.27,759.55,758.9501,759.1808,75377.997935,1540,759.0853801048876
2026-09-14 11:09:00-04:00,759.1829,759.3721,759.055,759.1264,52139.645369,1264,759.2002439242322
2026-09-14 11:10:00-04:00,759.12,759.21,759.0,759.1093,58851.128083,1316,759.0976213404338
2026-09-14 11:11:00-04:00,759.1064,759.149,758.7967,758.82,68337.304848,1387,758.929539429608
2026-09-14 11:12:00-04:00,758.82,758.91,758.77,758.815,36394.410768,1088,758.826875933293
2026-09-14 11:13:00-04:00,758.83,759.0164,758.8,758.96,43270.988594,1106,758.909489652206
2026-09-14 11:14:00-04:00,758.96,759.1836,758.628,758.6388,30322.355748,1010,758.8731312770988
2026-09-14 11:15:00-04:00,758.62,758.83,758.52,758.7676,64446.807795,1386,758.6684982224681
2026-09-14 11:16:00-04:00,758.7676,758.9776,758.56,758.96,70619.537449,1499,758.7584231206959
2026-09-14 11:17:00-04:00,758.965,759.18,758.92,759.03,37157.022268,1125,759.0480999615212
2026-09-14 11:18:00-04:00,759.04,759.12,758.988,759.0276,44457.450495,1188,759.0284071511358
2026-09-14 11:19:00-04:00,759.03,759.1876,758.8975,759.0701,32488.706074,1009,759.0888809130977
2026-09-14 11:20:00-04:00,759.07,759.2076,759.0027,759.099,38165.599157,1106,759.1013929224592
2026-09-14 11:21:00-04:00,759.09,759.23,758.99,759.1344,53370.35711,1426,759.1198317498742
2026-09-14 11:22:00-04:00,759.1388,759.33,759.12,759.13,54473.034363,1370,759.2259551508429
2026-09-14 11:23:00-04:00,759.1224,759.3899,759.1,759.3176,40609.107246,1269,759.2297126334552
2026-09-14 11:24:00-04:00,759.31,759.58,759.0043,759.545,52506.950309,1649,759.4544916418183
2026-09-14 11:25:00-04:00,759.548,759.64,759.32,759.405,42680.276969,1278,759.498803281141
2026-09-14 11:26:00-04:00,759.405,759.71,759.365,759.71,37292.508604,1147,759.5754943397787
2026-09-14 11:27:00-04:00,759.715,759.8976,759.2643,759.64,99668.88149,1797,759.7843083667007
2026-09-14 11:28:00-04:00,759.64,759.7764,759.625,759.71,40377.988537,1051,759.6943745320063
2026-09-14 11:29:00-04:00,759.72,759.7476,759.57,759.595,36839.639375,1016,759.6321409729272
2026-09-14 11:30:00-04:00,759.57,759.78,759.4677,759.7276,78695.249126,1457,759.6904568980383
2026-09-14 11:31:00-04:00,759.72,759.74,759.45,759.52,102179.718098,1147,759.5083837824112
2026-09-14 11:32:00-04:00,759.53,760.4,759.47,760.22,427305.711743,6683,760.0487107564343
2026-09-14 11:33:00-04:00,760.22,760.61,759.93,760.55,160132.91414,2658,760.2062133807025
2026-09-14 11:34:00-04:00,760.5464,760.9,760.11,760.8364,141385.40158,2402,760.6571518793401
2026-09-14 11:35:00-04:00,760.807,761.05,760.0808,760.6876,197543.846104,2779,760.8539976262269
2026-09-14 11:36:00-04:00,760.6676,760.8481,760.45,760.5864,89040.266743,1532,760.6203438457936
2026-09-14 11:37:00-04:00,760.58,761.13,760.57,761.1,107894.016663,1877,760.855671778915
2026-09-14 11:38:00-04:00,761.1025,761.21,760.3163,761.16,101954.321885,1816,761.0812667658538
2026-09-14 11:39:00-04:00,761.1488,761.24,760.4004,761.2176,126222.254799,1871,761.155291598532
2026-09-14 11:40:00-04:00,761.22,761.7,760.442,761.25,129311.849498,2284,761.293107861176
2026-09-14 11:41:00-04:00,761.25,761.66,760.97,761.6276,133595.277815,2102,761.2898337311887
2026-09-14 11:42:00-04:00,761.625,761.8276,760.825,761.4864,111860.118104,1786,761.6852820621939
2026-09-14 11:43:00-04:00,761.49,762.0,761.4379,761.9848,130966.089579,2112,761.7931401870738
2026-09-14 11:44:00-04:00,761.9701,762.24,761.97,762.1076,119940.175393,1944,762.124560464368
2026-09-14 11:45:00-04:00,762.1,762.15,761.86,761.8776,79456.109202,1572,761.977206589943
2026-09-14 11:46:00-04:00,761.865,761.9,761.44,761.73,105532.179682,1854,761.709059133804
2026-09-14 11:47:00-04:00,761.74,761.8,761.5033,761.66,61803.9871,1441,761.6541284959288
2026-09-14 11:48:00-04:00,761.6676,761.8064,761.51,761.774,87700.625979,1687,761.6332979201914
2026-09-14 11:49:00-04:00,761.7576,761.77,761.47,761.4876,60182.003974,1437,761.6280724556061
2026-09-14 11:50:00-04:00,761.47,761.5876,761.28,761.4476,85924.027922,1883,761.3992255125537
2026-09-14 11:51:00-04:00,761.4476,761.5676,761.33,761.5676,51678.410474,1231,761.4335505803726
2026-09-14 11:52:00-04:00,761.5676,761.8164,761.54,761.62,64340.439986,1377,761.6712031618906
2026-09-14 11:53:00-04:00,761.6176,761.89,761.54,761.83,85111.438599,1336,761.7283361729172
2026-09-14 11:54:00-04:00,761.8328,761.8764,761.66,761.83,52486.005574,1157,761.7767839102441
2026-09-14 11:55:00-04:00,761.83,761.8388,761.6888,761.765,39924.48105,1023,761.7667985836785
2026-09-14 11:56:00-04:00,761.765,761.8,761.68,761.77,38798.526585,1040,761.7530282606996
2026-09-14 11:57:00-04:00,761.76,761.9,761.6423,761.855,61984.641244,1138,761.8295982782531
2026-09-14 11:58:00-04:00,761.86,762.03,761.85,761.85,49144.085417,1170,761.93961156158
2026-09-14 11:59:00-04:00,761.8764,761.889,761.6756,761.7777,44468.762539,1072,761.7967808908269
2026-09-14 12:00:00-04:00,761.77,761.92,761.595,761.595,40884.494241,1077,761.8116641972942
2026-09-14 12:01:00-04:00,761.5988,761.8061,761.44,761.4588,61900.956278,1303,761.5632035895769
2026-09-14 12:02:00-04:00,761.45,761.5519,761.34,761.4,36813.070498,990,761.4337346206438
2026-09-14 12:03:00-04:00,761.4076,761.58,761.34,761.5276,40415.77884,1054,761.4568986813382
2026-09-14 12:04:00-04:00,761.5276,761.5576,761.32,761.32,26124.355912,916,761.4488754837962
2026-09-14 12:05:00-04:00,761.328,761.36,761.22,761.34,36145.988142,1044,761.2975611215805
2026-09-14 12:06:00-04:00,761.345,761.5,761.32,761.39,37728.259991,1166,761.392797329348
2026-09-14 12:07:00-04:00,761.3964,761.52,761.33,761.42,50420.63442,1195,761.4278008779173
2026-09-14 12:08:00-04:00,761.4276,761.515,761.2,761.3288,41843.079931,1081,761.3013680645673
2026-09-14 12:09:00-04:00,761.33,761.4682,761.29,761.4,18602.95969,830,761.379451333933
2026-09-14 12:10:00-04:00,761.4,761.6088,761.3576,761.43,32126.222309,1116,761.4917450189893
2026-09-14 12:11:00-04:00,761.43,761.5988,761.4,761.5288,24677.984738,854,761.5075225976339
2026-09-14 12:12:00-04:00,761.5188,761.67,761.49,761.605,40452.597651000004,1095,761.5684216423715
2026-09-14 12:13:00-04:00,761.6,761.61,761.5,761.5,36037.081797,991,761.56360429337
2026-09-14 12:14:00-04:00,761.5076,761.5676,761.42,761.476,25676.664824,899,761.4836708734591
2026-09-14 12:15:00-04:00,761.47,762.1476,761.4413,762.085,85510.866759,1824,761.8609197416679
2026-09-14 12:16:00-04:00,762.0888,762.3164,761.5523,762.16,42664.796513,1290,762.1819203420124
2026-09-14 12:17:00-04:00,762.16,762.33,761.9875,762.315,42307.741573,1067,762.1625220588542
2026-09-14 12:18:00-04:00,762.31,762.43,762.25,762.3788,70490.248661,1307,762.3757936803822
2026-09-14 12:19:00-04:00,762.375,762.45,762.32,762.36,35888.822859,947,762.3789924617173
2026-09-14 12:20:00-04:00,762.37,762.3976,762.11,762.2288,64062.689923,1120,762.2321511180894
2026-09-14 12:21:00-04:00,762.229,762.24,762.02,762.0839,47931.090696,1091,762.1363773990391
2026-09-14 12:22:00-04:00,762.08,762.215,762.04,762.1476,49859.146884,1141,762.1175504294823
2026-09-14 12:23:00-04:00,762.1564,762.46,762.1,762.46,49100.227777,855,762.1932987353089
2026-09-14 12:24:00-04:00,762.45,762.6,762.2685,762.4,41038.972293,713,762.4840315009322
2026-09-14 12:25:00-04:00,762.41,762.46,762.18,762.185,57862.42279,1027,762.2972426484848
2026-09-14 12:26:00-04:00,762.1881,762.2575,761.94,761.948,61517.95782,1050,762.0344216866526
2026-09-14 12:27:00-04:00,761.94,762.1806,761.88,762.08,51500.772068,806,761.9418441331501
2026-09-14 12:28:00-04:00,762.0743,762.0743,761.9,761.9,64805.119951,961,761.984603279216
2026-09-14 12:29:00-04:00,761.9171,762.0737,761.91,762.026,35102.559964,602,761.9779295592487
2026-09-14 12:30:00-04:00,762.01,762.14,761.95,762.05,25525.067185,598,762.0544794036963
2026-09-14 12:31:00-04:00,762.045,762.45,761.9861,762.08,152076.052193,2327,762.2478673987994
2026-09-14 12:32:00-04:00,762.095,762.33,762.01,762.12,69030.691275,1069,762.1660152114443
2026-09-14 12:33:00-04:00,762.14,762.27,762.1101,762.21,13358.287479,400,762.2205813887936
2026-09-14 12:34:00-04:00,762.195,762.29,761.95,761.965,18924.038043,573,762.1128701719547
2026-09-14 12:35:00-04:00,761.97,761.9864,761.83,761.8999,36876.078408,827,761.8808656628621
2026-09-14 12:36:00-04:00,761.9,762.0884,761.8765,761.925,31971.678645,669,761.9148850879153
2026-09-14 12:37:00-04:00,761.92,762.1,761.87,761.9801,39177.253568,737,761.9691805154985
2026-09-14 12:38:00-04:00,761.98,762.13,761.95,762.0364,28929.202446,703,762.0294299887307
2026-09-14 12:39:00-04:00,762.02,762.0719,761.9,762.05,19470.325423,537,761.9829394412577
2026-09-14 12:40:00-04:00,762.05,762.11,761.92,762.11,26829.988553,663,761.9787107648232
2026-09-14 12:41:00-04:00,762.12,762.1395,762.0,762.1395,20361.340412,580,762.0674905990728
2026-09-14 12:42:00-04:00,762.14,762.14,761.97,762.09,25800.253934,708,762.0452499404813
2026-09-14 12:43:00-04:00,762.0764,762.24,762.0186,762.185,32556.034318,622,762.1492963141418
2026-09-14 12:44:00-04:00,762.17,762.33,762.1,762.32,36931.797147,714,762.1934435669697
2026-09-14 12:45:00-04:00,762.32,762.33,762.0412,762.13,33039.496427,703,762.1662268313083
2026-09-14 12:46:00-04:00,762.14,762.2,762.0671,762.1688,24826.032035,578,762.1505023018142
2026-09-14 12:47:00-04:00,762.17,762.88,762.14,762.68,130612.529974,2214,762.6625403212095
2026-09-14 12:48:00-04:00,762.66,763.45,762.3118,763.345,177330.940182,2385,763.1737165363096
2026-09-14 12:49:00-04:00,763.345,763.5,763.17,763.2639,111013.639593,1624,763.3018109899524
2026-09-14 12:50:00-04:00,763.28,763.32,763.1,763.2,52503.784351,968,763.1963560636464
2026-09-14 12:51:00-04:00,763.2,763.3798,763.12,763.365,45970.324388,742,763.2622453880824
2026-09-14 12:52:00-04:00,763.34,763.52,763.23,763.44,63034.426092,871,763.3565113420415
2026-09-14 12:53:00-04:00,763.4665,763.48,763.27,763.28,44273.154032,826,763.3640133229674
2026-09-14 12:54:00-04:00,763.29,763.2964,763.02,763.05,43148.195894,784,763.1333177295319
2026-09-14 12:55:00-04:00,763.06,763.11,762.98,763.01,31033.164536,664,763.0363865862971
2026-09-14 12:56:00-04:00,763.01,763.1122,762.82,762.84,52542.644711,884,762.9306722175313
2026-09-14 12:57:00-04:00,762.85,762.91,762.69,762.735,46541.408247,831,762.7832724370851
2026-09-14 12:58:00-04:00,762.74,763.18,762.568,762.63,61642.387938,882,762.6650463824981
2026-09-14 12:59:00-04:00,762.629,763.0796,762.62,762.9078,61067.395758,779,762.7388743437316
2026-09-14 13:00:00-04:00,762.905,763.06,762.7225,762.99,32665.906523999998,724,762.9293517479263
2026-09-14 13:01:00-04:00,762.9971,763.0,762.73,762.755,35528.675366,732,762.8100951343262
2026-09-14 13:02:00-04:00,762.75,762.88,762.68,762.7029,51396.853773,605,762.7618694372571
2026-09-14 13:03:00-04:00,762.7,762.7634,762.53,762.63,55327.149201,815,762.6294971565336
2026-09-14 13:04:00-04:00,762.6372,762.7404,762.6,762.66,22897.153175,481,762.6673999882448
2026-09-14 13:05:00-04:00,762.67,762.7469,762.59,762.66,22956.483599,604,762.6410435592426
2026-09-14 13:06:00-04:00,762.665,762.81,762.6418,762.6854,18666.624998,569,762.7174839471775
2026-09-14 13:07:00-04:00,762.68,762.6964,762.5,762.51,68299.884403,899,762.5845303872135
2026-09-14 13:08:00-04:00,762.51,762.6266,762.399,762.5,43680.679156,907,762.4617836359444
2026-09-14 13:09:00-04:00,762.5,762.676,762.34,762.45,28031.651754,731,762.4264120902342
2026-09-14 13:10:00-04:00,762.46,762.637,762.39,762.4505,21326.372351,671,762.4855931348923
2026-09-14 13:11:00-04:00,762.47,762.72,762.45,762.61,48610.487399,757,762.5802518147061
2026-09-14 13:12:00-04:00,762.61,762.86,762.5979,762.61,57704.29508,880,762.7836117836569
2026-09-14 13:13:00-04:00,762.61,762.7797,762.355,762.3627,32242.294839,629,762.5205310597545
2026-09-14 13:14:00-04:00,762.37,762.4391,762.18,762.185,61523.566675,952,762.2948147745403
2026-09-14 13:15:00-04:00,762.1807,762.367,762.0902,762.19,34386.29247,685,762.1612803380463
2026-09-14 13:16:00-04:00,762.181,762.3213,762.09,762.17,33332.346929,553,762.1628165322455
2026-09-14 13:17:00-04:00,762.17,762.4589,762.07,762.13,41161.998322,774,762.1645134702203
2026-09-14 13:18:00-04:00,762.12,762.1656,761.9,762.085,42379.304978,852,762.007062314219
2026-09-14 13:19:00-04:00,762.08,762.14,762.04,762.0699,19924.174826,464,762.0849879986913
2026-09-14 13:20:00-04:00,762.055,762.35,762.04,762.269,40857.889956,794,762.2085086704665
2026-09-14 13:21:00-04:00,762.26,762.3299,762.08,762.17,17178.87023,476,762.1614431228811
2026-09-14 13:22:00-04:00,762.17,762.38,762.16,762.34,24897.357917,581,762.267164565223
2026-09-14 13:23:00-04:00,762.345,762.42,762.2085,762.3,28866.459107,598,762.3537478767648
2026-09-14 13:24:00-04:00,762.31,762.3855,762.24,762.29,16797.65209,585,762.29963579544
2026-09-14 13:25:00-04:00,762.29,762.48,762.23,762.265,35897.312264,718,762.375160674539
2026-09-14 13:26:00-04:00,762.26,762.38,762.18,762.38,26531.164011,531,762.2690078061692
2026-09-14 13:27:00-04:00,762.36,762.41,762.21,762.385,25796.189091,513,762.2724452542628
2026-09-14 13:28:00-04:00,762.4,762.58,762.2302,762.54,32229.897995,592,762.4806723654672
2026-09-14 13:29:00-04:00,762.55,762.7299,762.47,762.72,21808.578204,653,762.6018250122938
2026-09-14 13:30:00-04:00,762.72,762.8212,762.52,762.8212,32027.758997,814,762.6436667769882
2026-09-14 13:31:00-04:00,762.81,762.83,762.636,762.6745,34463.384731,853,762.7535415941185
2026-09-14 13:32:00-04:00,762.67,762.8555,762.67,762.7355,28846.78426,717,762.7395921284933
2026-09-14 13:33:00-04:00,762.725,762.74,762.49,762.6021,49402.598745,1064,762.6077515029035
2026-09-14 13:34:00-04:00,762.615,762.68,762.5243,762.64,27170.306903,533,762.624158478967
2026-09-14 13:35:00-04:00,762.6554,762.732,762.51,762.55,28416.4436,622,762.6315618150766
2026-09-14 13:36:00-04:00,762.5477,762.7,762.5473,762.6173,18247.170317,451,762.6066444569258
2026-09-14 13:37:00-04:00,762.623,762.74,762.58,762.7337,79097.321079,1087,762.6867263308363
2026-09-14 13:38:00-04:00,762.73,762.87,762.65,762.78,40195.022917,813,762.7807923356138
2026-09-14 13:39:00-04:00,762.785,762.84,762.7053,762.84,44949.698123,658,762.8039273977217
2026-09-14 13:40:00-04:00,762.83,762.84,762.7,762.81,37571.25995,704,762.7865272404961
2026-09-14 13:41:00-04:00,762.8064,762.8064,762.58,762.58,45152.891271,706,762.6937287921147
2026-09-14 13:42:00-04:00,762.58,762.67,762.54,762.56,17945.099549,547,762.614552212072
2026-09-14 13:43:00-04:00,762.57,762.7214,762.53,762.71,17800.138988,541,762.5915226976939
2026-09-14 13:44:00-04:00,762.7099,762.75,762.56,762.6248,35483.998073,765,762.6600961743171
2026-09-14 13:45:00-04:00,762.615,762.76,762.55,762.6214,45308.86707,635,762.6460892043508
2026-09-14 13:46:00-04:00,762.61,762.7,762.56,762.629,39518.150159,777,762.6353390512537
2026-09-14 13:47:00-04:00,762.6085,762.79,762.6085,762.76,22059.917064,528,762.6914347874765
2026-09-14 13:48:00-04:00,762.76,762.85,762.7029,762.78,32453.737728,662,762.7929489198658
2026-09-14 13:49:00-04:00,762.79,762.82,762.63,762.645,40983.827264,4085,762.7162574833756
2026-09-14 13:50:00-04:00,762.64,762.74,762.575,762.59,48898.824954,3022,762.6612908982034
2026-09-14 13:51:00-04:00,762.61,762.7099,762.6,762.645,34302.440251,578,762.6367045068561
2026-09-14 13:52:00-04:00,762.68,762.86,762.65,762.82,24548.81071,697,762.7609301792079
2026-09-14 13:53:00-04:00,762.8299,762.8433,762.69,762.72,48201.111459,727,762.7823714032241
2026-09-14 13:54:00-04:00,762.73,762.8699,762.697,762.7701,17975.213205,541,762.7881244412423
2026-09-14 13:55:00-04:00,762.78,762.8424,762.7169,762.78,41192.762974,532,762.7775897264958
2026-09-14 13:56:00-04:00,762.79,762.86,762.72,762.785,23197.798168,628,762.7997186395778
2026-09-14 13:57:00-04:00,762.7923,762.8,762.6,762.655,34506.666532,530,762.7140045638972
2026-09-14 13:58:00-04:00,762.64,762.7618,762.43,762.45,24092.854621,623,762.5493473263266
2026-09-14 13:59:00-04:00,762.46,762.7126,762.336,762.35,24780.065083,609,762.4039223153673
2026-09-14 14:00:00-04:00,762.37,762.83,762.34,762.46,119871.95847,1749,762.5531783323056
2026-09-14 14:01:00-04:00,762.465,762.5633,762.39,762.505,69739.257095,739,762.452983270637
2026-09-14 14:02:00-04:00,762.505,762.55,762.41,762.44,68337.995588,777,762.4894714255208
2026-09-14 14:03:00-04:00,762.43,762.4881,762.19,762.24,25425.836121,565,762.3324444934336
2026-09-14 14:04:00-04:00,762.24,762.34,762.1986,762.24,51692.55939,657,762.2868263961819
2026-09-14 14:05:00-04:00,762.5242,762.5242,762.12,762.27,42461.411803,657,762.1995270660935
2026-09-14 14:06:00-04:00,762.255,762.35,762.19,762.23,34338.535359,739,762.2782977127655
2026-09-14 14:07:00-04:00,762.22,762.43,762.21,762.37,48582.097372,849,762.2847367337718
2026-09-14 14:08:00-04:00,762.39,762.59,762.3356,762.5332,27603.079502,720,762.500129184058
2026-09-14 14:09:00-04:00,762.54,762.57,762.41,762.4399,26253.508951,510,762.4591805858227
2026-09-14 14:10:00-04:00,762.43,762.45,762.325,762.419,22180.66653,528,762.3980711015223
2026-09-14 14:11:00-04:00,762.41,762.46,762.28,762.28,33973.669532,579,762.3710731930225
2026-09-14 14:12:00-04:00,762.275,766.26,762.22,762.26,31158.82936,687,762.256576598199
2026-09-14 14:13:00-04:00,762.27,762.3282,762.16,762.2074,25822.312749,539,762.2075948371443
2026-09-14 14:14:00-04:00,762.214,762.345,762.18,762.32,31466.640036,637,762.2806970204122
2026-09-14 14:15:00-04:00,762.35,762.4898,762.28,762.43,30919.007101,634,762.364796694351
2026-09-14 14:16:00-04:00,762.44,762.44,762.24,762.32,18826.416830000002,483,762.3127437812449
2026-09-14 14:17:00-04:00,762.32,762.3473,762.2,762.28,15915.145943,468,762.2614271242937
2026-09-14 14:18:00-04:00,762.265,762.3289,762.17,762.3143,29674.480362000002,496,762.2190748818819
2026-09-14 14:19:00-04:00,762.225,762.32,762.2187,762.28,19783.694005,417,762.2815753077971
2026-09-14 14:20:00-04:00,762.27,762.33,762.24,762.25,27354.918721,489,762.2884534338459
2026-09-14 14:21:00-04:00,762.256,762.31,762.16,762.17,22125.431589,520,762.2514851511943
2026-09-14 14:22:00-04:00,762.18,762.2673,762.11,762.196,33802.603143,593,762.1708487385657
2026-09-14 14:23:00-04:00,762.19,762.22,762.1,762.13,16127.329708,472,762.1605338068156
2026-09-14 14:24:00-04:00,762.133,762.22,762.1,762.1295,49341.940107,582,762.182982042912
2026-09-14 14:25:00-04:00,762.11,762.19,762.08,762.16,35641.273837,692,762.1407827053181
2026-09-14 14:26:00-04:00,762.16,762.19,762.06,762.14,28368.369046,546,762.1241016367475
2026-09-14 14:27:00-04:00,762.14,762.1939,762.0,762.0114,26507.851077,635,762.0684261552667
2026-09-14 14:28:00-04:00,762.01,762.01,761.91,761.9401,51608.192806,864,761.9568136190618
2026-09-14 14:29:00-04:00,761.95,762.1376,758.01,762.03,19958.144078,480,761.9985449016305
2026-09-14 14:30:00-04:00,762.03,762.15,762.0037,762.055,41892.53434,715,762.0734128459509
2026-09-14 14:31:00-04:00,762.05,762.0908,761.97,762.02,27356.741018,650,762.0308178531741
2026-09-14 14:32:00-04:00,762.03,762.14,762.0,762.084,30747.644567,594,762.0815467954669
2026-09-14 14:33:00-04:00,762.08,762.33,762.08,762.265,60884.599581,1003,762.2156810734054
2026-09-14 14:34:00-04:00,762.27,762.3595,762.2101,762.23,28678.551687,639,762.2728954064476
2026-09-14 14:35:00-04:00,762.225,762.32,762.19,762.31,30734.294397,770,762.2435473077944
2026-09-14 14:36:00-04:00,762.32,762.41,762.1094,762.35,29764.337394,694,762.3412917207655
2026-09-14 14:37:00-04:00,762.34,762.47,762.32,762.39,28194.780384,566,762.4039619358778
2026-09-14 14:38:00-04:00,762.385,762.425,762.36,762.39,23661.988031,623,762.3948883613118
2026-09-14 14:39:00-04:00,762.39,762.3947,762.2201,762.3715,43003.38061,797,762.3589936572729
2026-09-14 14:40:00-04:00,762.34,762.4,762.2444,762.395,64459.447606,914,762.3323124972038
2026-09-14 14:41:00-04:00,762.4,762.49,762.2856,762.42,42501.117747,933,762.4119263668504
2026-09-14 14:42:00-04:00,762.43,762.49,762.3286,762.46,25490.857044,747,762.4281032561597
2026-09-14 14:43:00-04:00,762.46,762.5219,762.41,762.45,40226.644057,1023,762.4651430578677
2026-09-14 14:44:00-04:00,762.45,762.46,762.35,762.35,35029.863981,1014,762.3891053909869
2026-09-14 14:45:00-04:00,762.35,762.43,762.34,762.39,40496.947603,1020,762.3683532349722
2026-09-14 14:46:00-04:00,762.378434,762.42,762.11,762.19,101139.671303,1684,762.2575378669943
2026-09-14 14:47:00-04:00,762.19,762.7,762.13,762.3149,89220.723145,1295,762.2333884225092
2026-09-14 14:48:00-04:00,762.31,762.52,762.2732,762.5,42815.715668,819,762.3959355554499
2026-09-14 14:49:00-04:00,762.51,762.54,762.3363,762.5,34161.203567,854,762.4912972227952
2026-09-14 14:50:00-04:00,762.5,762.55,762.3451,762.46,23531.182204,706,762.4787472824461
2026-09-14 14:51:00-04:00,762.45,762.4797,762.33,762.37,31559.993045,623,762.3915132751123
2026-09-14 14:52:00-04:00,762.37,762.46,762.35,762.45,37414.134473,706,762.4063489337444
2026-09-14 14:53:00-04:00,762.45,762.47,762.34,762.4,40329.24585,747,762.3892835704135
2026-09-14 14:54:00-04:00,762.4055,762.41,762.27,762.315,34130.047313,739,762.3576215526841
2026-09-14 14:55:00-04:00,762.31,762.38,762.24,762.38,61292.66722,1073,762.2999622974592
2026-09-14 14:56:00-04:00,762.385,762.47,762.3126,762.41,84568.491601,1679,762.4271657929864
2026-09-14 14:57:00-04:00,762.415,762.45,762.24,762.25,39276.009655,1138,762.3556664978584
2026-09-14 14:58:00-04:00,762.25,762.3145,762.09,762.1477,47346.761974,1225,762.1590632021394
2026-09-14 14:59:00-04:00,762.15,762.2351,762.09,762.128,67819.92969799999,1128,762.1283090192039
2026-09-14 15:00:00-04:00,762.125,762.21,761.98,762.061,81686.895189,1345,762.0693460910478
2026-09-14 15:01:00-04:00,762.07,762.2286,761.91,761.96,54993.129308,1124,761.978679601829
2026-09-14 15:02:00-04:00,761.97,762.0,761.91,761.92,36391.998742,963,761.9683946648495
2026-09-14 15:03:00-04:00,761.93,762.2089,761.91,762.01,44832.923086,1060,761.9670645681981
2026-09-14 15:04:00-04:00,762.0,762.11,761.84,761.93,144990.812871,2055,761.9665634103337
2026-09-14 15:05:00-04:00,761.9667,762.1157,761.81,761.825,61290.186942,1079,761.9284043286182
2026-09-14 15:06:00-04:00,761.81,762.0885,761.741,761.7607,46662.710031,935,761.8216344303473
2026-09-14 15:07:00-04:00,761.76,761.83,761.74,761.75,58852.979579,1034,761.7955416146001
2026-09-14 15:08:00-04:00,761.76,761.8053,761.61,761.775,67054.888309,1250,761.675567886747
2026-09-14 15:09:00-04:00,761.78,761.95,761.7226,761.84,31876.370823,814,761.8764758905326
2026-09-14 15:10:00-04:00,761.84,761.92,761.83,761.9199,26495.945264,648,761.8691490448423
2026-09-14 15:11:00-04:00,761.91,761.93,761.81,761.89,55031.342072,818,761.8793710929748
2026-09-14 15:12:00-04:00,761.87,762.04,761.8073,761.98,36075.427435,880,761.9897408061778
2026-09-14 15:13:00-04:00,761.97,762.02,761.8834,761.9319,33890.866563,784,761.9765532034075
2026-09-14 15:14:00-04:00,761.925,762.09,761.91,762.0201,45254.127051,1023,762.0320556561788
2026-09-14 15:15:00-04:00,762.025,762.03,761.83,761.88,83266.900367,1234,761.8896812050973
2026-09-14 15:16:00-04:00,761.88,762.025,761.83,761.855,33686.02818,859,761.886037241306
2026-09-14 15:17:00-04:00,761.86,761.9366,761.81,761.88,39635.119703,738,761.8628966462945
2026-09-14 15:18:00-04:00,761.88,761.9366,761.84,761.88,46971.03892,726,761.9008383716854
2026-09-14 15:19:00-04:00,761.89,761.905,761.77,761.8738,73569.418805,995,761.8266513423041
2026-09-14 15:20:00-04:00,761.87,761.93,761.77,761.8,134388.265076,1688,761.8553427250157
2026-09-14 15:21:00-04:00,761.8,761.887,761.72,761.74,64875.785977,1061,761.7892368386903
2026-09-14 15:22:00-04:00,761.745,761.755,761.649,761.7,82533.358792,981,761.702102474366
2026-09-14 15:23:00-04:00,761.7,761.8502,761.65,761.6931,42905.78385,817,761.6753977979693
2026-09-14 15:24:00-04:00,761.69,761.83,761.67,761.8,88595.122927,1280,761.7429809635115
2026-09-14 15:25:00-04:00,761.79,761.87,761.68,761.7,36735.519746,825,761.7645500661777
2026-09-14 15:26:00-04:00,761.69,761.7984,761.69,761.75,42397.439505,803,761.7409639501358
2026-09-14 15:27:00-04:00,761.75,761.83,761.71,761.72,53233.848868,858,761.776424280196
2026-09-14 15:28:00-04:00,761.73,761.82,761.705,761.78,33491.531029,975,761.7763024717797
2026-09-14 15:29:00-04:00,761.78,761.83,761.72,761.72,47295.940362,991,761.8017845317983
2026-09-14 15:30:00-04:00,761.725,761.93,761.7,761.81,70496.188353,1262,761.8296298713379
2026-09-14 15:31:00-04:00,761.805,761.9299,761.7938,761.86,70618.752636,1155,761.8635453655853
2026-09-14 15:32:00-04:00,761.86,761.9225,761.8,761.8199,52315.698743,1002,761.8699351825152
2026-09-14 15:33:00-04:00,761.8,761.85,761.7322,761.7791,61042.840817,1066,761.7859520136436
2026-09-14 15:34:00-04:00,761.7677,761.8266,761.65,761.69,71083.969324,1108,761.7332427901896
2026-09-14 15:35:00-04:00,761.7,761.7919,761.55,761.595,88696.431781,1595,761.6653188502794
2026-09-14 15:36:00-04:00,761.59,761.7794,761.56,761.59,74169.582826,1179,761.5869475164399
2026-09-14 15:37:00-04:00,761.59,761.7,761.57,761.65,79998.390833,1232,761.6218596336626
2026-09-14 15:38:00-04:00,761.64,761.69,761.62,761.6555,43878.513651,1001,761.6457894318257
2026-09-14 15:39:00-04:00,761.64,761.7221,761.58,761.6,90534.157173,1207,761.6322861165119
2026-09-14 15:40:00-04:00,761.605,761.72,761.57,761.6925,88300.717768,1289,761.6501871115648
2026-09-14 15:41:00-04:00,761.69,761.71,761.6,761.6614,107386.9097,1461,761.6499573636435
2026-09-14 15:42:00-04:00,761.64,761.68,761.56,761.59,92063.994964,1217,761.6196332941532
2026-09-14 15:43:00-04:00,761.59,761.6497,761.53,761.58,104317.064441,1333,761.5887462359967
2026-09-14 15:44:00-04:00,761.58,761.63,761.54,761.595,75567.152768,1170,761.5828974238099
2026-09-14 15:45:00-04:00,761.595,761.71,761.55,761.7,210046.139086,2309,761.6427607639798
2026-09-14 15:46:00-04:00,761.7099,761.83,761.6261,761.71,114746.599111,1754,761.7522732573773
2026-09-14 15:47:00-04:00,761.73,761.8,761.66,761.71,158255.753596,2084,761.7187183919953
2026-09-14 15:48:00-04:00,761.7059,761.73,761.64,761.695,127215.71602,2000,761.6786911650446
2026-09-14 15:49:00-04:00,761.71,761.7432,761.59,761.7182,145665.012646,2037,761.6912026882354
2026-09-14 15:50:00-04:00,761.71,761.82,761.39,761.43,374959.032191,4573,761.556182667407
2026-09-14 15:51:00-04:00,761.44,761.6154,761.35,761.6101,160696.073818,2179,761.3772659932233
2026-09-14 15:52:00-04:00,761.4,761.6047,761.265,761.33,144534.719325,2505,761.3804789171883
2026-09-14 15:53:00-04:00,761.31,761.4832,761.11,761.2365,163565.870641,2507,761.197364659602
2026-09-14 15:54:00-04:00,761.24,761.5208,761.2,761.25,185080.739898,2703,761.2532139638286
2026-09-14 15:55:00-04:00,761.25,761.265,760.805,760.985,594631.736304,7907,760.9586748480982
2026-09-14 15:56:00-04:00,760.9877,761.3359,760.915,761.0,318582.739631,4207,761.0147467602523
2026-09-14 15:57:00-04:00,761.0,761.19,760.89,761.155,449428.145279,5231,761.0928339503447
2026-09-14 15:58:00-04:00,761.155,761.34,761.04,761.1146,711483.416221,7528,761.1835605216223
2026-09-14 15:59:00-04:00,761.115,761.125,760.66,760.78,970897.137549,9372,760.843335791536
2026-09-15 09:30:00-04:00,760.117,760.3799,759.765,759.9105,572979.449378,4998,760.0905531956603
2026-09-15 09:31:00-04:00,759.91,760.01,759.11,759.14,233344.785342,2916,759.5071110570091
2026-09-15 09:32:00-04:00,759.1671,759.32,758.95,759.2,102585.883091,1893,759.1436298050626
2026-09-15 09:33:00-04:00,759.183462,760.17,758.81,758.81,125862.97618,2370,759.1065104213513
2026-09-15 09:34:00-04:00,758.825,760.17,758.726,758.92,84239.52719,1945,758.8688148144456
2026-09-15 09:35:00-04:00,758.92,760.17,758.8901,759.3901,84743.393663,1530,759.2256942746513
2026-09-15 09:36:00-04:00,759.4,759.67,759.3164,759.54,103014.800159,1814,759.4733622108527
2026-09-15 09:37:00-04:00,759.55,759.7,759.425,759.47,106328.236643,1760,759.5528886665043
2026-09-15 09:38:00-04:00,759.48,759.86,759.46,759.81,73472.830942,1470,759.6651011780921
2026-09-15 09:39:00-04:00,759.81,759.87,759.6,759.805,55372.769863,1160,759.7720326858785
2026-09-15 09:40:00-04:00,759.82,759.86,759.532,759.79,62614.763382,1401,759.7206221976904
2026-09-15 09:41:00-04:00,759.8,759.85,759.5,759.64,57160.541289,1261,759.6556153526398
2026-09-15 09:42:00-04:00,759.66,759.7,759.44,759.465,47783.518233,1166,759.5753977962162
2026-09-15 09:43:00-04:00,759.465,759.68,759.4,759.665,64357.923582,1299,759.5142726200769
2026-09-15 09:44:00-04:00,759.68,760.02,759.66,759.95,89776.916889,1684,759.8878417734951
2026-09-15 09:45:00-04:00,759.9577,760.19,759.6123,759.79,110561.089289,1759,759.9927309413548
2026-09-15 09:46:00-04:00,759.79,759.9953,759.68,759.77,83851.174227,1535,759.7755827963107
2026-09-15 09:47:00-04:00,759.765,759.795,759.445,759.535,94405.693455,1526,759.6122162470815
2026-09-15 09:48:00-04:00,759.55,759.55,759.32,759.34,44027.188728,998,759.4521387503761
2026-09-15 09:49:00-04:00,759.4521,759.4521,759.22,759.35,62743.932821,1074,759.3306499011687
2026-09-15 09:50:00-04:00,759.35,759.5401,759.23,759.2864,76302.426755,1312,759.3658499680424
2026-09-15 09:51:00-04:00,759.27,759.525,759.18,759.495,103993.681252,1375,759.3740786006814
2026-09-15 09:52:00-04:00,759.49,759.75,759.42,759.71,52468.60808,1052,759.5865268330285
2026-09-15 09:53:00-04:00,759.7,759.77,759.51,759.7388,60042.329584,868,759.6836767913672
2026-09-15 09:54:00-04:00,759.735,759.76,759.48,759.66,48520.092966,901,759.6216822052913
2026-09-15 09:55:00-04:00,759.67,759.705,759.51,759.5777,35738.07407,845,759.6099099777048
2026-09-15 09:56:00-04:00,759.57,759.6171,759.3788,759.47,49389.953369,880,759.5008776708429
2026-09-15 09:57:00-04:00,759.46,759.578,759.435,759.555,32776.593259,715,759.4982615370477
2026-09-15 09:58:00-04:00,759.56,759.59,759.4,759.55,50174.301664,1027,759.5052013296961
2026-09-15 09:59:00-04:00,759.566,759.6,759.36,759.55,54529.879503,980,759.4788862302873
2026-09-15 10:00:00-04:00,759.55,759.55,759.2,759.23,52566.130717,1255,759.3415680541159
2026-09-15 10:01:00-04:00,759.225,759.5018,759.04,759.18,89441.008035,1422,759.13630398809
2026-09-15 10:02:00-04:00,759.16,759.19,759.015,759.035,56338.921682,1058,759.1019528097257
2026-09-15 10:03:00-04:00,759.08,759.11,758.9,758.939,95472.760306,1321,758.9869252895502
2026-09-15 10:04:00-04:00,758.925,759.1,758.82,758.82,73435.948246,1214,758.987707440674
2026-09-15 10:05:00-04:00,758.82,759.09,758.81,758.89,42268.434772,1013,758.9297080238033
2026-09-15 10:06:00-04:00,758.89,759.1844,758.67,758.6777,63277.312279,1216,758.8738743822668
2026-09-15 10:07:00-04:00,758.675,758.7652,758.54,758.73,83178.859796,1589,758.6336367868729
2026-09-15 10:08:00-04:00,758.73,758.76,758.515,758.54,69891.473844,1392,758.6143236781487
2026-09-15 10:09:00-04:00,758.535,758.6237,758.48,758.5082,74545.588058,1200,758.5175278639762
2026-09-15 10:10:00-04:00,758.5,758.52,758.262,758.29,107317.643836,1809,758.4149158154414
2026-09-15 10:11:00-04:00,758.295,758.7498,758.0426,758.155,107496.044521,1797,758.1613635844944
2026-09-15 10:12:00-04:00,758.155,758.19,758.02,758.12,90649.735532,1809,758.1108741015601
2026-09-15 10:13:00-04:00,758.13,758.2872,757.93,757.93,65620.934455,1755,758.0451253991827
2026-09-15 10:14:00-04:00,757.93,758.09,757.88,757.9755,102660.554133,1769,757.9578751560745
2026-09-15 10:15:00-04:00,757.97,758.14,757.934,758.0676,73649.140479,1530,758.0426925742288
2026-09-15 10:16:00-04:00,758.0701,758.19,757.9178,758.0,69450.934883,1572,758.0510025664852
2026-09-15 10:17:00-04:00,757.99,758.2664,757.94,758.2664,64757.908594,1416,758.0807089834838
2026-09-15 10:18:00-04:00,758.26,758.43,758.1033,758.2382,124900.860368,2066,758.3059502906406
2026-09-15 10:19:00-04:00,758.235,758.33,758.13,758.21,52820.627056,1231,758.2422722528516
2026-09-15 10:20:00-04:00,758.21,758.3476,758.13,758.285,71679.930722,1357,758.2385761796504
2026-09-15 10:21:00-04:00,758.29,758.3,757.62,757.62,73340.588701,1594,757.9779321389291
2026-09-15 10:22:00-04:00,757.64,757.6688,757.42,757.45,87921.89991,1763,757.5191845159819
2026-09-15 10:23:00-04:00,757.45,758.0301,757.18,757.1988,87887.700802,1698,757.2921600891796
2026-09-15 10:24:00-04:00,757.2,757.68,757.1901,757.6338,136356.433864,2136,757.5485316685974
2026-09-15 10:25:00-04:00,757.65,757.74,757.5,757.57,54353.186691,1462,757.6339015596993
2026-09-15 10:26:00-04:00,757.58,757.65,757.47,757.5964,64126.450293,1419,757.5441996513935
2026-09-15 10:27:00-04:00,757.6,757.8149,757.48,757.5264,38062.080767,1252,757.5799360526325
2026-09-15 10:28:00-04:00,757.53,757.7376,757.5,757.6676,46810.6343,1295,757.5816488672926
2026-09-15 10:29:00-04:00,757.66,757.7,757.47,757.48,67204.133612,1700,757.583114513401
2026-09-15 10:30:00-04:00,757.49,757.65,757.22,757.249,91632.030108,1924,757.4208067033114
2026-09-15 10:31:00-04:00,757.2499,757.62,757.22,757.5876,75277.504661,1832,757.4280509246796
2026-09-15 10:32:00-04:00,757.58,757.5964,757.255,757.3358,100475.107329,1449,757.3470658505149
2026-09-15 10:33:00-04:00,757.3388,757.64,757.25,757.3676,57603.837122,1644,757.3945618694376
2026-09-15 10:34:00-04:00,757.364,757.42,757.08,757.35,212090.202853,2636,757.2775305910249
2026-09-15 10:35:00-04:00,757.34,757.61,757.3,757.44,129047.857726,2280,757.4587682647358
2026-09-15 10:36:00-04:00,757.43,757.5476,757.34,757.53,55112.923293,1298,757.4653232592248
2026-09-15 10:37:00-04:00,757.53,757.61,757.2,757.2876,78436.511991,1798,757.4569330382994
2026-09-15 10:38:00-04:00,757.2738,757.4039,757.07,757.14,59599.602237,1631,757.1483986663554
2026-09-15 10:39:00-04:00,757.13,757.28,757.05,757.14,171923.98235,2272,757.1553671533458
2026-09-15 10:40:00-04:00,757.14,757.3164,756.876,756.97,63800.46636,2113,756.9995387386253
2026-09-15 10:41:00-04:00,756.97,757.1,756.96,757.05,68704.057962,1530,757.0451384378517
2026-09-15 10:42:00-04:00,757.07,757.17,757.02,757.095,63591.173537,1568,757.1102565418634
2026-09-15 10:43:00-04:00,757.09,757.24,757.01,757.0344,77745.771606,1550,757.1394207552794
2026-09-15 10:44:00-04:00,757.04,757.21,757.02,757.2,47061.722602,1394,757.1046249864482
2026-09-15 10:45:00-04:00,757.2,757.38,757.1767,757.2576,124876.640994,2420,757.2811206171773
2026-09-15 10:46:00-04:00,757.2576,757.32,757.16,757.2,43915.459186,1209,757.2354957716277
2026-09-15 10:47:00-04:00,757.2095,757.29,757.1052,757.29,52087.608658,1355,757.16692513284
2026-09-15 10:48:00-04:00,757.28,757.2976,757.043,757.0488,82645.306802,1521,757.1263648432915
2026-09-15 10:49:00-04:00,757.07,757.1176,756.91,756.92,71131.599945,1590,757.0288393120532
2026-09-15 10:50:00-04:00,756.91,757.0951,756.66,756.715,104716.952232,2036,756.763595867067
2026-09-15 10:51:00-04:00,756.7176,757.02,756.3,756.3223,255572.187963,4077,756.622087002212
2026-09-15 10:52:00-04:00,756.3202,756.7355,756.26,756.47,134052.197221,2172,756.3748942371233
2026-09-15 10:53:00-04:00,756.46,756.8162,756.14,756.31,103920.142545,2143,756.2887971670608
2026-09-15 10:54:00-04:00,756.31,756.6,756.31,756.56,133874.939663,2362,756.4645112902809
2026-09-15 10:55:00-04:00,756.5664,756.61,756.3882,756.45,82545.166436,1730,756.4979891768862
2026-09-15 10:56:00-04:00,756.45,756.58,756.3503,756.5777,82027.273902,1764,756.4582017439235
2026-09-15 10:57:00-04:00,756.57,756.86,756.54,756.8301,77320.029622,1641,756.6962533897515
2026-09-15 10:58:00-04:00,756.83,756.8564,756.48,756.73,110702.38047,2139,756.7082391597547
2026-09-15 10:59:00-04:00,756.73,756.7776,756.42,756.44,65757.032685,1350,756.577992839291
2026-09-15 11:00:00-04:00,756.45,756.89,756.4319,756.7819,88861.268445,1998,756.7715300086064
2026-09-15 11:01:00-04:00,756.77,756.97,756.54,756.935,68425.098533,1627,756.7811140610173
2026-09-15 11:02:00-04:00,756.93,756.96,756.58,756.6976,80518.483448,1539,756.8090634360492
2026-09-15 11:03:00-04:00,756.694,757.08,756.6234,757.041,30191.427859,1077,756.9141019037826
2026-09-15 11:04:00-04:00,757.04,757.19,756.6556,757.19,52819.998892,1262,757.1051235323908
2026-09-15 11:05:00-04:00,757.18,757.28,756.7698,757.08,76363.169562,1586,757.1826301312134
2026-09-15 11:06:00-04:00,757.0973,757.2076,757.01,757.1364,50257.610707,1300,757.1473849796773
2026-09-15 11:07:00-04:00,757.1364,757.1764,756.94,757.03,58906.912366,1229,757.0426587143781
2026-09-15 11:08:00-04:00,757.03,757.119,756.81,756.84,35357.352568,1121,756.8944024828743
2026-09-15 11:09:00-04:00,756.84,756.9676,756.8,756.8864,68574.906184,1237,756.8844241519282
2026-09-15 11:10:00-04:00,756.865,756.9888,756.788,756.81,48539.857578,1203,756.8777691295497
2026-09-15 11:11:00-04:00,756.8064,757.0,756.7,756.97,37964.580011,1088,756.8111603852903
2026-09-15 11:12:00-04:00,756.9776,757.04,756.79,756.8576,116909.248293,2006,756.9281472923374
2026-09-15 11:13:00-04:00,756.86,757.0,756.77,756.81,58102.054297,1322,756.8878038822256
2026-09-15 11:14:00-04:00,756.8,757.05,756.8,756.98,45877.029051,1220,756.9227927382683
2026-09-15 11:15:00-04:00,756.975,757.03,756.84,756.9464,42332.400275,1090,756.9480214784576
2026-09-15 11:16:00-04:00,756.93,757.12,756.81,757.0859,46489.514883,1225,756.9985959755438
2026-09-15 11:17:00-04:00,757.08,757.23,757.0227,757.2188,65634.728681,1257,757.1495454460185
2026-09-15 11:18:00-04:00,757.2067,757.37,757.17,757.33,93804.958267,1635,757.2800904444325
2026-09-15 11:19:00-04:00,757.33,757.36,757.0201,757.25,51091.329271,1200,757.2910159252141
2026-09-15 11:20:00-04:00,757.25,757.34,757.036,757.18,54084.071866,1329,757.2256461716267
2026-09-15 11:21:00-04:00,757.1588,757.2176,756.9801,757.0664,54956.842986,1178,757.1126769699871
2026-09-15 11:22:00-04:00,757.055,757.32,756.9876,757.05,56154.525158,1167,757.1449917530114
2026-09-15 11:23:00-04:00,757.0176,757.49,757.0176,757.415,56989.765769,1331,757.361993113097
2026-09-15 11:24:00-04:00,757.406,757.5,757.32,757.434,61098.193402,1550,757.4177484415666
2026-09-15 11:25:00-04:00,757.45,757.4976,757.2724,757.3676,45302.216897,1176,757.4042103867976
2026-09-15 11:26:00-04:00,757.3676,757.45,757.17,757.4476,38408.376505,981,757.3141663220122
2026-09-15 11:27:00-04:00,757.43,757.48,757.305,757.48,61750.060776,1252,757.380757225011
2026-09-15 11:28:00-04:00,757.48,757.48,757.3002,757.42,32330.751525,929,757.3803740032924
2026-09-15 11:29:00-04:00,757.415,757.4864,757.29,757.475,44100.774923,1026,757.365872463582
2026-09-15 11:30:00-04:00,757.48,757.56,757.31,757.34,104988.032767,1301,757.440379127075
2026-09-15 11:31:00-04:00,757.4404,757.4404,757.185,757.244,66087.805344,1365,757.289383692725
2026-09-15 11:32:00-04:00,757.22,757.2688,756.93,757.0816,65925.865571,1453,757.057166357034
2026-09-15 11:33:00-04:00,757.08,757.2856,757.0,757.03,75631.128538,1392,757.107974675943
2026-09-15 11:34:00-04:00,757.0485,757.3376,756.97,757.31,66476.162165,1357,757.1092273655788
2026-09-15 11:35:00-04:00,757.33,757.39,757.1434,757.2364,56508.69496,1061,757.2729403887727
2026-09-15 11:36:00-04:00,757.2136,757.51,757.2136,757.4554,42754.330053,1044,757.4012716841794
2026-09-15 11:37:00-04:00,757.46,757.47,757.155,757.245,36375.455905,1057,757.2748048991567
2026-09-15 11:38:00-04:00,757.2488,757.44,757.225,757.44,28074.817015,831,757.3472652081211
2026-09-15 11:39:00-04:00,757.425,757.4464,757.2584,757.29,26890.510709,916,757.3679316268978
2026-09-15 11:40:00-04:00,757.295,757.59,757.2454,757.57,57141.345646,1320,757.4737486006126
2026-09-15 11:41:00-04:00,757.5776,757.67,757.2534,757.565,101890.308817,1732,757.5536840115017
2026-09-15 11:42:00-04:00,757.565,757.75,757.53,757.69,89057.631902,1560,757.6846040378784
2026-09-15 11:43:00-04:00,757.69,757.7564,757.422,757.73,86783.018387,1410,757.6690624615248
2026-09-15 11:44:00-04:00,757.74,757.74,757.47,757.5288,41758.009125,1092,757.5678892195754
2026-09-15 11:45:00-04:00,757.525,757.6267,757.39,757.5152,18375.898019,813,757.4866812336545
2026-09-15 11:46:00-04:00,757.485,757.53,757.32,757.45,23578.366403,847,757.4141436429435
2026-09-15 11:47:00-04:00,757.48,757.5,757.2501,757.2676,23693.364934,894,757.3872418005407
2026-09-15 11:48:00-04:00,757.27,757.36,757.26,757.3088,21559.900248,848,757.3063337933817
2026-09-15 11:49:00-04:00,757.31,757.5181,756.92,757.0,47567.668173,1309,757.0673938167761
2026-09-15 11:50:00-04:00,757.0,757.59,756.975,757.3188,175437.552339,3166,757.3245984525029
2026-09-15 11:51:00-04:00,757.315,757.3364,757.12,757.155,113297.829388,1220,757.253099362594
2026-09-15 11:52:00-04:00,757.15,757.411,757.1,757.135,24096.801296,888,757.151457593639
2026-09-15 11:53:00-04:00,757.15,757.25,757.1,757.16,20777.998485,843,757.1818458300974
2026-09-15 11:54:00-04:00,757.175,757.2884,757.05,757.11,41022.49662,1006,757.1165250558305
2026-09-15 11:55:00-04:00,757.11,757.7,756.98,757.5364,91915.49025,1904,757.3652689690252
2026-09-15 11:56:00-04:00,757.5365,757.5365,757.15,757.2776,46563.887093,1214,757.2431452698859
2026-09-15 11:57:00-04:00,757.27,757.35,757.2304,757.28,37178.567605,951,757.2965138830898
2026-09-15 11:58:00-04:00,757.286,757.3399,757.105,757.1176,28938.503479,916,757.2350596733065
2026-09-15 11:59:00-04:00,757.1201,757.2724,757.1,757.1264,26159.706158,891,757.1843988365453
2026-09-15 12:00:00-04:00,757.115,757.2695,757.01,757.16,35534.630011,1062,757.1062213632154
2026-09-15 12:01:00-04:00,757.1664,757.33,757.13,757.2676,26828.609926,992,757.23681954671
2026-09-15 12:02:00-04:00,757.265,757.3264,757.1501,757.2465,65771.73127,1277,757.2464922238104
2026-09-15 12:03:00-04:00,757.26,757.2664,757.17,757.2476,28577.445193,921,757.2172329295774
2026-09-15 12:04:00-04:00,757.2476,757.3588,757.21,757.33,21457.121741,759,757.2744746894871
2026-09-15 12:05:00-04:00,757.3376,757.3376,757.1,757.1988,25542.510486,993,757.1769964309467
2026-09-15 12:06:00-04:00,757.2076,757.2564,757.08,757.08,69744.173359,1404,757.1851395353764
2026-09-15 12:07:00-04:00,757.0976,757.1627,756.83,756.9088,69770.274732,1453,756.9147595108583
2026-09-15 12:08:00-04:00,756.91,757.0825,756.79,756.8188,27112.671317,1049,756.8471232631886
2026-09-15 12:09:00-04:00,756.84,757.1027,756.63,756.7485,57369.514792,1285,756.7272637256623
2026-09-15 12:10:00-04:00,756.7476,757.069,756.7176,756.7676,27963.582149,941,756.7820168367838
2026-09-15 12:11:00-04:00,756.75,756.85,756.67,756.8376,40502.328971,1134,756.7619940052106
2026-09-15 12:12:00-04:00,756.84,756.9848,756.74,756.755,26235.1596,841,756.7795601351415
2026-09-15 12:13:00-04:00,756.7588,756.8576,756.685,756.82,32679.88811,1018,756.7669515417854
2026-09-15 12:14:00-04:00,756.82,756.8928,756.72,756.77,39532.106176,868,756.7835140445799
2026-09-15 12:15:00-04:00,756.765,756.85,756.705,756.78,38581.681439,1079,756.7747146955726
2026-09-15 12:16:00-04:00,756.78,756.84,756.74,756.775,36587.989872,705,756.7818893569912
2026-09-15 12:17:00-04:00,756.78,756.95,756.774,756.94,39866.724632,829,756.8832017479673
2026-09-15 12:18:00-04:00,756.935,757.0,756.791,756.9981,42651.02468,902,756.9216379263947
2026-09-15 12:19:00-04:00,756.99,757.0988,756.945,757.08,42413.559491,771,757.014910722737
2026-09-15 12:20:00-04:00,757.085,757.2,756.8475,757.09,43237.067583000004,872,757.1281615109896
2026-09-15 12:21:00-04:00,757.1,757.27,757.085,757.23,32862.202621,714,757.220080567038
2026-09-15 12:22:00-04:00,757.2254,757.42,756.9511,757.365,37380.20533,764,757.3268427430595
2026-09-15 12:23:00-04:00,757.36,757.68,756.9652,757.57,52107.606728,1086,757.5265078209908
2026-09-15 12:24:00-04:00,757.5755,757.7,757.0557,757.65,42854.017457,781,757.6200919401285
2026-09-15 12:25:00-04:00,757.655,757.73,757.1625,757.6376,20538.167475,620,757.6542940314231
2026-09-15 12:26:00-04:00,757.63,757.74,757.2018,757.6852,30645.260109,643,757.6691029047062
2026-09-15 12:27:00-04:00,757.69,757.81,757.665,757.757,34527.149396,724,757.7395786269972
2026-09-15 12:28:00-04:00,757.757,757.8755,757.7201,757.7999,41903.070079,905,757.8107582741129
2026-09-15 12:29:00-04:00,757.8,765.96,757.48,757.59,65373.336597,978,757.6145790770166
2026-09-15 12:30:00-04:00,757.58,757.6826,757.31,757.41,53805.112573,862,757.4343413729833
2026-09-15 12:31:00-04:00,757.41,757.6,757.35,757.56,60926.865307,670,757.4758278403834
2026-09-15 12:32:00-04:00,757.56,757.82,757.5077,757.795,60042.890761,892,757.7127258617472
2026-09-15 12:33:00-04:00,757.795,757.8064,757.6818,757.71,37245.436823000004,709,757.7378737535068
2026-09-15 12:34:00-04:00,757.71,757.784,757.6,757.6615,23246.105784,451,757.6993254953055
2026-09-15 12:35:00-04:00,757.67,757.7,757.52,757.5862,26238.723856,502,757.5938269888112
2026-09-15 12:36:00-04:00,757.6,757.71,757.5643,757.705,16744.466801,447,757.6253379138706
2026-09-15 12:37:00-04:00,757.7,757.74,757.65,757.666,22574.888482,505,757.7038742126475
2026-09-15 12:38:00-04:00,757.6676,757.699,757.57,757.58,17573.417298,485,757.6465313488586
2026-09-15 12:39:00-04:00,757.5899,757.6411,757.45,757.55,18789.205426,487,757.5266658363842
2026-09-15 12:40:00-04:00,757.53,757.6284,757.491,757.5172,12537.387949,358,757.536717288593
2026-09-15 12:41:00-04:00,757.5295,757.66,757.46,757.65,34016.287352,546,757.5724194972139
2026-09-15 12:42:00-04:00,757.64,757.68,757.576,757.5965,17534.026223,435,757.6359883081727
2026-09-15 12:43:00-04:00,757.59,757.64,757.528,757.6,18336.312353,586,757.5994543018837
2026-09-15 12:44:00-04:00,757.62,757.65,757.51,757.61,28650.029211,536,757.5883300674332
2026-09-15 12:45:00-04:00,757.605,757.7376,757.56,757.63,39367.291017,933,757.6617689971583
2026-09-15 12:46:00-04:00,757.625,757.71,757.594,757.6776,46730.29363,711,757.6485693693718
2026-09-15 12:47:00-04:00,757.68,757.69,757.54,757.56,28239.643652,626,757.5928694135306
2026-09-15 12:48:00-04:00,757.56,757.6196,757.3336,757.355952,26259.991715,534,757.4437678882745
2026-09-15 12:49:00-04:00,757.34,757.47,757.32,757.46,28884.342433,524,757.3758819532069
2026-09-15 12:50:00-04:00,757.45,757.51,757.42,757.46,42731.985403,692,757.4673090261738
2026-09-15 12:51:00-04:00,757.47,757.586,757.465,757.505,46371.901197,833,757.5355028763598
2026-09-15 12:52:00-04:00,757.51,757.864,757.5,757.835,46710.404018,898,757.6969084468428
2026-09-15 12:53:00-04:00,757.835,757.958,757.6454,757.93,47565.29694,931,757.8870349737577
2026-09-15 12:54:00-04:00,757.93,758.01,757.6251,757.975,40132.499321,920,757.9816692619206
2026-09-15 12:55:00-04:00,757.98,758.06,757.93,757.9799,58791.864422,1042,758.0120762696807
2026-09-15 12:56:00-04:00,757.96,758.0081,757.71,757.7167,62498.384639,953,757.7797121357912
2026-09-15 12:57:00-04:00,757.7101,757.78,757.64,757.675,31621.5008,688,757.7098531272386
2026-09-15 12:58:00-04:00,757.675,757.8796,757.58,757.695,26606.57228,717,757.6409947079003
2026-09-15 12:59:00-04:00,757.7,757.74,757.56,757.74,30084.723279,689,757.641189334937
2026-09-15 13:00:00-04:00,757.74,757.8254,757.6488,757.71,38250.682715,603,757.7113022605165
2026-09-15 13:01:00-04:00,757.7195,757.84,757.67,757.825,35371.670908,570,757.7675785172931
2026-09-15 13:02:00-04:00,757.825,757.85,757.32,757.41,154268.521235,2328,757.5297848494185
2026-09-15 13:03:00-04:00,757.4099,757.7111,757.2578,757.3299,46820.618686,854,757.3411480918596
2026-09-15 13:04:00-04:00,757.32,757.5092,757.17,757.1701,36651.053953,690,757.275773906152
2026-09-15 13:05:00-04:00,757.189,757.24,757.09,757.1,39184.485667,745,757.1516111533715
2026-09-15 13:06:00-04:00,757.1189,757.2384,757.05,757.1651,34388.811623,639,757.1257772628877
2026-09-15 13:07:00-04:00,757.17,757.45,757.16,757.331,30011.669636,630,757.3359150401017
2026-09-15 13:08:00-04:00,757.34,757.37,757.2102,757.25,22249.741527,536,757.2744192814309
2026-09-15 13:09:00-04:00,757.24,757.325,757.19,757.19,58785.826825000004,559,757.2369892552133
2026-09-15 13:10:00-04:00,757.2,757.47,757.19,757.44,19548.967059,499,757.3526796636048
2026-09-15 13:11:00-04:00,757.43,757.5397,757.415,757.415,35562.160004,578,757.4833175468971
2026-09-15 13:12:00-04:00,757.41,757.4706,757.21,757.23,26095.933315,528,757.300704390077
2026-09-15 13:13:00-04:00,757.22,757.34,757.21,757.26,26200.905958,495,757.2800089274691
2026-09-15 13:14:00-04:00,757.2659,757.3433,757.08,757.1,16792.675252,466,757.199808665978
2026-09-15 13:15:00-04:00,757.085,757.1915,757.0,757.04,34563.971444,579,757.0623280554936
2026-09-15 13:16:00-04:00,757.025,757.08,756.97,757.0711,33507.15061,629,757.0262856188546
2026-09-15 13:17:00-04:00,757.05,757.0838,756.88,756.92,36694.886833,672,756.9560793760902
2026-09-15 13:18:00-04:00,756.925,756.96,756.88,756.9099,32870.160932,620,756.9175309775139
2026-09-15 13:19:00-04:00,756.88,757.02,756.86,757.0,26782.57602,586,756.9395329379644
2026-09-15 13:20:00-04:00,757.005,757.1204,756.96,757.04,41779.834818,634,757.0007529704161
2026-09-15 13:21:00-04:00,757.04,757.055,756.92,756.9512,30491.070379,584,756.9715904641565
2026-09-15 13:22:00-04:00,756.9351,757.0467,756.71,756.78,46427.618656,781,756.7806248591577
2026-09-15 13:23:00-04:00,756.79,756.82,756.72,756.79,35742.079162,678,756.7725744964738
2026-09-15 13:24:00-04:00,756.79,756.8099,756.6401,756.6401,25029.878611,559,756.7336392671676
2026-09-15 13:25:00-04:00,756.655,756.9143,756.6,756.75,61229.363387,1103,756.7185083545138
2026-09-15 13:26:00-04:00,756.75,756.88,756.72,756.83,39817.111578000004,744,756.826587493774
2026-09-15 13:27:00-04:00,756.83,756.92,756.79,756.82,21618.075464,511,756.8525926599264
2026-09-15 13:28:00-04:00,756.835,756.88,756.67,756.7704,27832.516794,567,756.7732221241326
2026-09-15 13:29:00-04:00,756.77,756.88,756.69,756.88,22984.097481,476,756.7764409551545
2026-09-15 13:30:00-04:00,756.88,756.99,756.805,756.837,26687.210606,767,756.89394551337
2026-09-15 13:31:00-04:00,756.835,757.08,756.8201,757.055,79548.691471,1298,757.0077576493186
2026-09-15 13:32:00-04:00,757.05,757.2,757.05,757.135,68305.493129,1147,757.1290477010925
2026-09-15 13:33:00-04:00,757.13,757.16,757.05,757.1471,30308.084623,647,757.0930142610913
2026-09-15 13:34:00-04:00,757.135,757.19,756.995,757.0,29497.703591,680,757.1162133147229
2026-09-15 13:35:00-04:00,757.01,757.172,756.94,757.11,27989.796109,742,757.0501305550507
2026-09-15 13:36:00-04:00,757.11,757.12,756.95,757.015,28842.034804,619,757.0281119720455
2026-09-15 13:37:00-04:00,757.005,757.15,756.93,757.14,23705.751312,649,757.0336130605951
2026-09-15 13:38:00-04:00,757.135,757.135,756.98,757.07,24426.777424,601,757.0421905132358
2026-09-15 13:39:00-04:00,757.065,757.13,756.98,757.12,22734.754626,593,757.0294504881172
2026-09-15 13:40:00-04:00,757.11,757.26,757.03,757.21,23674.190318,580,757.1468328398096
2026-09-15 13:41:00-04:00,757.205,757.22,757.0885,757.0999,43835.428613,779,757.1370984416749
2026-09-15 13:42:00-04:00,757.1,757.11,756.93,756.96,30108.583900999998,725,757.0061345332779
2026-09-15 13:43:00-04:00,756.97,757.13,756.9,757.115,33865.963841,656,756.9829161071223
2026-09-15 13:44:00-04:00,757.115,757.22,757.0771,757.13,34472.728674,572,757.1607379523355
2026-09-15 13:45:00-04:00,757.15,757.2155,757.0742,757.205,21979.663876,528,757.1760478789026
2026-09-15 13:46:00-04:00,757.21,757.27,757.07,757.1,27292.314498,634,757.1730685928244
2026-09-15 13:47:00-04:00,757.0971,757.17,757.04,757.0755,16542.036524,488,757.1091861830191
2026-09-15 13:48:00-04:00,757.07,757.1005,756.97,757.03,20750.840441,454,757.02807336134
2026-09-15 13:49:00-04:00,757.01,757.03,756.91,756.97,21398.269981,499,756.9749591111
2026-09-15 13:50:00-04:00,756.965,762.12,756.95,757.05,18638.391646,512,756.9953865659824
2026-09-15 13:51:00-04:00,757.05,757.1235,757.01,757.085,20939.842972,599,757.0715649434569
2026-09-15 13:52:00-04:00,757.08,757.16,757.03,757.15,18180.499607,5137,757.0880733703934
2026-09-15 13:53:00-04:00,757.14,757.225,757.06,757.225,13638.690252,475,757.1272306420877
2026-09-15 13:54:00-04:00,757.24,757.27,757.09,757.261,18166.71185,494,757.1414942566473
2026-09-15 13:55:00-04:00,757.27,757.28,757.0949,757.275,23235.101284,526,757.2188130237286
2026-09-15 13:56:00-04:00,757.27,757.4,757.2055,757.39,20294.52609,575,757.3245454351884
2026-09-15 13:57:00-04:00,757.39,757.4,757.1135,757.3832,15668.875579,440,757.3491235677126
2026-09-15 13:58:00-04:00,757.365,757.37,757.1324,757.32,22430.235872,478,757.2884446692178
2026-09-15 13:59:00-04:00,757.325,757.36,757.23,757.2901,20584.787933,395,757.3043712394832
2026-09-15 14:00:00-04:00,757.3,757.41,757.13,757.175,23155.521265,643,757.2693070520799
2026-09-15 14:01:00-04:00,757.175,757.39,757.14,757.38,27223.249483,615,757.216847636963
2026-09-15 14:02:00-04:00,757.3745,757.51,757.2563,757.46,29761.817123,689,757.413180072884
2026-09-15 14:03:00-04:00,757.46,757.5199,757.41,757.495,47984.179546,649,757.4605534558631
2026-09-15 14:04:00-04:00,757.49,757.51,757.3239,757.51,18943.392352,511,757.4785734193779
2026-09-15 14:05:00-04:00,757.5199,757.52,757.3554,757.47,24180.026463,555,757.4662000679772
2026-09-15 14:06:00-04:00,757.45,757.62,757.45,757.57,56130.139384,854,757.5710233611262
2026-09-15 14:07:00-04:00,757.57,757.58,757.4234,757.56,21580.642638,489,757.5549204802551
2026-09-15 14:08:00-04:00,757.58,757.58,757.425,757.55,14472.336283,440,757.5506027911915
2026-09-15 14:09:00-04:00,757.545,757.7,757.53,757.67,29337.530058,593,757.6295855558323
2026-09-15 14:10:00-04:00,757.69,757.73,757.56,757.585,35416.469008,704,757.6528433565509
2026-09-15 14:11:00-04:00,757.585,757.8,757.57,757.75,29505.235725,579,757.7262042316966
2026-09-15 14:12:00-04:00,757.76,757.82,757.5789,757.78,28770.221213,582,757.7864317996911
2026-09-15 14:13:00-04:00,757.81,757.95,757.5884,757.88,32386.497428,647,757.8507403250688
2026-09-15 14:14:00-04:00,757.865,757.9,757.73,757.7766,37714.458983,608,757.8454550180036
2026-09-15 14:15:00-04:00,757.775,766.31,757.6476,757.684,73701.298667,1119,757.7301621967655
2026-09-15 14:16:00-04:00,757.69,757.6984,757.51,757.55,49227.568276,1020,757.5883332897976
2026-09-15 14:17:00-04:00,757.56,757.59,757.47,757.55,26296.820727,593,757.5198480848009
2026-09-15 14:18:00-04:00,757.55,757.6992,757.51,757.55,48508.177322,558,757.5639508861715
2026-09-15 14:19:00-04:00,757.55,757.6865,757.49,757.545,20257.404143,532,757.5514448903714
2026-09-15 14:20:00-04:00,757.56,757.66,757.53,757.57,16935.815826,595,757.5981217377454
2026-09-15 14:21:00-04:00,757.58,757.62,757.55,757.56,46103.546991,735,757.5641417269944
2026-09-15 14:22:00-04:00,757.58,757.59,757.5,757.515,44518.041585,875,757.5566365398955
2026-09-15 14:23:00-04:00,757.51,757.53,757.41,757.444,32279.794198,829,757.4602386180775
2026-09-15 14:24:00-04:00,757.43,757.5953,757.42,757.4799,21176.707491,623,757.4454375995789
2026-09-15 14:25:00-04:00,757.48,757.566,757.42,757.54,22362.0164,676,757.4727003153238
2026-09-15 14:26:00-04:00,757.54,757.54,757.4,757.5,27697.394856,652,757.4417019946169
2026-09-15 14:27:00-04:00,757.49,757.5186,757.36,757.4109,30130.239916,750,757.4391081719627
2026-09-15 14:28:00-04:00,757.43,757.65,757.43,757.65,29451.479221,782,757.5554026006132
2026-09-15 14:29:00-04:00,757.66,757.69,757.5173,757.69,27333.206236,627,757.649974943617
2026-09-15 14:30:00-04:00,757.66,757.676,757.39,757.43,49591.289494,987,757.4901838541813
2026-09-15 14:31:00-04:00,757.43,757.4838,757.28,757.34,30123.757962,734,757.3436313900391
2026-09-15 14:32:00-04:00,757.34,757.4959,757.185,757.185,23975.050274,688,757.2830720209339
2026-09-15 14:33:00-04:00,757.185,757.26,757.13,757.21,83124.64382699999,1100,757.1959909725598
2026-09-15 14:34:00-04:00,757.205,757.26,757.14,757.21,22177.897949,644,757.2103504994374
2026-09-15 14:35:00-04:00,757.205,757.3785,757.205,757.28,31779.874378,709,757.2696546786912
2026-09-15 14:36:00-04:00,757.275,757.3,757.17,757.275,34480.49158,804,757.2437780232502
2026-09-15 14:37:00-04:00,757.28,757.3342,757.16,757.23,69161.718026,1149,757.2259191547413
2026-09-15 14:38:00-04:00,757.23,757.32,757.208,757.2701,40379.22336,797,757.270740601356
2026-09-15 14:39:00-04:00,757.28,757.32,757.21,757.27,14658.678599,477,757.2712449638708
2026-09-15 14:40:00-04:00,757.26,757.29,757.13,757.18,39624.138009,608,757.1757521482045
2026-09-15 14:41:00-04:00,757.17,757.62,757.15,757.49,107495.201066,1699,757.4138839740299
2026-09-15 14:42:00-04:00,757.5,757.52,757.25,757.275,84360.942717,1057,757.3505087219556
2026-09-15 14:43:00-04:00,757.26,757.3844,757.21,757.23,29929.576521,604,757.2469313285818
2026-09-15 14:44:00-04:00,757.21,757.2967,757.18,757.19,32214.029605,591,757.2142142383206
2026-09-15 14:45:00-04:00,757.19,757.24,757.05,757.1237,40724.360669,790,757.1141746851295
2026-09-15 14:46:00-04:00,757.11,757.1812,757.01,757.0244,32662.781481,695,757.1014060112336
2026-09-15 14:47:00-04:00,757.02,757.26,756.92,756.93,103158.603242,1224,757.0095868335197
2026-09-15 14:48:00-04:00,756.93,756.96,756.835,756.88,113401.302805,1091,756.9192142245432
2026-09-15 14:49:00-04:00,756.88,756.9122,756.73,756.85,101030.103907,1248,756.8190268163701
2026-09-15 14:50:00-04:00,756.845,757.05,756.8245,756.98,89894.940073,1308,756.9519961522809
2026-09-15 14:51:00-04:00,756.962,757.09,756.908,757.0,28515.652477,686,756.980529985319
2026-09-15 14:52:00-04:00,756.99,757.12,756.9106,757.061,47628.183413,925,757.0319707613733
2026-09-15 14:53:00-04:00,757.08,757.15,757.03,757.06,27874.468463,746,757.0885499065267
2026-09-15 14:54:00-04:00,757.07,757.15,756.9797,757.09,24709.021477,720,757.1006993321627
2026-09-15 14:55:00-04:00,757.085,757.18,757.04,757.12,31789.320648,712,757.1127379567031
2026-09-15 14:56:00-04:00,757.11,757.22,757.09,757.205,40651.739004,924,757.1646627145684
2026-09-15 14:57:00-04:00,757.205,757.33,756.9772,757.26,39851.499622,826,757.2639751224327
2026-09-15 14:58:00-04:00,757.255,757.39,757.24,757.335,27389.567435,758,757.3129729979909
2026-09-15 14:59:00-04:00,757.3426,757.49,757.0393,757.49,33597.100775,733,757.4096310951637
2026-09-15 15:00:00-04:00,757.48,757.6,757.1696,757.592,42269.886877,945,757.4634620021226
2026-09-15 15:01:00-04:00,757.6,757.63,757.2241,757.4,40841.178894,969,757.5167359327608
2026-09-15 15:02:00-04:00,757.39,757.42,757.27,757.405,49397.106231,1011,757.3586246148453
2026-09-15 15:03:00-04:00,757.405,757.42,757.34,757.375,37671.977514,788,757.3640527331612
2026-09-15 15:04:00-04:00,757.375,757.46,757.32,757.3461,34304.587768,742,757.3934014506182
2026-09-15 15:05:00-04:00,757.335,757.4,757.3,757.322,32124.955329,688,757.3543720160845
2026-09-15 15:06:00-04:00,757.3544,757.3701,757.27,757.3,16302.063501,507,757.3171392132685
2026-09-15 15:07:00-04:00,757.31,757.3829,757.21,757.35,36939.327968,747,757.2714905557008
2026-09-15 15:08:00-04:00,757.34,757.4,757.29,757.3496,42340.437341,783,757.3427087199792
2026-09-15 15:09:00-04:00,757.3368,757.39,757.27,757.35,33419.473212,754,757.327810526462
2026-09-15 15:10:00-04:00,757.34,757.369,757.29,757.3,27720.704095,660,757.3276421597993
2026-09-15 15:11:00-04:00,757.29,757.3415,757.225,757.225,37735.915397,864,757.2737789592361
2026-09-15 15:12:00-04:00,757.23,757.3239,757.12,757.18,54516.63244,929,757.1857947260457
2026-09-15 15:13:00-04:00,757.17,757.2844,757.08,757.105,71762.268185,908,757.116845565577
2026-09-15 15:14:00-04:00,757.105,757.23,757.09,757.17,35249.05714,798,757.1399255564265
2026-09-15 15:15:00-04:00,757.15,757.2407,757.09,757.12,50905.397674,919,757.1304907582168
2026-09-15 15:16:00-04:00,757.12,757.2211,757.07,757.1,33707.879241,798,757.1279485189526
2026-09-15 15:17:00-04:00,757.1,757.2,757.09,757.16,68559.80953,1195,757.1392616199372
2026-09-15 15:18:00-04:00,757.1671,757.22,757.12,757.175,43470.847087,820,757.1727719305759
2026-09-15 15:19:00-04:00,757.18,757.29,757.17,757.21,32689.093052,745,757.2160450190105
2026-09-15 15:20:00-04:00,757.2,757.23,757.1,757.105,63158.485883,1027,757.1873039308831
2026-09-15 15:21:00-04:00,757.105,757.19,757.08,757.152,40939.858497,934,757.1191816954814
2026-09-15 15:22:00-04:00,757.142,757.19,757.12,757.14,36672.811488,883,757.1513769744469
2026-09-15 15:23:00-04:00,757.145,757.21,757.125,757.17,50307.721325,874,757.1757680225433
2026-09-15 15:24:00-04:00,757.17,757.21,757.04,757.116,34107.010742,780,757.1184929505258
2026-09-15 15:25:00-04:00,757.11,757.11,756.93,756.965,48926.695625,1078,756.9899907759334
2026-09-15 15:26:00-04:00,756.96,757.1271,756.94,757.095,85990.825318,1394,757.0492923364121
2026-09-15 15:27:00-04:00,757.09,757.14,757.07,757.1,30643.234230000002,719,757.106781289693
2026-09-15 15:28:00-04:00,757.105,757.1207,756.98,757.025,44341.054941,982,757.0347843630415
2026-09-15 15:29:00-04:00,757.03,757.1014,756.98,756.985,63513.505049,1080,757.017741063236
2026-09-15 15:30:00-04:00,756.98,757.03,756.92,756.97,104032.79458,1521,756.9615091269138
2026-09-15 15:31:00-04:00,756.99,757.03,756.94,756.94,83641.273741,1174,756.9855702661653
2026-09-15 15:32:00-04:00,756.95,757.07,756.93,756.98,76013.423814,1123,757.0009798970032
2026-09-15 15:33:00-04:00,756.99,757.0355,756.95,756.99,65575.4806,925,756.9953881957034
2026-09-15 15:34:00-04:00,756.995,756.995,756.89,756.9234,141626.273497,1282,756.9233920583575
2026-09-15 15:35:00-04:00,756.92,756.9308,756.82,756.8513,133868.119834,1501,756.8690539518816
2026-09-15 15:36:00-04:00,756.86,756.91,756.835,756.88,116839.829917,1477,756.8709566211256
2026-09-15 15:37:00-04:00,756.87,756.8979,756.72,756.8077,197895.681408,2321,756.7929903692664
2026-09-15 15:38:00-04:00,756.805,756.84,756.67,756.685,164935.363599,1973,756.7394762049554
2026-09-15 15:39:00-04:00,756.685,756.8735,756.57,756.655,139787.772566,1768,756.6209782031772
2026-09-15 15:40:00-04:00,756.6599,756.8395,756.55,756.66,111281.665032,1420,756.6324363546012
2026-09-15 15:41:00-04:00,756.66,756.77,756.6301,756.69,125925.386323,1693,756.6924292093524
2026-09-15 15:42:00-04:00,756.68,756.74,756.6,756.6,103731.743855,1525,756.6916024921436
2026-09-15 15:43:00-04:00,756.6,756.72,756.51,756.68,129353.943293,1757,756.6039704710497
2026-09-15 15:44:00-04:00,756.68,756.81,756.6084,756.715,92182.806156,1431,756.7467814027846
2026-09-15 15:45:00-04:00,756.7133,756.74,756.6145,756.655,135165.827621,1729,756.6745100363312
2026-09-15 15:46:00-04:00,756.655,756.86,756.65,756.84,213673.602169,2466,756.751717132864
2026-09-15 15:47:00-04:00,756.83,756.96,756.7336,756.85,142493.550006,2005,756.8726319005212
2026-09-15 15:48:00-04:00,756.85,756.87,756.8,756.825,198616.517321,1975,756.8339150333994
2026-09-15 15:49:00-04:00,756.83,757.0,756.7423,756.9601,117704.67225,1914,756.93845670599
2026-09-15 15:50:00-04:00,756.96,757.04,756.7,756.705,192196.289428,2608,756.8366525729284
2026-09-15 15:51:00-04:00,756.7,756.8224,756.67,756.7199,189580.210157,2412,756.7304399228191
2026-09-15 15:52:00-04:00,756.715,756.7728,756.54,756.61,142173.799977,2436,756.6646156931681
2026-09-15 15:53:00-04:00,756.6,756.7687,756.58,756.685,121354.746364,2166,756.6692547289131
2026-09-15 15:54:00-04:00,756.69,757.0,756.66,756.985,157962.039746,2372,756.8260379394577
2026-09-15 15:55:00-04:00,756.99,757.05,756.8111,756.96,242242.698301,3247,756.9776478441424
2026-09-15 15:56:00-04:00,756.95,757.05,756.8402,756.955,162301.782636,2379,756.9941121254876
2026-09-15 15:57:00-04:00,756.96,757.02,756.91,756.98,293028.741603,3419,756.97309916913
2026-09-15 15:58:00-04:00,756.97,757.28,756.86,757.26,557697.725144,6381,757.0948801846308
2026-09-15 15:59:00-04:00,757.26,757.46,757.09,757.36,968317.913762,9554,757.3229756062208
2026-09-16 09:30:00-04:00,759.5,759.72,759.2,759.5091,465528.063445,4171,759.4883956368611
2026-09-16 09:31:00-04:00,759.52,759.674,759.26,759.335,159172.859634,2170,759.5067689682234
2026-09-16 09:32:00-04:00,759.32,759.5,759.2,759.26,115769.736788,1616,759.3162667355218
2026-09-16 09:33:00-04:00,759.26,759.54,759.18,759.4041,69173.647597,1437,759.3223467124241
2026-09-16 09:34:00-04:00,759.415,759.52,759.14,759.21,86929.577934,1375,759.3003638454197
2026-09-16 09:35:00-04:00,759.2,759.49,759.18,759.3201,65960.169641,1519,759.3820433600246
2026-09-16 09:36:00-04:00,759.33,759.5,759.09,759.188,55920.339074,1362,759.2135981049937
2026-09-16 09:37:00-04:00,759.185,759.3496,759.09,759.13,45537.434126,1068,759.1993001286088
2026-09-16 09:38:00-04:00,759.12,759.471,758.86,758.94,72837.199835,1686,758.9552982700108
2026-09-16 09:39:00-04:00,758.94,758.9424,758.7378,758.81,60675.622248,1355,758.8697470191404
2026-09-16 09:40:00-04:00,758.82,759.01,758.74,758.9801,238554.953887,3103,758.8520956214652
2026-09-16 09:41:00-04:00,759.0,759.1552,758.78,758.825,103071.052177,1797,758.9720599925882
2026-09-16 09:42:00-04:00,758.83,758.9289,758.73,758.8001,48731.984318,1245,758.8431433254727
2026-09-16 09:43:00-04:00,758.81,758.88,758.723,758.804,102685.499599,1537,758.7982296980958
2026-09-16 09:44:00-04:00,758.79,758.93,758.74,758.77,89099.47162,1520,758.8577566019502
2026-09-16 09:45:00-04:00,758.8,759.75,758.76,759.39,322750.955263,4485,759.1750735591291
2026-09-16 09:46:00-04:00,759.39,759.85,759.32,759.6724,100404.514128,1895,759.6004731056371
2026-09-16 09:47:00-04:00,759.68,759.89,759.56,759.89,79950.872198,1281,759.7013964670613
2026-09-16 09:48:00-04:00,759.89,759.9,759.58,759.615,67946.611151,1201,759.691144273949
2026-09-16 09:49:00-04:00,759.62,759.93,759.5601,759.885,66609.136698,1084,759.6831736323819
2026-09-16 09:50:00-04:00,759.89,760.17,759.8436,760.05,68837.158078,1386,760.0304262426029
2026-09-16 09:51:00-04:00,760.05,760.27,759.9,760.255,67453.306892,1163,760.054652391515
2026-09-16 09:52:00-04:00,760.25,760.2995,759.6681,760.14,56673.861002,977,760.1880253796753
2026-09-16 09:53:00-04:00,760.188,760.44,760.04,760.4095,82987.156051,1391,760.1839921049681
2026-09-16 09:54:00-04:00,760.4,760.41,760.08,760.24,58418.558166,1118,760.2178713607289
2026-09-16 09:55:00-04:00,760.235,760.4,760.17,760.2148,50986.054918,917,760.2755805877788
2026-09-16 09:56:00-04:00,760.215,760.2306,760.07,760.15,42450.819824,1030,760.1437724640429
2026-09-16 09:57:00-04:00,760.16,760.27,760.0916,760.19,67825.635676,1038,760.2006356124175
2026-09-16 09:58:00-04:00,760.18,760.2,759.97,760.0702,78319.212451,996,760.0888911767099
2026-09-16 09:59:00-04:00,760.08,760.27,760.0,760.204,67618.214044,943,760.0929512867718
2026-09-16 10:00:00-04:00,760.23,760.42,760.13,760.16,69062.107894,1122,760.2388616219208
2026-09-16 10:01:00-04:00,760.1546,760.2389,759.98,760.08,41343.698965,835,760.0588741378115
2026-09-16 10:02:00-04:00,760.07,760.07,759.92,759.93,56934.634946,1001,760.0112794769605
2026-09-16 10:03:00-04:00,759.925,760.0313,759.71,759.76,103866.826313,1398,759.8669827314957
2026-09-16 10:04:00-04:00,759.75,760.08,759.62,759.6856,68931.921526,983,759.6986053310903
2026-09-16 10:05:00-04:00,759.68,759.7,759.495,759.5199,77289.067054,1325,759.6118008774743
2026-09-16 10:06:00-04:00,759.52,759.6385,759.35,759.4488,111624.188384,1716,759.4347716446856
2026-09-16 10:07:00-04:00,759.45,759.64,759.34,759.6312,69998.510902,1238,759.4681948446064
2026-09-16 10:08:00-04:00,759.638,759.7488,759.54,759.72,49506.077188,1064,759.6308907194519
2026-09-16 10:09:00-04:00,759.72,759.84,759.6378,759.6724,51139.625338,1010,759.739521485643
2026-09-16 10:10:00-04:00,759.69,759.79,759.61,759.77,55016.929603,855,759.7022794807581
2026-09-16 10:11:00-04:00,759.761,759.7677,759.5,759.6335,78787.158849,1203,759.5887831949868
2026-09-16 10:12:00-04:00,759.64,759.65,759.3,759.3188,88847.265383,1260,759.4517531019776
2026-09-16 10:13:00-04:00,759.32,759.33,759.1,759.3176,41009.033004,1055,759.226178312045
2026-09-16 10:14:00-04:00,759.3076,759.5676,759.2358,759.541,60211.524419,1120,759.3987689421299
2026-09-16 10:15:00-04:00,759.5578,759.73,759.4299,759.63,50195.182471,1232,759.580657998872
2026-09-16 10:16:00-04:00,759.65,759.7264,759.58,759.6088,40531.185762,960,759.6556774476354
2026-09-16 10:17:00-04:00,759.63,759.66,759.39,759.5488,31420.751907,959,759.54093750263
2026-09-16 10:18:00-04:00,759.54,759.6,759.37,759.4988,37120.303483,1106,759.5198880863785
2026-09-16 10:19:00-04:00,759.49,759.54,759.23,759.2964,45036.06281,1222,759.4115828279477
2026-09-16 10:20:00-04:00,759.2855,759.3576,759.19,759.23,41621.608077,1001,759.2685778743061
2026-09-16 10:21:00-04:00,759.2364,759.4604,759.21,759.24,52670.798773,1024,759.2758740399687
2026-09-16 10:22:00-04:00,759.2376,759.3886,758.9815,759.3886,50712.043252,1132,759.1095302156418
2026-09-16 10:23:00-04:00,759.01,759.1843,758.93,759.0988,32300.799873,970,759.0229463505849
2026-09-16 10:24:00-04:00,759.0988,759.1076,758.94,758.9764,33617.738774,1008,759.0242442445164
2026-09-16 10:25:00-04:00,758.965,759.03,758.9,758.9276,25207.425562,942,758.9640368249594
2026-09-16 10:26:00-04:00,758.93,759.02,758.88,758.9488,33624.108566,1073,758.9416797080936
2026-09-16 10:27:00-04:00,758.9488,759.194,758.758,758.8476,31056.281219,1157,758.8614650596709
2026-09-16 10:28:00-04:00,758.845,758.9899,758.81,758.8676,22779.090072,957,758.903441914561
2026-09-16 10:29:00-04:00,758.87,759.03,758.87,758.9764,35103.711556,1027,758.9766374635406
2026-09-16 10:30:00-04:00,758.97,759.15,758.96,759.105,47469.184142,1261,759.0488693926656
2026-09-16 10:31:00-04:00,759.105,759.1176,758.88,759.024,76037.552463,1322,758.9958617193247
2026-09-16 10:32:00-04:00,759.015,759.03,758.8,758.8688,37929.668977,1073,758.8761098298443
2026-09-16 10:33:00-04:00,758.88,759.22,758.86,759.1788,56744.277364,1382,759.1255348825556
2026-09-16 10:34:00-04:00,759.18,759.21,759.0455,759.1488,48113.01113,1198,759.1461263722856
2026-09-16 10:35:00-04:00,759.1488,759.25,759.0623,759.125,35255.517362,1081,759.1794287770499
2026-09-16 10:36:00-04:00,759.13,759.21,758.94,758.9799,76714.504438,1468,759.0774528850229
2026-09-16 10:37:00-04:00,759.0,759.39,758.92,759.35,50068.657166,1389,759.1766788661674
2026-09-16 10:38:00-04:00,759.3488,759.5,759.0831,759.465,59057.521166,1205,759.3587190859313
2026-09-16 10:39:00-04:00,759.4676,759.4764,759.1249,759.37,40429.118611,1035,759.4213353576919
2026-09-16 10:40:00-04:00,759.37,759.61,759.1361,759.61,61571.628848,1470,759.4869086495822
2026-09-16 10:41:00-04:00,759.62,759.71,759.219,759.61,53521.002755,1357,759.6289855414245
2026-09-16 10:42:00-04:00,759.605,759.76,759.51,759.7076,46947.348026,1198,759.6858389825297
2026-09-16 10:43:00-04:00,759.7,759.85,759.5868,759.8188,31374.08338,1031,759.7569369878142
2026-09-16 10:44:00-04:00,759.8276,759.86,759.6273,759.8476,49828.631716,1186,759.7953685183154
2026-09-16 10:45:00-04:00,759.84,759.952,759.76,759.8476,48318.272289,1249,759.841284026317
2026-09-16 10:46:00-04:00,759.8476,759.96,759.77,759.85,30636.279519,1092,759.8603141499816
2026-09-16 10:47:00-04:00,759.85,759.9,759.75,759.8388,34447.201661,1106,759.825123763104
2026-09-16 10:48:00-04:00,759.8476,759.8776,759.75,759.7788,68487.887177,1123,759.8273378478609
2026-09-16 10:49:00-04:00,759.7788,759.78,759.59,759.6176,35801.223923,1010,759.6905569583721
2026-09-16 10:50:00-04:00,759.6276,759.76,759.611,759.63,22799.565513,978,759.6831587491329
2026-09-16 10:51:00-04:00,759.6388,759.7827,759.61,759.66,36780.46982,1045,759.6746338336889
2026-09-16 10:52:00-04:00,759.67,759.79,759.59,759.77,43455.85061,1109,759.703999214441
2026-09-16 10:53:00-04:00,759.78,759.89,759.74,759.78,26265.59697,1024,759.8343668949005
2026-09-16 10:54:00-04:00,759.7901,759.834,759.67,759.69,33738.717375,917,759.7506591590303
2026-09-16 10:55:00-04:00,759.69,759.8,759.68,759.7776,33224.556604,912,759.7653557231139
2026-09-16 10:56:00-04:00,759.7659,759.87,759.7402,759.8388,18471.075802,785,759.8062447150121
2026-09-16 10:57:00-04:00,759.84,759.8837,759.74,759.8188,33683.835704,942,759.8158275495948
2026-09-16 10:58:00-04:00,759.82,759.95,759.735,759.9476,24210.964972,935,759.8231734499462
2026-09-16 10:59:00-04:00,759.94,760.2576,759.93,760.2176,97107.669185,1937,760.0459627059904
2026-09-16 11:00:00-04:00,760.215,760.54,760.0844,760.53,92708.557838,2133,760.3861595761857
2026-09-16 11:01:00-04:00,760.53,760.61,760.424,760.45,151497.10780599999,2124,760.5345872682462
2026-09-16 11:02:00-04:00,760.435,760.5324,760.16,760.1776,81622.525129,1401,760.2867569176684
2026-09-16 11:03:00-04:00,760.16,760.48,760.16,760.46,65648.221958,1486,760.2925444376493
2026-09-16 11:04:00-04:00,760.46,760.6,760.2848,760.5276,65924.604366,1524,760.5195650475885
2026-09-16 11:05:00-04:00,760.515,760.5464,760.37,760.42,80355.124945,1817,760.4230616034301
2026-09-16 11:06:00-04:00,760.4376,760.54,760.27,760.52,52530.037992,1313,760.3717759078689
2026-09-16 11:07:00-04:00,760.5376,761.02,760.407,760.75,106897.196831,2276,760.7623073031942
2026-09-16 11:08:00-04:00,760.75,761.01,760.5488,760.935,67459.79616,1639,760.8064879211934
2026-09-16 11:09:00-04:00,760.93,761.03,760.84,760.9077,76935.511421,1744,760.9275544567836
2026-09-16 11:10:00-04:00,760.91,761.0,760.5653,760.7688,116198.780414,2093,760.820037355561
2026-09-16 11:11:00-04:00,760.76,761.0,760.62,760.63,175656.725009,2406,760.6973079711823
2026-09-16 11:12:00-04:00,760.63,760.6761,760.4805,760.5976,44400.076157,1178,760.5954649664869
2026-09-16 11:13:00-04:00,760.6,760.7637,760.55,760.695,33427.096289,1124,760.6338123766549
2026-09-16 11:14:00-04:00,760.6988,760.8,760.66,760.7576,46360.30542,1190,760.7042567457146
2026-09-16 11:15:00-04:00,760.76,760.8,760.47,760.5376,42691.533125,1267,760.596759260176
2026-09-16 11:16:00-04:00,760.539,760.726,760.4,760.4501,49430.031811,1297,760.465837297307
2026-09-16 11:17:00-04:00,760.4676,760.54,760.36,760.4623,44343.940354,1198,760.4513341649666
2026-09-16 11:18:00-04:00,760.46,760.5376,760.37,760.4576,33674.417096,1050,760.4390968744108
2026-09-16 11:19:00-04:00,760.45,760.65,760.43,760.61,52794.823671,1467,760.5371996330238
2026-09-16 11:20:00-04:00,760.6276,760.63,760.53,760.5488,43379.333945,1234,760.5815441889615
2026-09-16 11:21:00-04:00,760.5699,760.5876,760.4,760.4288,42062.326257,1200,760.5043855572189
2026-09-16 11:22:00-04:00,760.42,760.52,760.42,760.5088,33285.502917,1119,760.4748354232097
2026-09-16 11:23:00-04:00,760.5,760.5576,760.445,760.46,36001.388934,1101,760.4930917958188
2026-09-16 11:24:00-04:00,760.47,760.59,760.44,760.5588,65531.601292,1290,760.5076830056838
2026-09-16 11:25:00-04:00,760.5599,760.8,760.47,760.8,64309.046251,1220,760.7032358226215
2026-09-16 11:26:00-04:00,760.81,760.83,760.63,760.6576,30627.859436,1248,760.7337072178552
2026-09-16 11:27:00-04:00,760.6488,760.67,760.51,760.56,24126.669905,917,760.5837761420208
2026-09-16 11:28:00-04:00,760.56,760.6504,760.33,760.3476,26536.816204,864,760.4893628723295
2026-09-16 11:29:00-04:00,760.331,760.5627,760.29,760.3401,28513.540872,888,760.3413835094342
2026-09-16 11:30:00-04:00,760.36,760.48,760.17,760.195,33900.586652,1004,760.3058701864734
2026-09-16 11:31:00-04:00,760.2064,760.2564,760.12,760.2276,38395.056232,1003,760.1887156646504
2026-09-16 11:32:00-04:00,760.2,760.2188,760.06,760.065,29928.843353,1047,760.1113289272682
2026-09-16 11:33:00-04:00,760.0688,760.4632,760.01,760.055,39893.771644,1009,760.0521341165559
2026-09-16 11:34:00-04:00,760.07,760.3606,760.04,760.1588,52059.698252,1126,760.0969121714003
2026-09-16 11:35:00-04:00,760.1576,760.27,760.0947,760.2544,65373.257535,1302,760.209173612456
2026-09-16 11:36:00-04:00,760.26,760.3688,760.1576,760.2576,37824.690417,1173,760.2796646174542
2026-09-16 11:37:00-04:00,760.26,760.3376,760.17,760.2476,25371.402648,961,760.2345249854669
2026-09-16 11:38:00-04:00,760.24,760.42,760.23,760.42,24307.606791,859,760.3208698765114
2026-09-16 11:39:00-04:00,760.44,760.5776,760.38,760.3964,36261.7901,1100,760.4979079673612
2026-09-16 11:40:00-04:00,760.39,760.5776,760.38,760.51,41526.945154,1057,760.4576583996403
2026-09-16 11:41:00-04:00,760.51,760.51,760.37,760.39,16918.556488,769,760.4475874208727
2026-09-16 11:42:00-04:00,760.39,760.54,760.31,760.49,18182.921474,810,760.4384176806079
2026-09-16 11:43:00-04:00,760.52,760.5376,760.3105,760.4976,27794.343317,908,760.4727621980176
2026-09-16 11:44:00-04:00,760.4976,760.606,760.4661,760.57,36248.318172,1119,760.5588172692276
2026-09-16 11:45:00-04:00,760.56,760.6264,760.3838,760.5864,27869.536316,961,760.56340757186
2026-09-16 11:46:00-04:00,760.5776,760.6376,760.53,760.5888,16708.764556,755,760.5913304837421
2026-09-16 11:47:00-04:00,760.588,761.67,760.56,761.205,225261.236133,4420,761.2949717012291
2026-09-16 11:48:00-04:00,761.2164,761.2452,760.9087,761.23,74855.876383,1578,761.0926510712266
2026-09-16 11:49:00-04:00,761.21,761.2264,760.93,761.0564,42750.061959,1109,761.0249708141234
2026-09-16 11:50:00-04:00,761.06,761.1076,760.82,760.92,49005.431225,1141,760.9742734216585
2026-09-16 11:51:00-04:00,760.9276,761.024,760.78,760.825,59361.329427000004,1046,760.8628792032713
2026-09-16 11:52:00-04:00,760.825,760.92,760.68,760.9064,37299.476047,1080,760.7983416442328
2026-09-16 11:53:00-04:00,760.9,761.04,760.85,760.8988,32612.537997,1081,760.9580128884954
2026-09-16 11:54:00-04:00,760.9,760.9676,760.78,760.78,26109.963398,892,760.8661154362972
2026-09-16 11:55:00-04:00,760.78,760.8488,760.65,760.835,43851.46759,1004,760.7461221519367
2026-09-16 11:56:00-04:00,760.84,761.0589,760.685,760.815,32306.480493,889,760.756415994005
2026-09-16 11:57:00-04:00,760.8264,760.9274,760.65,760.7776,30701.933639,934,760.7672917384533
2026-09-16 11:58:00-04:00,760.7776,760.86,760.73,760.8464,41601.076502,1117,760.812245701066
2026-09-16 11:59:00-04:00,760.8464,760.8576,760.648,760.69,23977.801055,939,760.7573263990762
2026-09-16 12:00:00-04:00,760.69,760.8007,760.57,760.7176,41419.15262,1047,760.6541491264653
2026-09-16 12:01:00-04:00,760.7176,760.7654,760.5,760.5264,47958.004869,964,760.6069757771781
2026-09-16 12:02:00-04:00,760.5,760.58,760.43,760.4976,33756.736287,929,760.4933090895536
2026-09-16 12:03:00-04:00,760.4976,760.4976,760.3445,760.375,36040.487548,937,760.409519662183
2026-09-16 12:04:00-04:00,760.3788,760.5231,760.325,760.33,43076.94742,993,760.3673371199068
2026-09-16 12:05:00-04:00,760.3455,760.43,760.33,760.376,21835.914369,796,760.3831369892036
2026-09-16 12:06:00-04:00,760.3776,760.6004,760.32,760.3976,16829.574248,799,760.3734905290135
2026-09-16 12:07:00-04:00,760.3976,760.41,760.31,760.325,32205.808058,975,760.3593261784017
2026-09-16 12:08:00-04:00,760.33,760.43,760.28,760.3988,16760.016212,768,760.3625403089347
2026-09-16 12:09:00-04:00,760.39,760.51,760.36,760.4876,17986.146204,686,760.4507680644322
2026-09-16 12:10:00-04:00,760.4876,760.52,760.37,760.41,25593.818522,940,760.4386618622457
2026-09-16 12:11:00-04:00,760.4,760.4012,760.288,760.32,17504.919278,694,760.3288042856531
2026-09-16 12:12:00-04:00,760.3176,760.3869,760.17,760.1976,27844.717398,952,760.2466234152897
2026-09-16 12:13:00-04:00,760.1876,760.3876,760.18,760.3755,31831.985867,920,760.2678877648038
2026-09-16 12:14:00-04:00,760.36,760.372,760.27,760.3701,17020.5038,432,760.328957871393
2026-09-16 12:15:00-04:00,760.3819,760.47,760.34,760.47,18166.481959,487,760.3985511230532
2026-09-16 12:16:00-04:00,760.465,760.475,760.31,760.335,18977.802059,416,760.3888687800707
2026-09-16 12:17:00-04:00,760.33,760.43,760.28,760.41,43346.650658,975,760.3299069405781
2026-09-16 12:18:00-04:00,760.41,760.46,760.37,760.41,13565.261241,458,760.4181807549053
2026-09-16 12:19:00-04:00,760.4,760.41,760.32,760.3362,19175.547057,465,760.3578741708976
2026-09-16 12:20:00-04:00,760.32,760.3382,760.15,760.24,32933.424244,702,760.2256280889895
2026-09-16 12:21:00-04:00,760.235,760.2874,760.03,760.0655,27021.681552,583,760.1355324473201
2026-09-16 12:22:00-04:00,760.07,760.2943,759.94,760.048,46763.349768,989,759.9953976987706
2026-09-16 12:23:00-04:00,760.0488,760.2278,759.99,760.0667,22182.344519,511,760.0383965556562
2026-09-16 12:24:00-04:00,760.06,760.11,759.98,759.985,21032.176996,404,760.0670467041018
2026-09-16 12:25:00-04:00,760.0,760.1841,759.94,760.06,30718.17224,669,760.0160474422732
2026-09-16 12:26:00-04:00,760.04,760.11,760.02,760.1055,18310.078794,470,760.0615206367343
2026-09-16 12:27:00-04:00,760.1099,760.1492,759.94,759.9541,28649.159433,516,760.0105588437148
2026-09-16 12:28:00-04:00,759.95,760.01,759.86,759.99,24996.102744,569,759.9357980017962
2026-09-16 12:29:00-04:00,760.0,760.19,759.99,760.1439,32470.492672,763,760.1237845061521
2026-09-16 12:30:00-04:00,760.14,760.22,760.0597,760.1538,20349.171067,530,760.1689716225137
2026-09-16 12:31:00-04:00,760.16,760.2,759.94,759.96,19409.231753,495,760.0683083636591
2026-09-16 12:32:00-04:00,759.96,760.0421,759.73,759.75,30047.436172,715,759.8440622888601
2026-09-16 12:33:00-04:00,759.75,759.9632,759.67,759.705,22460.37684,634,759.7462937356864
2026-09-16 12:34:00-04:00,759.705,759.76,759.67,759.695,24199.208132,615,759.7173475218078
2026-09-16 12:35:00-04:00,759.7,759.8576,759.69,759.7901,31725.299876,848,759.7969534312399
2026-09-16 12:36:00-04:00,759.795,759.9176,759.78,759.8,24236.280817,612,759.8389733707188
2026-09-16 12:37:00-04:00,759.795,759.9156,759.745,759.84,15654.817556,520,759.8310177801292
2026-09-16 12:38:00-04:00,759.845,759.91,759.83,759.9,27013.786293,693,759.8768790659625
2026-09-16 12:39:00-04:00,759.9,759.9455,759.85,759.89,16458.928426,534,759.9007611478162
2026-09-16 12:40:00-04:00,759.89,759.97,759.8497,759.9518,28124.036427,642,759.9186666611567
2026-09-16 12:41:00-04:00,759.95,759.95,759.825,759.88,17584.232426,455,759.8927740779284
2026-09-16 12:42:00-04:00,759.87,759.91,759.83,759.88,15169.600201,430,759.8713541002841
2026-09-16 12:43:00-04:00,759.88,759.96,759.85,759.9588,6892.818837,278,759.9077770404967
2026-09-16 12:44:00-04:00,759.955,760.03,759.89,759.89,31212.937833,635,759.9871481571195
2026-09-16 12:45:00-04:00,759.92,760.1,759.92,759.984,29953.543691,605,760.0555351870972
2026-09-16 12:46:00-04:00,760.09,760.15,759.9434,760.11,23070.528038,583,760.0939223364107
2026-09-16 12:47:00-04:00,760.11,760.17,759.9598,760.16,28084.764792,568,760.1295303889116
2026-09-16 12:48:00-04:00,760.16,760.19,760.0134,760.15,43246.926288,687,760.162584371405
2026-09-16 12:49:00-04:00,760.145,760.1776,760.0952,760.0952,28627.69264,549,760.1372893690701
2026-09-16 12:50:00-04:00,760.09,760.15,759.9,759.9088,25646.534682,574,760.0377030167508
2026-09-16 12:51:00-04:00,759.9,759.96,759.8165,759.8165,17755.203469,438,759.8823749947595
2026-09-16 12:52:00-04:00,759.83,760.0561,759.73,759.824,26133.739677,504,759.7744396519245
2026-09-16 12:53:00-04:00,759.815,760.0253,759.74,759.82,19643.569333,460,759.7862238438017
2026-09-16 12:54:00-04:00,759.82,759.9,759.8099,759.89,20635.754471,489,759.8352056735823
2026-09-16 12:55:00-04:00,759.9,760.01,759.88,759.9776,50374.597908,946,759.9343162905906
2026-09-16 12:56:00-04:00,759.97,760.01,759.88,759.89,19123.15279,500,759.9633593076456
2026-09-16 12:57:00-04:00,759.8801,759.9849,759.82,759.92,24042.796502,635,759.9070731769807
2026-09-16 12:58:00-04:00,759.92,759.93,759.87,759.92,29190.130731,705,759.9055411054356
2026-09-16 12:59:00-04:00,759.93,759.93,759.77,759.77,37226.4046,719,759.8318851153617
2026-09-16 13:00:00-04:00,759.775,759.79,759.51,759.5364,46123.882923,786,759.6552826206298
2026-09-16 13:01:00-04:00,759.53,759.53,759.4,759.4388,25556.112125,622,759.4742827574655
2026-09-16 13:02:00-04:00,759.44,759.8031,759.37,759.41,33687.16492,644,759.4168532741409
2026-09-16 13:03:00-04:00,759.42,759.44,759.26,759.289,26819.3997,638,759.3401719944414
2026-09-16 13:04:00-04:00,759.3,759.43,759.28,759.4099,23155.750432,584,759.3549336270498
2026-09-16 13:05:00-04:00,759.4,759.49,759.39,759.4193,29994.809447,742,759.4482473505113
2026-09-16 13:06:00-04:00,759.41,759.5824,759.395,759.425,12744.6078,330,759.4286826567145
2026-09-16 13:07:00-04:00,759.4169,759.5,759.41,759.47,15969.927203,419,759.4537723818526
2026-09-16 13:08:00-04:00,759.465,759.55,759.44,759.51,20488.0188,456,759.5041446581542
2026-09-16 13:09:00-04:00,759.53,759.59,759.49,759.565,25785.568145,523,759.5411148122067
2026-09-16 13:10:00-04:00,759.565,759.63,759.4509,759.53,20387.243279,559,759.5302706708935
2026-09-16 13:11:00-04:00,759.52,759.59,759.47,759.47,23707.262699,500,759.5304662038982
2026-09-16 13:12:00-04:00,759.47,759.53,759.43,759.495,22770.87996,494,759.4929921656069
2026-09-16 13:13:00-04:00,759.5,759.61,759.495,759.59,21740.88431,506,759.5778993130692
2026-09-16 13:14:00-04:00,759.6,759.81,759.59,759.74,26341.693508,669,759.7033356527945
2026-09-16 13:15:00-04:00,759.7435,759.76,759.66,759.7032,52656.448288,961,759.7305970799611
2026-09-16 13:16:00-04:00,759.7082,759.82,759.5976,759.8101,17458.173463,489,759.7514669060931
2026-09-16 13:17:00-04:00,759.815,759.84,759.6174,759.74,16149.34003,550,759.796184041592
2026-09-16 13:18:00-04:00,759.74,759.84,759.73,759.8,23927.977205,665,759.7824702833587
2026-09-16 13:19:00-04:00,759.8,759.8,759.72,759.76,36349.572039,680,759.765950412363
2026-09-16 13:20:00-04:00,759.755,759.86,759.684,759.83,26543.605978,694,759.8118114984137
2026-09-16 13:21:00-04:00,759.84,759.92,759.7904,759.87,26993.085784,669,759.869051263325
2026-09-16 13:22:00-04:00,759.86,759.89,759.68,759.7,23967.185656,530,759.7899436994259
2026-09-16 13:23:00-04:00,759.7,759.7795,759.57,759.57,19566.965848,467,759.6287110963781
2026-09-16 13:24:00-04:00,759.568,759.7483,759.53,759.64,18568.019348,495,759.5676266087072
2026-09-16 13:25:00-04:00,759.64,759.84,759.63,759.822941,23061.528475,589,759.7484196252328
2026-09-16 13:26:00-04:00,759.8,759.85,759.7212,759.82,17820.281436,540,759.7878923562489
2026-09-16 13:27:00-04:00,759.82,759.9,759.7173,759.8801,18494.539603,560,759.8489861250438
2026-09-16 13:28:00-04:00,759.88,759.9,759.82,759.8399,19200.231767,470,759.8607581780063
2026-09-16 13:29:00-04:00,759.83,759.94,759.7869,759.9309,29274.550683,701,759.885094177434
2026-09-16 13:30:00-04:00,759.935,760.06,759.86,759.88,46080.656917,956,759.9487615852113
2026-09-16 13:31:00-04:00,759.89,759.89,759.66,759.7055,42226.899084,931,759.7886728757389
2026-09-16 13:32:00-04:00,759.71,759.8009,759.66,759.7371,17149.686218,564,759.6968428351449
2026-09-16 13:33:00-04:00,759.74,759.79,759.7,759.7664,17727.442434,712,759.7440854376384
2026-09-16 13:34:00-04:00,759.76,759.84,759.7245,759.79,59745.565614,838,759.8075484813816
2026-09-16 13:35:00-04:00,759.79,759.84,759.7301,759.836,18098.056833,458,759.7825882261463
2026-09-16 13:36:00-04:00,759.83,759.89,759.79,759.8589,24389.834947,621,759.854175362371
2026-09-16 13:37:00-04:00,759.8482,759.87,759.7911,759.81,32512.047514,646,759.840050658124
2026-09-16 13:38:00-04:00,759.81,759.8391,759.75,759.76,23335.577442,577,759.8007438726817
2026-09-16 13:39:00-04:00,759.7699,759.8155,759.63,759.63,27898.782243999998,598,759.7276476210407
2026-09-16 13:40:00-04:00,759.63,759.7198,759.48,759.48,41128.784389,725,759.5219150810314
2026-09-16 13:41:00-04:00,759.497,759.6999,759.44,759.53,61906.265574,765,759.489706848238
2026-09-16 13:42:00-04:00,759.54,759.6953,759.463,759.515,21217.812048,631,759.5098454621358
2026-09-16 13:43:00-04:00,759.51,759.55,759.33,759.33,25761.925835,685,759.4534904484694
2026-09-16 13:44:00-04:00,759.33,759.6495,759.31,759.34,15254.156819,473,759.3392230841426
2026-09-16 13:45:00-04:00,759.34,759.54,759.335,759.54,30045.956672,687,759.4292236645658
2026-09-16 13:46:00-04:00,759.53,759.71,759.4667,759.7,27615.968946,650,759.6033385249897
2026-09-16 13:47:00-04:00,759.7,759.768,759.68,759.7101,53329.169835,728,759.7215406593413
2026-09-16 13:48:00-04:00,759.715,759.7361,759.5496,759.565,23046.729256,551,759.6407471248376
2026-09-16 13:49:00-04:00,759.58,759.64,759.53,759.55,38713.719448,714,759.6055171997662
2026-09-16 13:50:00-04:00,759.57,759.6297,759.5,759.6,43947.450688,645,759.5254896386772
2026-09-16 13:51:00-04:00,759.605,759.69,759.58,759.6615,26244.63067,547,759.6245378078768
2026-09-16 13:52:00-04:00,759.68,759.81,759.5687,759.785,37484.729824,4692,759.698667843899
2026-09-16 13:53:00-04:00,759.785,759.84,759.6686,759.83,40402.189926,826,759.7738776490404
2026-09-16 13:54:00-04:00,759.8367,759.86,759.6531,759.6531,40724.171385,890,759.8089914570882
2026-09-16 13:55:00-04:00,759.8,759.8,759.66,759.7,39946.322485,760,759.7546389647239
2026-09-16 13:56:00-04:00,759.7,759.87,759.66,759.8401,21745.017978,526,759.7676621679093
2026-09-16 13:57:00-04:00,759.86,759.95,759.82,759.93,50695.70096,744,759.8857384022721
2026-09-16 13:58:00-04:00,759.93,760.25,759.915,760.215,64755.63704,1082,760.14160298183
2026-09-16 13:59:00-04:00,760.215,760.2899,760.07,760.27,63812.53351,918,760.1726986058387
2026-09-16 14:00:00-04:00,760.3,760.9789,759.51,759.68,556837.979566,6677,760.0560874620436
2026-09-16 14:01:00-04:00,759.66,759.9454,758.8,758.96,600945.502909,6830,759.2870429244784
2026-09-16 14:02:00-04:00,758.97,759.8,758.75,759.735,297556.422416,3928,759.3387449347647
2026-09-16 14:03:00-04:00,759.725,760.08,759.384,759.66,198497.773413,2451,759.8279927450541
2026-09-16 14:04:00-04:00,759.6257,760.4599,759.45,760.2,146083.403912,1981,760.0827876051318
2026-09-16 14:05:00-04:00,760.22,760.57,759.7049,760.465,97502.75769,1551,760.3397057214482
2026-09-16 14:06:00-04:00,760.49,760.71,759.7594,760.26,210306.598732,2987,760.4267352107993
2026-09-16 14:07:00-04:00,760.27,760.87,760.18,760.8,157373.052853,1965,760.6795930574292
2026-09-16 14:08:00-04:00,760.8,761.225,760.77,760.88,181503.979965,2468,761.0047404596409
2026-09-16 14:09:00-04:00,760.88,760.91,760.64,760.6677,136158.520327,1912,760.7546311451532
2026-09-16 14:10:00-04:00,760.66,760.8552,760.14,760.38,152054.902219,2011,760.4170739302606
2026-09-16 14:11:00-04:00,760.365,760.48,760.1001,760.21,118125.384559,2011,760.3042050450005
2026-09-16 14:12:00-04:00,760.2,760.2894,759.9001,760.06,101438.273787,1353,760.0291361364131
2026-09-16 14:13:00-04:00,760.07,760.37,759.81,760.3073,86324.060259,1236,760.0888404016576
2026-09-16 14:14:00-04:00,760.29,760.53,759.8318,759.96,55560.751445,978,760.186592972448
2026-09-16 14:15:00-04:00,759.96,760.1574,759.8603,759.895,37388.866808,794,759.99182583863
2026-09-16 14:16:00-04:00,759.9,760.486,759.83,759.97,40706.552734,848,759.957080513669
2026-09-16 14:17:00-04:00,759.97,760.4785,759.72,759.9048,54727.97619,894,759.9075132545061
2026-09-16 14:18:00-04:00,759.895,760.13,759.665,759.705,57602.688368,992,759.8359301256087
2026-09-16 14:19:00-04:00,759.72,760.36,759.66,759.945,88927.1499,1672,759.8920378420611
2026-09-16 14:20:00-04:00,759.94,759.9755,759.61,759.7785,58781.00509,1220,759.8105301362423
2026-09-16 14:21:00-04:00,759.765,760.15,759.76,759.9432,32984.687904,809,759.9531132047059
2026-09-16 14:22:00-04:00,759.951,760.3,759.91,760.02,43962.555478,858,760.064668186231
2026-09-16 14:23:00-04:00,759.9677,760.14,759.81,760.11,44411.579199,852,760.0075623429946
2026-09-16 14:24:00-04:00,760.08,760.164,759.8205,759.848,54871.017342,1044,760.0035905867819
2026-09-16 14:25:00-04:00,759.845,759.9871,759.55,759.6,63465.660942,1089,759.7310095037009
2026-09-16 14:26:00-04:00,759.6,759.8937,759.38,759.48,112887.070364,1724,759.5166925841213
2026-09-16 14:27:00-04:00,759.495,759.7688,758.87,758.99,82593.867623,1436,759.1105432968585
2026-09-16 14:28:00-04:00,759.0008,759.7147,758.785,759.16,109862.220988,1370,758.952924729302
2026-09-16 14:29:00-04:00,759.175,759.78,759.17,759.661,71384.417675,1215,759.558524226904
2026-09-16 14:30:00-04:00,759.6637,759.89,759.22,759.27,66261.941985,1187,759.5160920938138
2026-09-16 14:31:00-04:00,759.25,759.27,758.6323,758.8195,108886.831308,1842,758.8504025721318
2026-09-16 14:32:00-04:00,758.8,759.4035,757.85,758.065,170527.201355,3393,758.2901460536501
2026-09-16 14:33:00-04:00,758.04,759.1631,757.67,757.81,323949.589272,4424,757.9621380291081
2026-09-16 14:34:00-04:00,757.83,758.15,757.54,757.64,239240.532234,3089,757.8737425802608
2026-09-16 14:35:00-04:00,757.64,758.3765,756.77,756.95,346008.652823,5076,757.1773173575899
2026-09-16 14:36:00-04:00,756.96,757.14,756.06,756.13,313422.328292,4269,756.643497436258
2026-09-16 14:37:00-04:00,756.15,756.65,756.05,756.34,325343.597568,4186,756.2915155532633
2026-09-16 14:38:00-04:00,756.35,757.71,756.2886,757.46,383591.826088,4425,757.190180360831
2026-09-16 14:39:00-04:00,757.46,758.03,757.4,757.8901,240724.901481,3325,757.7426820392681
2026-09-16 14:40:00-04:00,757.9051,758.48,757.8,758.44,142699.424821,2197,758.2045146289696
2026-09-16 14:41:00-04:00,758.45,759.015,758.13,758.98,226575.219511,2913,758.5375862731371
2026-09-16 14:42:00-04:00,758.98,759.92,757.4711,759.92,159659.440727,2500,759.3680810408546
2026-09-16 14:43:00-04:00,759.92,760.21,757.5305,759.88,244785.915906,2684,759.8983238724104
2026-09-16 14:44:00-04:00,759.88,759.97,758.97,758.99,189019.978796,2815,759.5695349926852
2026-09-16 14:45:00-04:00,758.99,759.55,757.8153,759.1099,159967.572258,2376,759.1391144211748
2026-09-16 14:46:00-04:00,759.13,759.18,758.58,758.58,114553.975758,1983,758.9131293309355
2026-09-16 14:47:00-04:00,758.57,759.0211,758.04,758.0573,104152.965652,1887,758.4176203320607
2026-09-16 14:48:00-04:00,758.085,758.6984,757.74,757.7642,165733.601663,2530,757.9984495168449
2026-09-16 14:49:00-04:00,757.77,758.8111,757.43,757.56,110075.200085,1757,757.6349501875796
2026-09-16 14:50:00-04:00,757.585,757.84,757.09,757.13,188944.891424,2148,757.5904547626586
2026-09-16 14:51:00-04:00,757.13,757.4901,756.725,757.22,177473.210662,2528,756.9767334500854
2026-09-16 14:52:00-04:00,757.22,758.5561,755.93,756.29,179176.38611,3221,756.3846303866653
2026-09-16 14:53:00-04:00,756.3,758.2579,755.52,755.52,184169.003735,2828,756.082452019883
2026-09-16 14:54:00-04:00,755.52,755.9424,755.09,755.16,228366.515882,3620,755.3934395780957
2026-09-16 14:55:00-04:00,755.17,755.76,755.03,755.2101,263814.498825,4054,755.4406000794025
2026-09-16 14:56:00-04:00,755.26,755.5877,754.56,754.61,274195.237853,4679,754.8698051376451
2026-09-16 14:57:00-04:00,754.61,756.2891,753.89,754.275,226788.405568,3598,754.2794128854148
2026-09-16 14:58:00-04:00,754.28,754.61,754.1,754.3951,173034.02190300002,2569,754.3317101937607
2026-09-16 14:59:00-04:00,754.41,755.6628,753.75,753.88,340655.829294,4708,754.3162632246365
2026-09-16 15:00:00-04:00,753.9,755.02,753.735,754.905,450685.99984,5899,754.5782177793052
2026-09-16 15:01:00-04:00,754.905,755.18,754.35,754.39,279681.602459,4147,754.7420696218252
2026-09-16 15:02:00-04:00,754.39,754.62,754.1101,754.48,174659.768052,2652,754.3443761184608
2026-09-16 15:03:00-04:00,754.46,755.18,754.32,755.05,173599.15813,2874,754.7444903335021
2026-09-16 15:04:00-04:00,755.07,755.36,754.58,754.7373,389230.014705,4881,754.9622699455368
2026-09-16 15:05:00-04:00,754.76,754.77,753.94,754.45,193701.193784,3267,754.2827333551814
2026-09-16 15:06:00-04:00,754.44,754.76,754.2921,754.32,152515.329323,2463,754.5346022286128
2026-09-16 15:07:00-04:00,754.33,754.531,753.74,754.01,162042.901658,2884,754.0237545002216
2026-09-16 15:08:00-04:00,754.0113,754.17,753.17,753.39,218774.108386,3713,753.5090488139858
2026-09-16 15:09:00-04:00,753.4,754.4624,752.98,753.2,127459.528139,2388,753.1313663187334
2026-09-16 15:10:00-04:00,753.19,754.3637,752.28,752.3,213951.469836,3630,752.7645096406176
2026-09-16 15:11:00-04:00,752.305,754.0251,751.84,751.89,296783.254141,4436,752.1844454193434
2026-09-16 15:12:00-04:00,751.91,753.7521,751.57,751.74,320571.531234,4680,751.8335849647325
2026-09-16 15:13:00-04:00,751.725,751.98,751.25,751.399,286034.427983,4212,751.5740551802218
2026-09-16 15:14:00-04:00,751.39,751.96,751.14,751.31,430015.82787,5313,751.550625546648
2026-09-16 15:15:00-04:00,751.31,752.5467,751.23,751.54,347404.859482,4471,751.668029881078
2026-09-16 15:16:00-04:00,751.5387,752.134,751.06,751.5,313634.039565,4400,751.2671385169564
2026-09-16 15:17:00-04:00,751.5,751.9661,751.11,751.2372,412549.910211,5076,751.4046389622882
2026-09-16 15:18:00-04:00,751.22,751.8198,750.91,750.9235,251575.841579,4329,751.1816159747688
2026-09-16 15:19:00-04:00,750.92,751.1515,750.49,750.945,201834.333777,3299,750.7718126539924
2026-09-16 15:20:00-04:00,750.95,751.34,750.61,750.625,329410.992843,4447,750.9768775675809
2026-09-16 15:21:00-04:00,750.64,751.3511,750.36,750.61,326985.202335,3975,750.5303728976442
2026-09-16 15:22:00-04:00,750.61,751.2174,750.19,750.26,319476.222884,4364,750.4565621167548
2026-09-16 15:23:00-04:00,750.27,751.0846,750.19,750.255,389615.368493,5100,750.3759610589486
2026-09-16 15:24:00-04:00,750.25,750.84,750.11,750.68,387889.712898,4730,750.4274372457928
2026-09-16 15:25:00-04:00,750.69,750.87,749.78,749.78,369915.460903,6885,750.3821091049662
2026-09-16 15:26:00-04:00,749.788,750.7172,749.66,749.8132,219248.099011,3187,749.8259165736098
2026-09-16 15:27:00-04:00,749.81,750.6191,749.6,750.33,283034.723259,3782,750.0010271816499
2026-09-16 15:28:00-04:00,750.32,750.5999,750.0066,750.1999,303327.706368,4182,750.3928767378592
2026-09-16 15:29:00-04:00,750.21,751.3154,750.2,751.26,357577.149634,4724,750.8812784863413
2026-09-16 15:30:00-04:00,751.24,751.72,750.3966,751.6799,350867.843863,5097,751.4385107851632
2026-09-16 15:31:00-04:00,751.675,751.85,751.4387,751.62,388735.056513,4298,751.7178832784494
2026-09-16 15:32:00-04:00,751.65,752.2,751.57,752.095,342649.198389,4968,752.0309740801824
2026-09-16 15:33:00-04:00,752.1,752.32,751.67,752.05,281021.106284,3903,752.0331724188616
2026-09-16 15:34:00-04:00,752.06,752.62,751.8235,752.565,237877.871011,2532,752.3894395375899
2026-09-16 15:35:00-04:00,752.56,752.65,752.0364,752.32,179446.637207,2772,752.3135171691719
2026-09-16 15:36:00-04:00,752.325,752.36,751.48,751.576,253474.95831,3886,751.8383323688745
2026-09-16 15:37:00-04:00,751.58,752.17,751.47,752.16,147826.880309,2362,751.7521145854206
2026-09-16 15:38:00-04:00,752.15,752.35,751.6296,751.98,170177.160331,2438,752.1396295087162
2026-09-16 15:39:00-04:00,751.98,752.56,751.97,752.425,174227.945891,2563,752.312529813354
2026-09-16 15:40:00-04:00,752.43,752.44,752.0193,752.25,189774.523453,2819,752.3250865712137
2026-09-16 15:41:00-04:00,752.24,752.82,752.0,752.0079,210682.317796,2882,752.4193315621285
2026-09-16 15:42:00-04:00,752.0,752.2701,751.7701,752.01,195859.814123,2962,751.9935203395206
2026-09-16 15:43:00-04:00,752.0295,752.4,751.98,752.28,181832.164478,2830,752.1961941550574
2026-09-16 15:44:00-04:00,752.26,752.45,752.01,752.09,176337.849753,2666,752.2056589675991
2026-09-16 15:45:00-04:00,752.09,752.92,752.04,752.9,213937.407537,3252,752.474342393768
2026-09-16 15:46:00-04:00,752.91,753.095,752.5549,752.9,293753.006363,3398,752.9374856699202
2026-09-16 15:47:00-04:00,752.88,753.31,752.81,753.28,293504.648741,3614,753.1447670056045
2026-09-16 15:48:00-04:00,753.28,753.48,752.4933,753.465,312747.300717,4085,753.3052838233226
2026-09-16 15:49:00-04:00,753.465,753.65,752.7307,753.46,324152.014773,3513,753.4860774164107
2026-09-16 15:50:00-04:00,753.48,753.93,752.8069,753.89,416695.66008,5073,753.6776913400406
2026-09-16 15:51:00-04:00,753.88,754.07,752.9998,753.5605,356233.278725,4157,753.85317573604
2026-09-16 15:52:00-04:00,753.565,753.89,753.43,753.885,333593.776424,3801,753.6152651085578
2026-09-16 15:53:00-04:00,753.88,753.99,753.2562,753.74,164322.21888,2681,753.8250019879991
2026-09-16 15:54:00-04:00,753.735,754.23,753.56,754.085,232402.481452,3437,753.9476833919254
2026-09-16 15:55:00-04:00,754.06,754.21,753.75,754.12,415443.836533,4911,753.9826777687214
2026-09-16 15:56:00-04:00,754.1275,754.3,753.94,754.29,390154.34268999996,4229,754.1059684511868
2026-09-16 15:57:00-04:00,754.295,754.37,753.7774,753.99,510269.285459,6029,754.1396144849759
2026-09-16 15:58:00-04:00,753.99,754.1146,753.81,754.01,561598.680099,5841,753.9305510069323
2026-09-16 15:59:00-04:00,754.005,754.35,753.81,754.095,1132292.451398,11452,754.1245479966607
2026-09-17 09:30:00-04:00,763.14,763.41,762.6,762.95,778222.158664,6366,763.0927846268366
2026-09-17 09:31:00-04:00,762.93,762.95,762.11,762.13,424299.862549,4598,762.4860037788959
2026-09-17 09:32:00-04:00,762.15,762.375,762.04,762.22,276817.72345,3462,762.2011113136002
2026-09-17 09:33:00-04:00,762.23,762.29,761.91,761.93,216920.505943,2928,762.049538332404
2026-09-17 09:34:00-04:00,761.92,763.25,761.37,761.37,185158.465001,2783,761.7564832991523
2026-09-17 09:35:00-04:00,761.38,763.25,761.18,761.305,289224.878993,3033,761.366429557029
2026-09-17 09:36:00-04:00,761.32,761.55,761.085,761.32,192797.623676,2800,761.3052134976241
2026-09-17 09:37:00-04:00,761.33,762.29,761.12,761.2,98073.622571,1658,761.277150111848
2026-09-17 09:38:00-04:00,761.2,761.28,761.04,761.1297,120683.501865,1720,761.1270216334624
2026-09-17 09:39:00-04:00,761.13,761.4396,761.0,761.12,115044.058136,2146,761.1120760284682
2026-09-17 09:40:00-04:00,761.12,761.25,760.88,761.018,137739.28537,2086,761.0397305233357
2026-09-17 09:41:00-04:00,761.02,761.23,760.722,760.85,99271.229447,1618,760.9921108545292
2026-09-17 09:42:00-04:00,760.85,761.03,760.7001,760.95,94940.441823,1330,760.8562220577911
2026-09-17 09:43:00-04:00,760.97,761.12,760.85,761.035,98555.727813,1505,760.980960823851
2026-09-17 09:44:00-04:00,761.03,761.2436,760.4,760.935,155660.04798,2753,760.9684726938171
2026-09-17 09:45:00-04:00,760.94,761.11,760.82,760.82,135759.830056,1988,760.9552879844646
2026-09-17 09:46:00-04:00,760.81,761.15,760.72,761.11,137871.221295,1851,760.9518497652751
2026-09-17 09:47:00-04:00,761.11,761.48,761.0,761.25,240514.879222,2284,761.3171105849799
2026-09-17 09:48:00-04:00,761.25,761.31,760.8298,761.0099,117505.629461,1777,761.076915353084
2026-09-17 09:49:00-04:00,760.985,761.4,760.77,761.39,87649.756642,1314,760.9948396782561
2026-09-17 09:50:00-04:00,761.39,761.63,761.28,761.604,168491.268552,2271,761.4449886197958
2026-09-17 09:51:00-04:00,761.59,761.62,761.05,761.3,82194.068171,1470,761.3357490089832
2026-09-17 09:52:00-04:00,761.305,761.9,761.19,761.3527,219859.050245,3053,761.3874829024693
2026-09-17 09:53:00-04:00,761.35,761.37,761.0,761.17,58703.995242,1150,761.1855678669797
2026-09-17 09:54:00-04:00,761.17,761.435,761.03,761.034,79933.228848,1209,761.1941683302257
2026-09-17 09:55:00-04:00,761.03,761.25,760.97,761.03,55847.585144,1107,761.0967505189695
2026-09-17 09:56:00-04:00,761.0403,761.16,760.95,760.95,42563.343407,945,761.0630056664953
2026-09-17 09:57:00-04:00,760.955,761.0107,760.75,760.9387,72266.014298,1270,760.8518697716273
2026-09-17 09:58:00-04:00,760.915,761.09,760.8526,760.89,64706.762257,1174,760.9716122969902
2026-09-17 09:59:00-04:00,760.89,761.27,760.87,761.25,61759.418281,938,761.0573269264555
2026-09-17 10:00:00-04:00,761.25,761.25,760.63,760.67,90224.85062699999,1885,760.8826613083194
2026-09-17 10:01:00-04:00,760.662,760.67,760.362,760.6201,88817.390331,1801,760.4977511165472
2026-09-17 10:02:00-04:00,760.62,761.08,760.3683,760.47,127047.543368,1625,760.4438195053838
2026-09-17 10:03:00-04:00,760.46,760.64,760.28,760.63,78323.337701,1517,760.4293062837088
2026-09-17 10:04:00-04:00,760.63,760.7164,760.48,760.602,89715.839807,1552,760.602479997484
2026-09-17 10:05:00-04:00,760.6,760.64,760.31,760.45,80198.748963,1540,760.4160486619628
2026-09-17 10:06:00-04:00,760.4542,760.65,760.41,760.54,56754.530997,1220,760.499645278687
2026-09-17 10:07:00-04:00,760.54,760.54,760.105,760.105,73294.205891,1454,760.2650958264093
2026-09-17 10:08:00-04:00,760.11,760.5509,759.96,760.2288,98783.877858,1938,760.1082698821086
2026-09-17 10:09:00-04:00,760.23,760.491,760.06,760.25,76370.600099,1351,760.1981388163647
2026-09-17 10:10:00-04:00,760.25,760.4799,760.18,760.4,74265.977143,1450,760.3731629247854
2026-09-17 10:11:00-04:00,760.405,760.46,760.1,760.3846,87786.018268,1545,760.2568918585545
2026-09-17 10:12:00-04:00,760.3777,760.52,760.28,760.45,75996.118326,1532,760.3909819722539
2026-09-17 10:13:00-04:00,760.45,760.83,760.38,760.815,152249.871511,2701,760.5932629204486
2026-09-17 10:14:00-04:00,760.82,761.19,760.81,761.15,216539.747368,3718,761.0114749441831
2026-09-17 10:15:00-04:00,761.15,761.23,761.04,761.09,110587.352766,2440,761.1655656763426
2026-09-17 10:16:00-04:00,761.09,761.38,761.0764,761.28,151699.110976,2373,761.2872933397042
2026-09-17 10:17:00-04:00,761.28,761.43,760.988,761.24,79774.890964,1847,761.3303435214209
2026-09-17 10:18:00-04:00,761.235,761.4576,760.7904,761.3488,71214.130807,1658,761.3114953711079
2026-09-17 10:19:00-04:00,761.37,761.48,760.8998,761.475,68637.109402,1548,761.3814856506365
2026-09-17 10:20:00-04:00,761.4876,761.555,761.2601,761.4376,86985.746771,1739,761.4421413339378
2026-09-17 10:21:00-04:00,761.445,761.735,761.44,761.6688,109252.420386,1936,761.5933628800377
2026-09-17 10:22:00-04:00,761.66,761.93,761.66,761.8,110873.885974,1802,761.7849837482282
2026-09-17 10:23:00-04:00,761.8,762.03,761.8,761.9876,100394.365817,1919,761.9498544165698
2026-09-17 10:24:00-04:00,761.975,762.04,761.74,761.9676,80435.814477,1712,761.9282798839731
2026-09-17 10:25:00-04:00,761.96,762.09,761.85,761.91,111378.802443,2121,762.003021650609
2026-09-17 10:26:00-04:00,761.92,762.12,761.87,762.1176,85100.383833,1555,761.9855669708345
2026-09-17 10:27:00-04:00,762.1,762.26,762.0088,762.2588,87661.12988,1745,762.1035040949632
2026-09-17 10:28:00-04:00,762.245,762.27,761.8029,761.89,107895.979189,2080,762.0794328654016
2026-09-17 10:29:00-04:00,761.88,761.91,761.63,761.69,166854.64140599998,1893,761.8335066067024
2026-09-17 10:30:00-04:00,761.67,761.89,761.62,761.8776,81580.175174,1589,761.7348050883099
2026-09-17 10:31:00-04:00,761.86,762.0,761.64,761.7288,64165.517767,1721,761.8039165064254
2026-09-17 10:32:00-04:00,761.75,761.7876,761.54,761.77,90463.132956,1794,761.6966646197122
2026-09-17 10:33:00-04:00,761.78,761.9076,761.62,761.6864,93160.066058,1781,761.7627729936231
2026-09-17 10:34:00-04:00,761.68,762.05,761.65,762.01,62196.323535999996,1338,761.8808931299046
2026-09-17 10:35:00-04:00,761.7672,762.06,761.73,761.8976,72738.391996,1712,761.9212382658308
2026-09-17 10:36:00-04:00,761.8988,761.96,761.7388,761.84,63227.587571000004,1491,761.8434463449695
2026-09-17 10:37:00-04:00,761.85,762.02,761.8132,761.93,39210.796296,1130,761.91106702902
2026-09-17 10:38:00-04:00,761.92,761.9976,761.81,761.935,48449.369956,1259,761.9258820950716
2026-09-17 10:39:00-04:00,761.94,762.03,761.66,761.71,67803.905273,1610,761.8701865055453
2026-09-17 10:40:00-04:00,761.68,762.1,761.6201,762.0475,46356.902401,1364,761.8739008718173
2026-09-17 10:41:00-04:00,762.04,762.1864,761.83,762.165,60597.21289,1497,762.0254787795556
2026-09-17 10:42:00-04:00,762.1699,762.23,762.06,762.07,68835.022218,1500,762.1506466932565
2026-09-17 10:43:00-04:00,762.0776,762.2,761.99,762.0,65764.60956900001,1495,762.0949657621
2026-09-17 10:44:00-04:00,762.01,762.09,761.85,761.8776,53366.743352,1239,761.9575488625693
2026-09-17 10:45:00-04:00,761.87,762.0377,761.69,761.698,63434.637552,1396,761.7949990907623
2026-09-17 10:46:00-04:00,761.69,761.79,761.36,761.4,86794.715785,1644,761.5264631406203
2026-09-17 10:47:00-04:00,761.42,761.45,761.1,761.21,68403.872646,1459,761.2697043767831
2026-09-17 10:48:00-04:00,761.2,761.4176,761.1801,761.2676,67621.153275,1455,761.2977269524846
2026-09-17 10:49:00-04:00,761.26,761.3188,761.06,761.26,89644.561117,1661,761.1631871473903
2026-09-17 10:50:00-04:00,761.2676,761.3199,761.04,761.0564,47301.625752,1350,761.1537296384563
2026-09-17 10:51:00-04:00,761.055,761.23,761.04,761.16,46185.941882,1214,761.1392729188523
2026-09-17 10:52:00-04:00,761.1588,761.18,760.97,761.0264,41734.536061,1233,761.065585608137
2026-09-17 10:53:00-04:00,760.9827,761.05,760.8,760.835,92591.277099,1634,760.9605810187218
2026-09-17 10:54:00-04:00,760.8376,760.8476,760.53,760.61,112869.608746,1876,760.6421540141406
2026-09-17 10:55:00-04:00,760.68,761.1665,760.475,760.5364,103551.500609,1650,760.5979190526338
2026-09-17 10:56:00-04:00,760.5376,761.0377,760.43,760.7365,69723.998353,1457,760.6007274688799
2026-09-17 10:57:00-04:00,760.73,761.0,760.6014,760.85,76536.973821,1656,760.8516373723884
2026-09-17 10:58:00-04:00,760.8476,761.11,760.7368,760.75,87145.254264,1483,760.9631227323066
2026-09-17 10:59:00-04:00,760.7564,760.85,760.6329,760.7964,54538.976299,1301,760.7510389726917
2026-09-17 11:00:00-04:00,760.79,760.9222,760.61,760.8164,51761.494321,1439,760.8134768860668
2026-09-17 11:01:00-04:00,760.7964,760.8603,760.6368,760.6499,67922.04052,1310,760.7375106682371
2026-09-17 11:02:00-04:00,760.645,760.81,760.6,760.8,40351.464653,1096,760.6957709937967
2026-09-17 11:03:00-04:00,760.786,761.0064,760.7,760.835,36757.706521,1195,760.8709296247007
2026-09-17 11:04:00-04:00,760.8464,760.85,760.58,760.6176,41195.588938,1043,760.7189913372322
2026-09-17 11:05:00-04:00,760.62,760.68,760.4,760.4,46195.627781,1157,760.561857025554
2026-09-17 11:06:00-04:00,760.4264,760.767,760.36,760.6455,72073.169252,1674,760.4918819635501
2026-09-17 11:07:00-04:00,760.6576,760.82,760.465,760.7464,64566.124011,1700,760.6387579581414
2026-09-17 11:08:00-04:00,760.7464,760.86,760.64,760.8464,48166.003979,1101,760.732369250285
2026-09-17 11:09:00-04:00,760.83,760.8788,760.66,760.76,62017.796291,1256,760.7648763499977
2026-09-17 11:10:00-04:00,760.6916,760.83,760.6491,760.76,32068.800764,1042,760.7071319493969
2026-09-17 11:11:00-04:00,760.78,761.07,760.71,761.04,38238.670572,1020,760.9113810089065
2026-09-17 11:12:00-04:00,761.045,761.0952,760.6974,760.93,40476.372222000005,1081,760.9633345791013
2026-09-17 11:13:00-04:00,760.9364,761.18,760.86,761.145,20099.517704,844,761.0410330310324
2026-09-17 11:14:00-04:00,761.17,761.2464,761.015,761.16,54145.427371,1376,761.1210631657059
2026-09-17 11:15:00-04:00,761.15,761.18,760.93,761.02,40726.753811,1255,761.0513126046586
2026-09-17 11:16:00-04:00,761.0164,761.3,760.96,761.29,69125.474637,1118,761.0288999517743
2026-09-17 11:17:00-04:00,761.3,761.4364,761.15,761.41,40628.564773,1067,761.2649596794082
2026-09-17 11:18:00-04:00,761.4,761.49,761.29,761.46,70526.972446,1475,761.359463120513
2026-09-17 11:19:00-04:00,761.44,761.5,761.33,761.44,37701.848078,1083,761.4054599036618
2026-09-17 11:20:00-04:00,761.46,761.4764,761.1187,761.2688,43563.207895,1268,761.3112122357417
2026-09-17 11:21:00-04:00,761.25,761.33,761.146,761.21,34371.373827,1023,761.2401057587659
2026-09-17 11:22:00-04:00,761.22,761.38,761.08,761.33,38343.701497,1097,761.191974554505
2026-09-17 11:23:00-04:00,761.33,761.3576,761.17,761.1818,45114.660389,1103,761.2595842158237
2026-09-17 11:24:00-04:00,761.1888,761.32,761.0601,761.2976,36199.881631000004,1084,761.1556082309529
2026-09-17 11:25:00-04:00,761.29,761.67,761.2314,761.66,51597.123675,1379,761.5659798092755
2026-09-17 11:26:00-04:00,761.6664,761.69,761.48,761.49,48221.788308,1074,761.5746965593717
2026-09-17 11:27:00-04:00,761.5064,761.7399,761.47,761.5264,32668.439655,1079,761.6063329168601
2026-09-17 11:28:00-04:00,761.52,761.59,761.39,761.5676,36446.124526,1022,761.4908896364486
2026-09-17 11:29:00-04:00,761.5676,761.6788,761.54,761.565,45209.045511,1087,761.6174144727415
2026-09-17 11:30:00-04:00,761.57,761.7164,761.4123,761.6176,35913.15482,1068,761.6228391083496
2026-09-17 11:31:00-04:00,761.6176,761.7,761.56,761.675,42790.316642,1116,761.6110919888533
2026-09-17 11:32:00-04:00,761.66,761.73,761.57,761.62,34975.086604,998,761.671409892561
2026-09-17 11:33:00-04:00,761.6164,761.64,761.51,761.6076,83117.884242,1278,761.5911632894248
2026-09-17 11:34:00-04:00,761.5888,761.7976,761.48,761.7376,34553.097245,1069,761.6428379674253
2026-09-17 11:35:00-04:00,761.75,761.94,761.69,761.79,60927.02205,1356,761.8224901051213
2026-09-17 11:36:00-04:00,761.79,761.93,761.77,761.9088,42927.172231,1170,761.8363564643042
2026-09-17 11:37:00-04:00,761.91,762.04,761.84,761.9376,54862.638213,1378,761.9180633524716
2026-09-17 11:38:00-04:00,761.92,761.97,761.8568,761.94,36344.660873,1156,761.9088054606771
2026-09-17 11:39:00-04:00,761.945,762.0376,761.935,762.0264,28313.083941,1072,761.9686605344154
2026-09-17 11:40:00-04:00,762.0299,762.23,762.0,762.23,45464.28463,1179,762.1017392100432
2026-09-17 11:41:00-04:00,762.1976,762.3676,761.8108,762.2855,55657.861076,1375,762.2141208842559
2026-09-17 11:42:00-04:00,762.2976,762.47,762.2504,762.47,53652.274912,1318,762.3477137908139
2026-09-17 11:43:00-04:00,762.4776,762.52,762.28,762.2976,60880.978799,1450,762.3989432608716
2026-09-17 11:44:00-04:00,762.2976,762.35,762.18,762.2676,48125.087291,1385,762.274139304454
2026-09-17 11:45:00-04:00,762.26,762.3476,762.2,762.23,38235.541266,1196,762.2740610375653
2026-09-17 11:46:00-04:00,762.23,762.4,762.19,762.375,37067.092098,1017,762.2683922059005
2026-09-17 11:47:00-04:00,762.3864,762.3864,762.245,762.28,44541.246839,1377,762.2971601664937
2026-09-17 11:48:00-04:00,762.265,762.36,762.23,762.3376,46679.092403,1137,762.3074861131164
2026-09-17 11:49:00-04:00,762.32,762.42,762.22,762.33,70255.811532,1517,762.3251208627056
2026-09-17 11:50:00-04:00,762.3476,762.435,762.085,762.2076,61257.372768,1365,762.1931995298155
2026-09-17 11:51:00-04:00,762.1999,762.3076,762.1358,762.245,34921.508668,982,762.226193257765
2026-09-17 11:52:00-04:00,762.241,762.46,762.21,762.44,47423.04347,1189,762.307523498027
2026-09-17 11:53:00-04:00,762.44,762.45,762.2276,762.2888,61925.394524,1212,762.3186869019383
2026-09-17 11:54:00-04:00,762.2776,762.45,762.2645,762.3788,26662.617319,906,762.3605460211033
2026-09-17 11:55:00-04:00,762.3876,762.4276,762.2769,762.3,25593.774744,972,762.3789832740459
2026-09-17 11:56:00-04:00,762.31,762.33,762.08,762.21,31510.798823,975,762.1811143146253
2026-09-17 11:57:00-04:00,762.2,762.2904,762.07,762.0888,52221.431487,1193,762.1258752918525
2026-09-17 11:58:00-04:00,762.1264,762.39,762.08,762.3764,27734.346019,1027,762.2256763640606
2026-09-17 11:59:00-04:00,762.37,762.56,762.29,762.54,32495.509173,1005,762.403829646718
2026-09-17 12:00:00-04:00,762.55,762.62,762.404,762.6025,44322.179564,1204,762.531845919141
2026-09-17 12:01:00-04:00,762.6076,762.62,762.43,762.46,26591.166283,1053,762.4907055132651
2026-09-17 12:02:00-04:00,762.4676,762.52,762.4,762.5176,21850.474334,932,762.4544200033271
2026-09-17 12:03:00-04:00,762.5176,762.6,762.46,762.5464,24309.49327,933,762.527216484158
2026-09-17 12:04:00-04:00,762.55,762.5999,762.34,762.34,26944.862689,1005,762.429120306661
2026-09-17 12:05:00-04:00,762.34,762.4164,762.18,762.195,26836.30238,937,762.2785857988592
2026-09-17 12:06:00-04:00,762.2,762.2164,762.055,762.0676,168843.807642,2426,762.1223610175754
2026-09-17 12:07:00-04:00,762.0676,762.2785,762.06,762.235,37118.839998,1093,762.1696140284871
2026-09-17 12:08:00-04:00,762.24,762.2864,762.1401,762.2276,30138.497556,927,762.2137222321938
2026-09-17 12:09:00-04:00,762.23,762.53,762.21,762.485,32246.748149,966,762.3842273807845
2026-09-17 12:10:00-04:00,762.4882,762.5176,762.4,762.4264,31912.591958,994,762.449283724181
2026-09-17 12:11:00-04:00,762.41,762.4276,762.255,762.2676,36665.045336,1007,762.3233352918664
2026-09-17 12:12:00-04:00,762.25,762.32,762.2,762.29,32205.135632999998,955,762.2416521081648
2026-09-17 12:13:00-04:00,762.29,762.29,762.15,762.18,42208.977632,746,762.1848872547599
2026-09-17 12:14:00-04:00,762.18,762.32,762.16,762.2912,32655.139688,682,762.194039826771
2026-09-17 12:15:00-04:00,762.3,762.36,762.19,762.3278,30358.352284,686,762.2512999228745
2026-09-17 12:16:00-04:00,762.325,762.3691,762.23,762.3065,40254.225005,772,762.3123783082814
2026-09-17 12:17:00-04:00,762.31,762.385,762.2832,762.355,25041.377794,650,762.3485681828166
2026-09-17 12:18:00-04:00,762.35,762.41,762.31,762.38,26591.78353,618,762.3484413208568
2026-09-17 12:19:00-04:00,762.3951,762.3951,762.22,762.3,43895.41329,976,762.3040020368501
2026-09-17 12:20:00-04:00,762.3,762.37,762.23,762.25,28450.486458,727,762.2853682561366
2026-09-17 12:21:00-04:00,762.2505,762.3976,762.2505,762.38,26990.468416,539,762.3400939552835
2026-09-17 12:22:00-04:00,762.3401,762.4876,762.3401,762.405,31913.324434,749,762.4208520624575
2026-09-17 12:23:00-04:00,762.4081,762.5,762.34,762.4732,29363.714152,596,762.4086736724861
2026-09-17 12:24:00-04:00,762.48,762.58,762.47,762.485,43723.018706,817,762.5221654672248
2026-09-17 12:25:00-04:00,762.48,762.57,762.47,762.5,31962.342418,676,762.5152194477018
2026-09-17 12:26:00-04:00,762.49,762.59,762.45,762.57,30700.996683,631,762.5244815830727
2026-09-17 12:27:00-04:00,762.56,762.61,762.4223,762.61,27005.083174,669,762.5718651412027
2026-09-17 12:28:00-04:00,762.6076,762.64,762.49,762.51,24143.457806,564,762.5749700745745
2026-09-17 12:29:00-04:00,762.49,762.5621,762.4,762.52,32430.577664,708,762.4760905209847
2026-09-17 12:30:00-04:00,762.5279,762.66,762.49,762.616,42963.56861,808,762.6070609422635
2026-09-17 12:31:00-04:00,762.61,762.6176,762.32,762.33,39579.185048,819,762.4364094808301
2026-09-17 12:32:00-04:00,762.33,762.39,762.09,762.1364,44226.175024,1038,762.2227561612815
2026-09-17 12:33:00-04:00,762.12,762.475,761.98,762.0076,50807.785444,1065,762.059534130973
2026-09-17 12:34:00-04:00,762.0,762.12,761.98,762.084,38119.6378,815,762.0439444414931
2026-09-17 12:35:00-04:00,762.1,762.175,762.06,762.1065,47322.735332,1015,762.1092031889733
2026-09-17 12:36:00-04:00,762.08,762.2,762.01,762.2,34902.810078,806,762.092840510035
2026-09-17 12:37:00-04:00,762.2,762.29,762.11,762.28,36835.37519,707,762.1871894134478
2026-09-17 12:38:00-04:00,762.28,762.31,762.1501,762.29,34655.458935,648,762.2097850132653
2026-09-17 12:39:00-04:00,762.3,762.3,762.13,762.2,38101.726229,650,762.1957730201287
2026-09-17 12:40:00-04:00,762.2,762.32,762.1,762.31,32379.309147,728,762.2360266651494
2026-09-17 12:41:00-04:00,762.31,762.374,762.29,762.315,36033.715922,825,762.3321331815567
2026-09-17 12:42:00-04:00,762.32,762.4776,762.31,762.4776,53125.627688,901,762.3927552007129
2026-09-17 12:43:00-04:00,762.46,762.58,762.4,762.56,34218.478057,830,762.4712334842848
2026-09-17 12:44:00-04:00,762.58,762.64,762.51,762.625,30709.616601,763,762.5546833983656
2026-09-17 12:45:00-04:00,762.61,762.65,762.3208,762.52,34455.774835,766,762.5884041351023
2026-09-17 12:46:00-04:00,762.525,762.56,762.3352,762.54,17300.24239,517,762.5146409591031
2026-09-17 12:47:00-04:00,762.53,762.67,762.4929,762.57,37567.670192,709,762.5942008680374
2026-09-17 12:48:00-04:00,762.58,762.6264,762.43,762.45,32776.513774,726,762.5120497549765
2026-09-17 12:49:00-04:00,762.46,762.531,762.4,762.4573,21088.662769,622,762.4573012042658
2026-09-17 12:50:00-04:00,762.455,762.5259,762.4012,762.4176,56831.263559,1096,762.45799175289
2026-09-17 12:51:00-04:00,762.42,762.53,762.415,762.43,23739.445635,610,762.4740360783613
2026-09-17 12:52:00-04:00,762.43,762.53,762.43,762.51,27416.411343,638,762.4865814880752
2026-09-17 12:53:00-04:00,762.51,762.55,762.45,762.505,20478.862204,576,762.5137784235965
2026-09-17 12:54:00-04:00,762.5,762.53,762.38,762.405,26217.668412,675,762.4618754832554
2026-09-17 12:55:00-04:00,762.39,762.45,761.82,761.93,190600.68778,3344,762.068479653282
2026-09-17 12:56:00-04:00,761.91,762.04,761.83,761.98,68426.329567,1157,761.9357456536608
2026-09-17 12:57:00-04:00,761.975,762.1074,761.61,761.965,57404.219889,1048,761.8482224843308
2026-09-17 12:58:00-04:00,761.965,762.25,761.9308,762.1928,51474.230024,879,762.1059430373123
2026-09-17 12:59:00-04:00,762.19,762.475,762.19,762.455,50057.777582,937,762.3489107091505
2026-09-17 13:00:00-04:00,762.455,762.65,762.36,762.608,36034.095122,868,762.5169584832247
2026-09-17 13:01:00-04:00,762.6,762.7355,762.1657,762.7201,39594.241273,812,762.6488848277833
2026-09-17 13:02:00-04:00,762.73,762.74,762.46,762.47,33292.231447,804,762.6070738424518
2026-09-17 13:03:00-04:00,762.46,762.5834,762.192,762.43,33534.933016,810,762.3870887685
2026-09-17 13:04:00-04:00,762.42,762.65,762.1918,762.65,32005.975331999998,676,762.4922314302639
2026-09-17 13:05:00-04:00,762.64,762.67,762.5378,762.63,26075.282582,689,762.6053186846726
2026-09-17 13:06:00-04:00,762.64,762.8,762.6,762.72,34293.379793,743,762.7301893238225
2026-09-17 13:07:00-04:00,762.715,762.79,762.68,762.7741,25074.20159,539,762.7327209422732
2026-09-17 13:08:00-04:00,762.775,762.78,762.48,762.48,30817.265833,567,762.5909003837488
2026-09-17 13:09:00-04:00,762.4801,762.6277,762.36,762.4,40597.813158,719,762.4396970911946
2026-09-17 13:10:00-04:00,762.39,762.415,762.24,762.29,41810.162619,688,762.3111559488486
2026-09-17 13:11:00-04:00,762.3,762.38,762.26,762.26,28699.471396,575,762.326757708526
2026-09-17 13:12:00-04:00,762.27,762.34,762.18,762.2,28132.499103,623,762.2633406421747
2026-09-17 13:13:00-04:00,762.195,762.4791,762.195,762.3395,20771.666699,603,762.3329741109344
2026-09-17 13:14:00-04:00,762.325,762.4781,762.22,762.25,26855.611468,693,762.3318709620096
2026-09-17 13:15:00-04:00,762.245,762.35,762.2,762.28,25506.585542,652,762.2574055508267
2026-09-17 13:16:00-04:00,762.28,762.3,762.1901,762.29,36673.931642,627,762.247683246662
2026-09-17 13:17:00-04:00,762.28,762.3647,762.21,762.24,33747.213118,674,762.2641626814363
2026-09-17 13:18:00-04:00,762.24,762.2655,762.11,762.145,47490.534101,813,762.1790190553802
2026-09-17 13:19:00-04:00,762.15,762.27,762.13,762.181,41212.880956,865,762.1982723152609
2026-09-17 13:20:00-04:00,762.19,762.24,762.07,762.08,33227.4712,753,762.1538671463361
2026-09-17 13:21:00-04:00,762.08,762.1748,761.95,761.9608,49806.742504,916,762.0130841550864
2026-09-17 13:22:00-04:00,761.99,762.16,761.975,762.045,51789.012334,920,762.095373716147
2026-09-17 13:23:00-04:00,762.05,762.21,762.05,762.08,31917.246532,693,762.1486943842714
2026-09-17 13:24:00-04:00,762.08,762.21,761.865,761.92,29259.647381,659,762.0403835317675
2026-09-17 13:25:00-04:00,761.94,762.05,761.8998,762.04,23392.405479,623,761.990953545749
2026-09-17 13:26:00-04:00,762.03,762.04,761.8,761.92,30340.524416,576,761.8858423344664
2026-09-17 13:27:00-04:00,761.92,762.11,761.8855,762.08,56145.940629,718,761.9858408409222
2026-09-17 13:28:00-04:00,762.094,762.1,761.97,761.9862,26835.271303999998,501,762.0371124509196
2026-09-17 13:29:00-04:00,762.0,762.0555,761.93,762.05,31173.158341,605,761.9967985740064
2026-09-17 13:30:00-04:00,762.0477,762.12,761.921,761.9661,41796.467002,805,762.0130647108213
2026-09-17 13:31:00-04:00,761.965,762.0474,761.9,761.98,29081.352034,633,761.962609404067
2026-09-17 13:32:00-04:00,761.995,762.17,761.97,762.1482,31459.207472,769,762.0876521192863
2026-09-17 13:33:00-04:00,762.14,762.2,762.09,762.1655,34641.096433,801,762.1436271327367
2026-09-17 13:34:00-04:00,762.1664,762.32,762.1218,762.31,26398.984558,673,762.2285777147798
2026-09-17 13:35:00-04:00,762.32,762.3868,762.2411,762.308,29551.853646,720,762.328901292124
2026-09-17 13:36:00-04:00,762.308,762.3207,762.165,762.2236,26699.086766,684,762.2260840425922
2026-09-17 13:37:00-04:00,762.2242,762.35,762.17,762.18,18978.537455,562,762.2734416812531
2026-09-17 13:38:00-04:00,762.18,762.31,762.1213,762.2348,17878.254562,503,762.27207763609
2026-09-17 13:39:00-04:00,762.245,762.3054,762.18,762.22,34047.817825,688,762.2214591250105
2026-09-17 13:40:00-04:00,762.23,762.39,762.23,762.3095,48073.479818,808,762.3243925331608
2026-09-17 13:41:00-04:00,762.3083,762.48,762.2327,762.42,37176.18251,732,762.4299589775937
2026-09-17 13:42:00-04:00,762.41,762.43,762.3207,762.38,33002.979527,717,762.3857923251886
2026-09-17 13:43:00-04:00,762.39,762.4,762.33,762.37,19985.547684,499,762.3655172971407
2026-09-17 13:44:00-04:00,762.37,762.45,762.35,762.43,20990.959217,538,762.4025552873882
2026-09-17 13:45:00-04:00,762.43,762.48,762.37,762.46,23866.74904,661,762.4235057545877
2026-09-17 13:46:00-04:00,762.4553,762.6,762.4047,762.575,28266.686662,1395,762.5172205227569
2026-09-17 13:47:00-04:00,762.575,762.64,762.4448,762.5,27646.552577,2437,762.5482167930746
2026-09-17 13:48:00-04:00,762.505,762.53,762.44,762.48,41632.349976,2417,762.4809252064451
2026-09-17 13:49:00-04:00,762.49,762.52,762.435,762.44,24742.440244,662,762.4706782279742
2026-09-17 13:50:00-04:00,762.445,762.4888,762.2887,762.294,47338.216262,857,762.3766778150093
2026-09-17 13:51:00-04:00,762.3,762.434,762.29,762.41,29616.676106,550,762.3527667064662
2026-09-17 13:52:00-04:00,762.41,762.4317,762.3,762.32,29735.925516,572,762.3483518459568
2026-09-17 13:53:00-04:00,762.31,762.37,762.28,762.35,21645.950063,424,762.3225046104765
2026-09-17 13:54:00-04:00,762.35,762.39,762.325,762.375,18474.593221,514,762.3600498129729
2026-09-17 13:55:00-04:00,762.375,762.47,762.363,762.45,42839.312271,840,762.4359917462481
2026-09-17 13:56:00-04:00,762.45,762.48,762.4028,762.47,31404.663069,743,762.4458134274978
2026-09-17 13:57:00-04:00,762.46,762.62,762.4177,762.5499,73211.119451,1143,762.5558982409092
2026-09-17 13:58:00-04:00,762.54,762.6301,762.52,762.5677,35685.87979,638,762.5780135983957
2026-09-17 13:59:00-04:00,762.565,762.639,762.4486,762.615,48261.224406,966,762.5342089472019
2026-09-17 14:00:00-04:00,762.62,762.64,762.53,762.58,41138.861416,765,762.577037835391
2026-09-17 14:01:00-04:00,762.5701,762.64,762.53,762.64,30418.189084999998,695,762.5809293905933
2026-09-17 14:02:00-04:00,762.64,762.7,762.5053,762.58,32106.327865,655,762.6283601145378
2026-09-17 14:03:00-04:00,762.575,762.79,762.55,762.78,136986.266848,1163,762.6180276448991
2026-09-17 14:04:00-04:00,762.77,762.81,762.72,762.7609,60236.354887,880,762.7728743253253
2026-09-17 14:05:00-04:00,762.76,762.85,762.73,762.8,38990.124317,796,762.7747192874701
2026-09-17 14:06:00-04:00,762.8,762.816,762.59,762.63,61192.022662,942,762.7077956954128
2026-09-17 14:07:00-04:00,762.628,762.66,762.52,762.535,53419.980544,833,762.5638576686174
2026-09-17 14:08:00-04:00,762.53,762.57,762.46,762.5,24948.714904,582,762.5186041826809
2026-09-17 14:09:00-04:00,762.5,762.53,762.42,762.51,52636.537435,851,762.4570853615204
2026-09-17 14:10:00-04:00,762.515,762.59,762.45,762.58,23878.751797,653,762.5007305454378
2026-09-17 14:11:00-04:00,762.58,762.66,762.48,762.52,51962.281955,1013,762.5740349765043
2026-09-17 14:12:00-04:00,762.491,762.67,762.49,762.635,64475.484067,1255,762.6060771862027
2026-09-17 14:13:00-04:00,762.65,762.69,762.58,762.645,68849.444495,1010,762.6257819157491
2026-09-17 14:14:00-04:00,762.65,762.8,762.645,762.72,99532.546145,1641,762.7579073436665
2026-09-17 14:15:00-04:00,762.73,762.9,762.72,762.88,97474.929,1343,762.8011841289808
2026-09-17 14:16:00-04:00,762.89,762.95,762.6501,762.79,32604.041891,731,762.8812727281979
2026-09-17 14:17:00-04:00,762.78,762.82,762.72,762.738,40910.078708,831,762.7825880923209
2026-09-17 14:18:00-04:00,762.73,762.76,762.61,762.71,41368.800412,983,762.683560949421
2026-09-17 14:19:00-04:00,762.71,762.88,762.6912,762.865,48108.503282,845,762.803187528644
2026-09-17 14:20:00-04:00,762.87,762.92,762.83,762.875,114509.860398,1505,762.8802672644533
2026-09-17 14:21:00-04:00,762.88,762.9,762.72,762.76,32355.9352,929,762.8092761106362
2026-09-17 14:22:00-04:00,762.75,762.77,762.68,762.72,77618.673298,948,762.7382036826185
2026-09-17 14:23:00-04:00,762.71,762.73,762.64,762.71,55882.089769,844,762.6762050098818
2026-09-17 14:24:00-04:00,762.7,762.74,762.54,762.59,109835.918581,1652,762.6613199583327
2026-09-17 14:25:00-04:00,762.5781,762.7,762.51,762.625,46506.38264,1169,762.6095099013022
2026-09-17 14:26:00-04:00,762.625,762.7444,762.625,762.71,31996.346426,753,762.6756463070116
2026-09-17 14:27:00-04:00,762.7099,762.79,762.69,762.76,58439.869138,934,762.7626936768843
2026-09-17 14:28:00-04:00,762.76,762.77,762.67,762.77,20721.969298,556,762.7201203903433
2026-09-17 14:29:00-04:00,762.76,762.81,762.69,762.7255,24662.836488,609,762.7695983289886
2026-09-17 14:30:00-04:00,762.72,762.8543,762.72,762.77,30679.460098,622,762.795797789595
2026-09-17 14:31:00-04:00,762.75,762.8,762.61,762.63,35602.381383,654,762.7184176760142
2026-09-17 14:32:00-04:00,762.635,762.74,762.6,762.615,29405.130512,772,762.6694548843539
2026-09-17 14:33:00-04:00,762.63,762.68,762.5836,762.595,67826.340509,857,762.6422847709844
2026-09-17 14:34:00-04:00,762.605,762.6182,762.47,762.48,34113.397507,632,762.5405268866906
2026-09-17 14:35:00-04:00,762.48,762.5177,762.41,762.44,23839.95253,677,762.4716194974168
2026-09-17 14:36:00-04:00,762.43,762.4651,762.23,762.248,107566.181636,1458,762.3221707176356
2026-09-17 14:37:00-04:00,762.24,762.335,762.21,762.305,66509.036008,878,762.2766132971409
2026-09-17 14:38:00-04:00,762.31,762.31,762.2,762.23,72177.768101,767,762.2474918761252
2026-09-17 14:39:00-04:00,762.23,762.28,762.17,762.2,54016.732747,856,762.2266838498108
2026-09-17 14:40:00-04:00,762.2,762.4046,762.14,762.282,57275.764511,962,762.2064053925976
2026-09-17 14:41:00-04:00,762.29,762.3835,762.27,762.3299,39983.130804,808,762.3177562013947
2026-09-17 14:42:00-04:00,762.32,762.32,762.18,762.26,25546.381137,642,762.2549594050657
2026-09-17 14:43:00-04:00,762.27,762.329,762.25,762.285,57532.694027,697,762.2915393330918
2026-09-17 14:44:00-04:00,762.285,762.394,762.27,762.35,24840.069334,552,762.3381564412235
2026-09-17 14:45:00-04:00,762.36,762.46,762.29,762.4,34871.920744,780,762.3452726385738
2026-09-17 14:46:00-04:00,762.405,762.46,762.37,762.435,82761.620364,975,762.426468221406
2026-09-17 14:47:00-04:00,762.43,762.47,762.38,762.47,76441.190584,783,762.4271599632651
2026-09-17 14:48:00-04:00,762.455,762.58,762.41,762.565,61565.396513,859,762.475250786739
2026-09-17 14:49:00-04:00,762.57,762.65,762.44,762.465,54881.372504,983,762.5594850971878
2026-09-17 14:50:00-04:00,762.46,762.5,762.41,762.465,59713.293266,962,762.4627269501077
2026-09-17 14:51:00-04:00,762.465,762.52,762.4,762.43,47501.783676,814,762.4665144655638
2026-09-17 14:52:00-04:00,762.43,762.47,762.23,762.24,77135.295904,1278,762.3216174823524
2026-09-17 14:53:00-04:00,762.24,762.4153,762.1805,762.2565,39864.490612,794,762.2414330284975
2026-09-17 14:54:00-04:00,762.2648,762.413,762.23,762.3177,27627.954969,545,762.2891113988649
2026-09-17 14:55:00-04:00,762.315,762.37,762.27,762.2819,32191.386822,644,762.3148900363816
2026-09-17 14:56:00-04:00,762.28,762.34,762.25,762.2955,21184.261753,493,762.2908660094902
2026-09-17 14:57:00-04:00,762.29,762.45,762.29,762.43,45823.771004,755,762.381771205979
2026-09-17 14:58:00-04:00,762.43,762.45,762.35,762.42,20194.30086,555,762.4012142054019
2026-09-17 14:59:00-04:00,762.42,762.48,762.38,762.44,22379.15386,608,762.4339452638895
2026-09-17 15:00:00-04:00,762.44,762.7,762.43,762.685,79835.102851,1380,762.5508502577869
2026-09-17 15:01:00-04:00,762.6995,762.75,762.61,762.73,62409.263376,1075,762.6767397985508
2026-09-17 15:02:00-04:00,762.73,762.78,762.67,762.775,45079.828239,1005,762.7112666548406
2026-09-17 15:03:00-04:00,762.79,762.81,762.74,762.79,60403.199205,989,762.7783860625748
2026-09-17 15:04:00-04:00,762.79,762.87,762.5979,762.87,94935.72988299999,1004,762.8115200506908
2026-09-17 15:05:00-04:00,762.85,763.0,762.84,762.98,40409.115832,957,762.9427137815359
2026-09-17 15:06:00-04:00,762.9897,763.06,762.96,763.0301,32768.092108,701,762.995574488332
2026-09-17 15:07:00-04:00,763.03,763.05,762.835,762.93,106134.445464,1239,762.9005854218582
2026-09-17 15:08:00-04:00,762.93,762.95,762.87,762.885,53188.833183,797,762.9056898294799
2026-09-17 15:09:00-04:00,762.89,762.91,762.74,762.785,105311.193229,1248,762.8300396904268
2026-09-17 15:10:00-04:00,762.785,762.8699,762.76,762.83,81289.71375,937,762.8119924361677
2026-09-17 15:11:00-04:00,762.82,762.83,762.74,762.77,44880.298577,774,762.7905663562102
2026-09-17 15:12:00-04:00,762.772,762.86,762.72,762.84,56773.734238,769,762.7635356404988
2026-09-17 15:13:00-04:00,762.84,762.88,762.76,762.8627,40205.972599,737,762.8268349071349
2026-09-17 15:14:00-04:00,762.86,762.9099,762.73,762.77,42481.994615,889,762.8030812018023
2026-09-17 15:15:00-04:00,762.76,762.8422,762.755,762.81,49674.983068,903,762.7929966265541
2026-09-17 15:16:00-04:00,762.81,762.83,762.67,762.7,169051.491661,1956,762.7275940836907
2026-09-17 15:17:00-04:00,762.715,762.78,762.7,762.74,65309.396608,772,762.7319774035366
2026-09-17 15:18:00-04:00,762.75,762.94,762.7301,762.905,140502.022593,1189,762.8583218318869
2026-09-17 15:19:00-04:00,762.905,762.93,762.7826,762.9,49897.117288,713,762.8861756170704
2026-09-17 15:20:00-04:00,762.91,762.91,762.83,762.85,167310.981156,1882,762.859660107892
2026-09-17 15:21:00-04:00,762.85,762.88,762.7201,762.77,64989.221284,1002,762.8195690531579
2026-09-17 15:22:00-04:00,762.76,762.8011,762.7,762.74,62314.089646,1204,762.7349513892138
2026-09-17 15:23:00-04:00,762.74,762.77,762.64,762.6978,85743.353976,1574,762.7092708091101
2026-09-17 15:24:00-04:00,762.69,762.72,762.6,762.62,96537.27051,1481,762.6587219213208
2026-09-17 15:25:00-04:00,762.62,762.78,762.59,762.76,94390.45386,1737,762.672769820553
2026-09-17 15:26:00-04:00,762.765,762.77,762.59,762.61,89272.812886,1433,762.6898030623337
2026-09-17 15:27:00-04:00,762.6,762.7589,762.55,762.6,103458.867782,1283,762.5948105141806
2026-09-17 15:28:00-04:00,762.6,762.65,762.56,762.64,84854.728983,974,762.5990918955761
2026-09-17 15:29:00-04:00,762.64,762.65,762.55,762.6,55093.903545,838,762.5883310715313
2026-09-17 15:30:00-04:00,762.6,762.82,762.5828,762.82,70810.076862,1340,762.6986904102539
2026-09-17 15:31:00-04:00,762.8241,762.94,762.7146,762.9,119981.461414,1652,762.8838934483213
2026-09-17 15:32:00-04:00,762.89,762.91,762.79,762.82,74844.127233,1222,762.8452244929077
2026-09-17 15:33:00-04:00,762.82,762.8325,762.74,762.81,91359.781437,1290,762.7897427086318
2026-09-17 15:34:00-04:00,762.81,762.86,762.7197,762.8388,91047.835182,1508,762.8216319631107
2026-09-17 15:35:00-04:00,762.84,762.93,762.82,762.9076,94652.385274,1401,762.8785763414487
2026-09-17 15:36:00-04:00,762.91,763.0,762.8924,762.93,139815.84507,1853,762.9522811833021
2026-09-17 15:37:00-04:00,762.94,763.04,762.8147,763.01,152528.837655,1808,762.9678464311756
2026-09-17 15:38:00-04:00,763.0135,763.08,762.8983,763.0101,91457.223404,1316,763.026560457871
2026-09-17 15:39:00-04:00,763.02,763.03,762.92,762.9772,109455.954406,1205,762.9809270683328
2026-09-17 15:40:00-04:00,762.99,763.01,762.88,762.885,172340.760235,1998,762.9582755947841
2026-09-17 15:41:00-04:00,762.89,762.95,762.84,762.8501,161479.48472,1746,762.9072205619004
2026-09-17 15:42:00-04:00,762.8688,762.9203,762.75,762.8597,191684.872682,2010,762.8313880341964
2026-09-17 15:43:00-04:00,762.85,763.05,762.85,763.01,155387.720631,1731,762.9410379365235
2026-09-17 15:44:00-04:00,763.01,763.17,762.937,763.1101,141877.200719,1990,763.0855248458681
2026-09-17 15:45:00-04:00,763.11,763.13,762.92,763.0,175319.11365,2369,763.0179433630619
2026-09-17 15:46:00-04:00,762.99,763.05,762.8,762.815,484930.351865,2332,762.9740181331487
2026-09-17 15:47:00-04:00,762.82,762.9613,762.79,762.91,166371.279964,2171,762.8650489330289
2026-09-17 15:48:00-04:00,762.91,762.93,762.86,762.9,163378.639309,2208,762.9042262922566
2026-09-17 15:49:00-04:00,762.89,762.965,762.77,762.8,196779.754341,2500,762.8460081411713
2026-09-17 15:50:00-04:00,762.82,763.15,762.7741,763.12,302595.557442,4347,763.0238146511631
2026-09-17 15:51:00-04:00,763.14,763.37,762.9526,763.355,281777.636241,3932,763.2580552078958
2026-09-17 15:52:00-04:00,763.3545,763.37,763.0007,763.27,278699.865279,3746,763.2774955123502
2026-09-17 15:53:00-04:00,763.275,763.57,763.0688,763.47,320727.401354,4311,763.3860350581888
2026-09-17 15:54:00-04:00,763.47,763.56,763.07,763.13,508239.467966,5018,763.3836603770789
2026-09-17 15:55:00-04:00,763.13,763.25,763.01,763.1,418322.781397,5635,763.140152694251
2026-09-17 15:56:00-04:00,763.09,763.23,763.05,763.23,288447.791154,3580,763.1204384382785
2026-09-17 15:57:00-04:00,763.23,763.27,763.05,763.065,416739.18156,4735,763.1209004546569
2026-09-17 15:58:00-04:00,763.065,763.1304,762.86,762.896,554056.692692,6575,763.0101088961063
2026-09-17 15:59:00-04:00,762.88,762.94,762.43,762.66,1042855.570363,12743,762.7700336734175
2026-09-18 09:30:00-04:00,761.31,761.62,760.95,761.19,1204092.179528,6998,761.2883250062234
2026-09-18 09:31:00-04:00,761.17,761.64,761.15,761.64,247122.777008,2873,761.4279293631419
2026-09-18 09:32:00-04:00,761.64,761.77,761.37,761.5235,143437.038782,2309,761.5738521184603
2026-09-18 09:33:00-04:00,761.52,761.53,761.21,761.22,71847.254618,1746,761.3540947922179
2026-09-18 09:34:00-04:00,761.21,761.37,761.06,761.06,233931.259889,2659,761.2094997676012
2026-09-18 09:35:00-04:00,761.07,761.0962,760.6451,760.73,267035.785296,3498,760.8045238300549
2026-09-18 09:36:00-04:00,760.74,760.8667,760.58,760.79,107990.379838,2090,760.6897922868078
2026-09-18 09:37:00-04:00,760.8,761.07,760.67,761.03,221098.711407,2610,760.7754717476719
2026-09-18 09:38:00-04:00,761.04,761.19,760.87,760.935,219610.358347,2220,761.0780677323711
2026-09-18 09:39:00-04:00,760.935,761.09,760.8,760.9177,217708.305142,2182,760.9718892821497
2026-09-18 09:40:00-04:00,760.91,761.3,760.88,761.1188,227122.311513,2569,761.0816309045042
2026-09-18 09:41:00-04:00,761.12,761.43,760.965,761.275,90181.501045,1829,761.2038205349943
2026-09-18 09:42:00-04:00,761.27,761.28,761.05,761.11,107007.654139,1589,761.1581140736167
2026-09-18 09:43:00-04:00,761.105,761.3102,760.79,760.84,96909.722676,1743,761.087567275343
2026-09-18 09:44:00-04:00,760.841,761.0674,760.74,760.92,67686.606576,1355,760.8414929287412
2026-09-18 09:45:00-04:00,760.91,761.07,760.85,761.0355,124901.993927,1955,760.9463777165101
2026-09-18 09:46:00-04:00,761.03,761.16,760.96,761.1214,109747.638523,1648,761.0527217462384
2026-09-18 09:47:00-04:00,761.1364,761.14,760.72,760.745,93121.367816,1443,760.9326730037214
2026-09-18 09:48:00-04:00,760.745,760.9084,760.59,760.6144,76591.897969,1202,760.732724648939
2026-09-18 09:49:00-04:00,760.61,760.6645,760.46,760.49,115176.382003,1537,760.5794560742409
2026-09-18 09:50:00-04:00,760.48,760.54,760.24,760.3196,104627.949219,1734,760.3588761339398
2026-09-18 09:51:00-04:00,760.3,760.36,760.13,760.3555,107376.27499,1829,760.2247006284259
2026-09-18 09:52:00-04:00,760.35,760.5395,760.23,760.52,86574.521739,1354,760.3388115386787
2026-09-18 09:53:00-04:00,760.52,760.53,760.23,760.235,54839.660562,1119,760.3420641006694
2026-09-18 09:54:00-04:00,760.2388,760.6314,759.9,759.9265,125409.538766,1852,760.0550622422464
2026-09-18 09:55:00-04:00,759.92,760.07,759.81,760.04,102239.118259,1605,759.9237051840825
2026-09-18 09:56:00-04:00,760.04,760.12,759.98,760.0099,74916.820942,1315,760.0357332979415
2026-09-18 09:57:00-04:00,760.005,760.0225,759.7,759.83,76174.813524,1366,759.7982584130617
2026-09-18 09:58:00-04:00,759.835,760.2189,759.7,759.76,364355.748939,4475,759.8247811811683
2026-09-18 09:59:00-04:00,759.75,759.76,759.56,759.71,107965.105459,1560,759.6507151686703
2026-09-18 10:00:00-04:00,759.71,759.86,759.5,759.82,230111.068443,3008,759.7182164456631
2026-09-18 10:01:00-04:00,759.82,759.949,759.4,759.45,118920.781128,1801,759.6555182034548
2026-09-18 10:02:00-04:00,759.45,759.46,759.05,759.081668,150221.013314,2406,759.2032853743203
2026-09-18 10:03:00-04:00,759.085,759.15,758.96,759.019,119006.361734,2140,759.0594213774391
2026-09-18 10:04:00-04:00,759.01,759.18,758.99,759.1,96355.629886,1666,759.0898254681034
2026-09-18 10:05:00-04:00,759.0888,759.11,758.85,759.1,273904.576121,4116,758.9631615521193
2026-09-18 10:06:00-04:00,759.1,759.29,758.9901,759.15,131099.729223,1938,759.1412290363048
2026-09-18 10:07:00-04:00,759.14,759.16,758.9,758.96,83924.970685,1540,759.0241482966125
2026-09-18 10:08:00-04:00,758.98,759.3914,758.92,759.215,58605.721891,1320,759.0732443983476
2026-09-18 10:09:00-04:00,759.21,759.448,759.135,759.4201,75654.158698,1385,759.3345505045542
2026-09-18 10:10:00-04:00,759.42,759.82,759.41,759.81,184025.293182,2332,759.6745910307666
2026-09-18 10:11:00-04:00,759.81,759.9,759.7401,759.88,84292.870296,1607,759.8204345054995
2026-09-18 10:12:00-04:00,759.88,759.92,759.5,759.6604,71677.100751,1656,759.6883596951184
2026-09-18 10:13:00-04:00,759.6664,759.6964,759.255,759.485,89261.769087,1729,759.4464643290523
2026-09-18 10:14:00-04:00,759.4964,759.529,759.18,759.2176,78688.703997,1495,759.326651169434
2026-09-18 10:15:00-04:00,759.21,759.32,759.09,759.1576,77382.686473,1602,759.2129326180902
2026-09-18 10:16:00-04:00,759.16,759.1988,758.75,758.8476,92816.805172,2050,758.9349219578854
2026-09-18 10:17:00-04:00,758.8201,759.1188,758.7701,759.015,147661.026085,2088,758.9750292869545
2026-09-18 10:18:00-04:00,759.0164,759.28,758.991,759.2501,104598.299802,2034,759.0896979340007
2026-09-18 10:19:00-04:00,759.26,759.37,759.158,759.355,65141.458704,1451,759.2409692889238
2026-09-18 10:20:00-04:00,759.35,759.41,759.09,759.195,60455.136981,1479,759.3003454996773
2026-09-18 10:21:00-04:00,759.1811,759.3576,759.1788,759.29,54637.373241,1254,759.2707356646332
2026-09-18 10:22:00-04:00,759.29,759.62,759.2798,759.5605,162171.51117,2023,759.4513531643547
2026-09-18 10:23:00-04:00,759.56,759.5964,759.33,759.525,66243.856787,1692,759.490927781162
2026-09-18 10:24:00-04:00,759.2157,759.5376,759.13,759.17,57317.626778,1708,759.3033141014226
2026-09-18 10:25:00-04:00,759.1676,759.26,759.08,759.16,64215.154858,1505,759.1683802452671
2026-09-18 10:26:00-04:00,759.1676,759.35,759.11,759.17,62884.03852,1510,759.2424519497761
2026-09-18 10:27:00-04:00,759.15,759.4476,759.15,759.3888,58614.173852,1492,759.283020414439
2026-09-18 10:28:00-04:00,759.385,759.6488,759.3343,759.4676,95263.312364,1701,759.5447029780868
2026-09-18 10:29:00-04:00,759.4676,759.5099,759.31,759.31,45218.330351,1263,759.4080669832709
2026-09-18 10:30:00-04:00,759.32,759.4402,759.26,759.3362,42762.308634,1422,759.3521591698367
2026-09-18 10:31:00-04:00,759.3464,759.4064,759.12,759.1576,62750.502528,1528,759.2457720608056
2026-09-18 10:32:00-04:00,759.16,759.42,759.1513,759.2911,49658.15536,1278,759.2881899859864
2026-09-18 10:33:00-04:00,759.3188,759.3188,759.159,759.25,27904.431638000002,990,759.2372164871398
2026-09-18 10:34:00-04:00,759.26,759.3103,759.07,759.2276,60873.398884,1266,759.1678615331238
2026-09-18 10:35:00-04:00,759.23,759.3,759.14,759.19,53609.826633,1225,759.2172013825611
2026-09-18 10:36:00-04:00,759.1888,759.22,758.97,759.0876,63717.559224,1312,759.0636925698666
2026-09-18 10:37:00-04:00,759.07,759.3,759.03,759.2476,34268.763389,977,759.1514558949591
2026-09-18 10:38:00-04:00,759.23,759.36,759.225,759.36,29470.43492,934,759.2959120887645
2026-09-18 10:39:00-04:00,759.3576,759.76,759.2603,759.495,117621.442854,2288,759.5023495742212
2026-09-18 10:40:00-04:00,759.5,759.53,759.2709,759.48,106378.56870999999,1273,759.4525610342002
2026-09-18 10:41:00-04:00,759.5152,759.5152,759.25,759.3476,53394.464779,1377,759.3632843856046
2026-09-18 10:42:00-04:00,759.35,759.3852,758.91,759.0464,65391.486813,1438,759.112764720789
2026-09-18 10:43:00-04:00,759.04,759.05,758.85,758.94,154326.283323,1766,758.9463901500498
2026-09-18 10:44:00-04:00,758.93,759.2216,758.86,759.0,27197.274454,1113,758.94633730249
2026-09-18 10:45:00-04:00,759.0,759.07,758.8639,758.98,87829.470461,1535,758.944038848794
2026-09-18 10:46:00-04:00,758.96,759.35,758.9444,759.2264,97771.152292,1728,759.1766762539744
2026-09-18 10:47:00-04:00,759.2176,759.3597,759.09,759.1376,67902.619599,1326,759.2072119605612
2026-09-18 10:48:00-04:00,759.128,759.28,759.09,759.28,48406.993173,1007,759.1716345358302
2026-09-18 10:49:00-04:00,759.28,759.52,759.1669,759.4576,72267.248166,1383,759.4230994423904
2026-09-18 10:50:00-04:00,759.46,759.63,759.32,759.61,131233.525097,1809,759.471629556921
2026-09-18 10:51:00-04:00,759.61,759.7764,759.1941,759.7576,57667.804644,1267,759.6613418603325
2026-09-18 10:52:00-04:00,759.7576,759.9676,759.68,759.8829,66990.438571,1421,759.7799907313906
2026-09-18 10:53:00-04:00,759.89,759.95,759.3586,759.88,53973.183553,1407,759.8587293387665
2026-09-18 10:54:00-04:00,759.8788,759.8964,759.377,759.8376,55339.951613,1318,759.7858787877819
2026-09-18 10:55:00-04:00,759.8376,759.9076,759.7131,759.725,52589.439523,1311,759.821497748003
2026-09-18 10:56:00-04:00,759.7288,759.81,759.5443,759.72,46514.395781,1221,759.747917174498
2026-09-18 10:57:00-04:00,759.7276,759.8,759.62,759.725,130547.654561,1630,759.6901658789812
2026-09-18 10:58:00-04:00,759.7263,759.86,759.6625,759.7564,87602.639421,1521,759.7814748975605
2026-09-18 10:59:00-04:00,759.76,759.96,759.7564,759.93,33453.612623,1330,759.8819781093854
2026-09-18 11:00:00-04:00,759.95,760.0,759.7718,759.83,63906.304284,1416,759.9113713138523
2026-09-18 11:01:00-04:00,759.83,759.88,759.65,759.67,44834.452533,1199,759.7646125168429
2026-09-18 11:02:00-04:00,759.67,759.7863,759.41,759.5964,51884.784502,1302,759.5151156792111
2026-09-18 11:03:00-04:00,759.585,759.78,759.48,759.7564,65305.531551,1383,759.6074368473376
2026-09-18 11:04:00-04:00,759.74,759.7676,759.63,759.6976,27260.158355,940,759.7020529905625
2026-09-18 11:05:00-04:00,759.7,759.939,759.62,759.9375,38973.003113,1104,759.7357794315099
2026-09-18 11:06:00-04:00,759.925,760.05,759.7285,759.9377,41821.836038,1156,759.902237536451
2026-09-18 11:07:00-04:00,759.94,760.03,759.7506,760.004,28442.477716,937,759.9684287947565
2026-09-18 11:08:00-04:00,760.0176,760.02,759.79,759.97,33161.134085,995,759.9346428483982
2026-09-18 11:09:00-04:00,759.9664,759.994,759.7345,759.7476,26770.384337,885,759.8342667184289
2026-09-18 11:10:00-04:00,759.75,759.9276,759.7,759.92,28599.575851,953,759.8133803049038
2026-09-18 11:11:00-04:00,759.9176,759.95,759.62,759.6361,56693.674677,1114,759.7974370990187
2026-09-18 11:12:00-04:00,759.65,759.7695,759.55,759.6076,54527.835834,1270,759.6123588755654
2026-09-18 11:13:00-04:00,759.6055,759.77,759.5,759.7264,48355.643979,1193,759.5886794298432
2026-09-18 11:14:00-04:00,759.7,759.7264,759.5001,759.5764,45565.764904,1112,759.6282665132861
2026-09-18 11:15:00-04:00,759.5743,759.7222,759.55,759.6488,58096.114558,1218,759.6076352817307
2026-09-18 11:16:00-04:00,759.64,759.67,759.44,759.4876,82607.746914,1230,759.5588463880331
2026-09-18 11:17:00-04:00,759.4876,759.6819,759.4757,759.5288,47913.629819,1039,759.5562233035113
2026-09-18 11:18:00-04:00,759.5288,759.62,759.453,759.519,48104.742273,1030,759.5371650499033
2026-09-18 11:19:00-04:00,759.5188,759.8,759.5088,759.7776,43105.570076,1026,759.7006675232427
2026-09-18 11:20:00-04:00,759.76,759.82,759.68,759.79,43340.699731,1063,759.7471733190913
2026-09-18 11:21:00-04:00,759.7952,759.8,759.63,759.6488,27431.877733,984,759.6837411700615
2026-09-18 11:22:00-04:00,759.64,759.825,759.64,759.7,27056.357118,948,759.724203171576
2026-09-18 11:23:00-04:00,759.699,759.8799,759.6264,759.75,35622.040911,971,759.7953554788548
2026-09-18 11:24:00-04:00,759.7788,759.83,759.68,759.81,24111.159843,869,759.7590452715543
2026-09-18 11:25:00-04:00,759.8076,759.93,759.77,759.9264,36656.584395,1066,759.8389104255177
2026-09-18 11:26:00-04:00,759.9088,760.05,759.6843,759.935,26870.564855,923,759.9752944233373
2026-09-18 11:27:00-04:00,759.9376,759.9988,759.742,759.93,54462.120879,1043,759.9165657068629
2026-09-18 11:28:00-04:00,759.93,760.0288,759.8843,759.95,30771.826803,974,759.9748622873435
2026-09-18 11:29:00-04:00,759.95,760.06,759.8216,759.98,41062.298535,1165,759.9455260546029
2026-09-18 11:30:00-04:00,759.975,760.08,759.56,759.7,124821.451216,2269,759.8697492792883
2026-09-18 11:31:00-04:00,759.72,759.7651,759.55,759.62,71063.948284,1426,759.6578348951095
2026-09-18 11:32:00-04:00,759.62,759.8237,759.4976,759.66,24570.068638,1031,759.5818196105743
2026-09-18 11:33:00-04:00,759.68,759.831,759.59,759.7664,29953.751074,971,759.702571442578
2026-09-18 11:34:00-04:00,759.755,759.8,759.59,759.7952,42857.189023,1050,759.6674201177923
2026-09-18 11:35:00-04:00,759.7876,759.8399,759.7,759.79,29202.622948,951,759.7741717794007
2026-09-18 11:36:00-04:00,759.805,759.8964,759.7001,759.8176,33528.237009,915,759.7957566262916
2026-09-18 11:37:00-04:00,759.8,759.82,759.59,759.59,95494.160949,1329,759.6878378256374
2026-09-18 11:38:00-04:00,759.7159,759.7159,759.4,759.4276,62318.665981,1231,759.45514188025
2026-09-18 11:39:00-04:00,759.43,759.4488,759.23,759.279,45312.37112,1072,759.3128345381162
2026-09-18 11:40:00-04:00,759.26,759.3907,759.1,759.17,51196.222223,1053,759.1794508798669
2026-09-18 11:41:00-04:00,759.17,759.5357,759.1345,759.2258,31020.693757,987,759.2049259592867
2026-09-18 11:42:00-04:00,759.2152,759.4963,759.14,759.2976,55060.681844,1247,759.221216998951
2026-09-18 11:43:00-04:00,759.2869,759.39,759.26,759.28,28346.190569,889,759.315076434877
2026-09-18 11:44:00-04:00,759.2976,759.4634,759.21,759.3,48549.202178,947,759.2734530197589
2026-09-18 11:45:00-04:00,759.3,759.3964,759.11,759.12,34242.149053,961,759.2469530133366
2026-09-18 11:46:00-04:00,759.11,759.3703,759.1,759.1488,41658.479784,1126,759.212570362513
2026-09-18 11:47:00-04:00,759.145,759.21,759.1,759.135,62951.297862,1101,759.1651390711338
2026-09-18 11:48:00-04:00,759.1388,759.26,759.09,759.17,71711.234048,1418,759.1631602794293
2026-09-18 11:49:00-04:00,759.18,759.1982,759.1,759.14,30011.500588,921,759.1388099857469
2026-09-18 11:50:00-04:00,759.14,759.32,759.07,759.32,38199.981756,962,759.1991045580081
2026-09-18 11:51:00-04:00,759.33,759.33,759.18,759.2005,32118.32255,919,759.2479724326621
2026-09-18 11:52:00-04:00,759.2064,759.21,759.04,759.21,39259.678854,899,759.1009906823896
2026-09-18 11:53:00-04:00,759.2064,759.2076,758.958,758.97,36578.978309,1097,759.0844646058557
2026-09-18 11:54:00-04:00,758.97,759.1769,758.9,758.9528,31997.237477,933,758.9549144115016
2026-09-18 11:55:00-04:00,758.96,759.0476,758.92,758.98,28551.20766,905,758.9875891779169
2026-09-18 11:56:00-04:00,758.9776,759.1999,758.9776,759.1576,43750.18241,961,759.1050296541404
2026-09-18 11:57:00-04:00,759.1576,759.2,758.98,758.995,31422.435542,864,759.113969425073
2026-09-18 11:58:00-04:00,758.9988,759.03,758.8681,758.8786,45513.403925,1002,758.9368697765161
2026-09-18 11:59:00-04:00,758.88,759.0,758.84,758.9976,52707.137053,1045,758.9129144659485
2026-09-18 12:00:00-04:00,758.99,759.01,758.75,758.829,45569.898799,1274,758.8785471716018
2026-09-18 12:01:00-04:00,758.8276,758.8964,758.69,758.7576,32170.033866,925,758.7673732353107
2026-09-18 12:02:00-04:00,758.7576,758.8888,758.68,758.83,45379.160021,1097,758.7705958081569
2026-09-18 12:03:00-04:00,758.84,758.91,758.74,758.815,25116.579352,917,758.8204558342828
2026-09-18 12:04:00-04:00,758.805,758.9118,758.73,758.84,32045.645889,869,758.7903125426413
2026-09-18 12:05:00-04:00,758.84,758.93,758.79,758.895,31193.039986,1018,758.8715867120065
2026-09-18 12:06:00-04:00,758.8988,759.11,758.89,759.1076,48237.935075,1161,758.9887437399439
2026-09-18 12:07:00-04:00,759.1076,759.22,759.0248,759.21,32009.811008,922,759.147774289134
2026-09-18 12:08:00-04:00,759.2276,759.23,758.98,758.9888,24940.862145,903,759.1275397468036
2026-09-18 12:09:00-04:00,758.99,759.15,758.98,759.145,59419.601406,1123,759.0680793063048
2026-09-18 12:10:00-04:00,759.1488,759.18,758.9298,759.0888,29810.653089,860,759.1162816701901
2026-09-18 12:11:00-04:00,759.0888,759.17,759.03,759.0788,38469.370576,923,759.1178498654523
2026-09-18 12:12:00-04:00,759.08,759.2076,759.08,759.12,28021.082377,845,759.1414857919074
2026-09-18 12:13:00-04:00,759.1276,759.1276,758.96,758.96,28826.109508,656,759.0436482308157
2026-09-18 12:14:00-04:00,758.975,759.0988,758.95,759.0145,43293.881431,679,759.0477110466603
2026-09-18 12:15:00-04:00,759.01,759.0809,758.9,758.92,26038.506173,492,758.9674507890556
2026-09-18 12:16:00-04:00,758.925,759.02,758.88,758.9243,27853.541925,605,758.9506676013706
2026-09-18 12:17:00-04:00,758.93,759.0615,758.93,759.0064,29702.905474,600,758.9954397262671
2026-09-18 12:18:00-04:00,759.0,759.18,758.995,759.06,33537.921883,584,759.1000027957732
2026-09-18 12:19:00-04:00,759.0083,759.0949,759.0083,759.0949,17096.030053,482,759.0613474631525
2026-09-18 12:20:00-04:00,759.0948,759.11,758.91,759.0,28717.520181,585,758.9978434433685
2026-09-18 12:21:00-04:00,758.99,759.04,758.922,759.0,24442.038964,542,759.0017702231054
2026-09-18 12:22:00-04:00,759.01,759.0211,758.86,758.9384,20989.731852,511,758.9382877928662
2026-09-18 12:23:00-04:00,758.91,759.0111,758.29,758.31,67989.985068,1493,758.5421540314841
2026-09-18 12:24:00-04:00,758.325,758.33,758.21,758.254,64438.870413,1090,758.271908749472
2026-09-18 12:25:00-04:00,758.26,758.7647,757.97,758.175,110281.192199,1989,758.0734495625322
2026-09-18 12:26:00-04:00,758.18,758.31,758.0721,758.2088,70736.954637,1037,758.1794352936649
2026-09-18 12:27:00-04:00,758.2088,758.4862,758.2012,758.44,36591.54382,764,758.3229410597946
2026-09-18 12:28:00-04:00,758.44,758.78,758.38,758.6,131883.260589,2131,758.5619056180344
2026-09-18 12:29:00-04:00,758.3024,758.915,758.3024,758.76,32946.565381,746,758.7232149565901
2026-09-18 12:30:00-04:00,758.76,758.96,758.4348,758.7294,58287.685854,990,758.7301108887107
2026-09-18 12:31:00-04:00,758.95,758.9764,758.737,758.744,66139.696401,884,758.8342303158635
2026-09-18 12:32:00-04:00,758.76,758.9,758.717,758.89,22611.625182,613,758.7972035455176
2026-09-18 12:33:00-04:00,758.9,759.18,758.4772,759.1534,55204.243575,987,759.0466458735675
2026-09-18 12:34:00-04:00,759.14,759.3,759.0811,759.1101,36640.578812,715,759.2062812575621
2026-09-18 12:35:00-04:00,759.1332,759.25,759.07,759.151,23761.218619,595,759.151581263984
2026-09-18 12:36:00-04:00,759.1303,759.23,758.7001,759.0004,23407.528606,566,759.092433214495
2026-09-18 12:37:00-04:00,759.0232,759.1373,758.8001,758.95,28121.708877,615,759.0489088514412
2026-09-18 12:38:00-04:00,758.955,759.0826,758.82,758.8791,39631.472691,666,758.9173260759776
2026-09-18 12:39:00-04:00,758.875,759.08,758.84,758.975,24128.919757,520,758.9851285265536
2026-09-18 12:40:00-04:00,758.975,759.0499,758.914,758.9355,14872.776675,387,758.975514158852
2026-09-18 12:41:00-04:00,758.924,759.0,758.856,758.875,13302.770959,449,758.9442713958796
2026-09-18 12:42:00-04:00,758.875,759.1299,758.84,759.12,22386.451052,567,758.981544768373
2026-09-18 12:43:00-04:00,759.11,759.14,759.0,759.04,17264.526177,481,759.0701226631517
2026-09-18 12:44:00-04:00,759.05,759.273,758.9998,759.0999,56017.115955,1499,759.1687240169615
2026-09-18 12:45:00-04:00,759.1,759.1749,759.01,759.0964,27787.59014,661,759.083249272705
2026-09-18 12:46:00-04:00,759.0976,759.1204,758.92,758.9499,27149.10242,559,759.0366621745255
2026-09-18 12:47:00-04:00,758.945,759.0405,758.78,759.001,22649.50434,591,758.8938854567286
2026-09-18 12:48:00-04:00,759.0,759.0228,758.91,758.915,24845.996892,514,758.9629317531037
2026-09-18 12:49:00-04:00,758.92,759.2,758.92,759.17,32716.630719,633,759.1074087045322
2026-09-18 12:50:00-04:00,759.16,759.26,759.16,759.19,23260.36732,606,759.2202456538399
2026-09-18 12:51:00-04:00,759.19,759.35,759.0744,759.295,58796.069241,1024,759.2343344446048
2026-09-18 12:52:00-04:00,759.29,759.48,759.29,759.43,109447.653839,1539,759.3795211668537
2026-09-18 12:53:00-04:00,759.43,759.53,759.208,759.2128,18697.315789,489,759.491164506632
2026-09-18 12:54:00-04:00,759.2472,759.51,759.2146,759.4764,32009.961163,573,759.4580940067794
2026-09-18 12:55:00-04:00,759.46,759.4899,759.3718,759.4655,14920.571483,357,759.4379884828968
2026-09-18 12:56:00-04:00,759.47,759.489,759.308,759.39,23811.822904,522,759.4021307837454
2026-09-18 12:57:00-04:00,759.395,759.49,759.37,759.445,25927.400337,537,759.4475967141971
2026-09-18 12:58:00-04:00,759.44,759.55,759.33,759.37,98085.200734,1289,759.4217050005315
2026-09-18 12:59:00-04:00,759.36,759.4244,759.3,759.3902,11086.088424,361,759.3540227204272
2026-09-18 13:00:00-04:00,759.395,759.4,759.17,759.23,29707.669721,604,759.2190084692604
2026-09-18 13:01:00-04:00,759.25,759.3812,759.2263,759.2901,12716.724231,353,759.2901286159802
2026-09-18 13:02:00-04:00,759.28,759.37,759.2392,759.307,15571.194874,410,759.3161944260395
2026-09-18 13:03:00-04:00,759.31,759.45,759.29,759.4059,13342.771726,383,759.3827299088247
2026-09-18 13:04:00-04:00,759.4,759.4155,759.3401,759.365,10967.223209,324,759.3705183039667
2026-09-18 13:05:00-04:00,759.36,759.5,759.2961,759.45,18777.821627,486,759.4237985197828
2026-09-18 13:06:00-04:00,759.44,759.5299,759.3799,759.42,23078.145051,481,759.4772779777925
2026-09-18 13:07:00-04:00,759.41,759.48,759.39,759.4401,20756.602827,478,759.4387357269627
2026-09-18 13:08:00-04:00,759.46,759.53,759.3705,759.395,32828.415043,539,759.474436244561
2026-09-18 13:09:00-04:00,759.395,759.4683,759.25,759.31,22740.836289,491,759.3580280987833
2026-09-18 13:10:00-04:00,759.32,759.4378,759.17,759.2099,85721.783539,1333,759.2123740869513
2026-09-18 13:11:00-04:00,759.205,759.3407,759.12,759.18,29831.446397,825,759.1677565829144
2026-09-18 13:12:00-04:00,759.195,759.1985,759.025,759.06,42850.78417,955,759.0815949747167
2026-09-18 13:13:00-04:00,759.07,759.295,759.065,759.25,30947.627406,677,759.2127856635979
2026-09-18 13:14:00-04:00,759.25,759.32,759.1337,759.3001,23739.722807,567,759.2814227502429
2026-09-18 13:15:00-04:00,759.31,759.4401,759.1768,759.435,50703.323099,819,759.3138354956617
2026-09-18 13:16:00-04:00,759.4382,759.4382,759.27,759.3266,17034.876532,422,759.3188590863523
2026-09-18 13:17:00-04:00,759.32,759.49,759.29,759.47,11733.926084,367,759.4033544050853
2026-09-18 13:18:00-04:00,759.47,759.47,759.27,759.29,12765.120986,334,759.3818012713979
2026-09-18 13:19:00-04:00,759.3631,759.3781,759.254,759.35,11280.556614,375,759.3000611384624
2026-09-18 13:20:00-04:00,759.3501,759.37,759.25,759.27,14875.577121,351,759.3234922658411
2026-09-18 13:21:00-04:00,759.275,759.394,759.275,759.351,26476.945821,514,759.3496133328878
2026-09-18 13:22:00-04:00,759.3565,759.46,759.29,759.4555,46818.212256,670,759.3557864789074
2026-09-18 13:23:00-04:00,759.45,759.49,759.3572,759.45,24663.319724,520,759.45470422792
2026-09-18 13:24:00-04:00,759.4599,759.51,759.3757,759.51,15354.270512,344,759.4669365820984
2026-09-18 13:25:00-04:00,759.5,759.58,759.3688,759.54,22607.857527,511,759.5014815728524
2026-09-18 13:26:00-04:00,759.54,759.56,759.3894,759.53,18131.78852,381,759.5218452191262
2026-09-18 13:27:00-04:00,759.53,759.56,759.49,759.56,19794.615332,506,759.5248498180548
2026-09-18 13:28:00-04:00,759.55,759.5799,759.4265,759.45,36895.310803,803,759.5142169889234
2026-09-18 13:29:00-04:00,759.441,759.5057,759.37,759.39,37510.241108,682,759.4281805891027
2026-09-18 13:30:00-04:00,759.4,759.4798,759.26,759.4396,37074.366304,727,759.3479324234249
2026-09-18 13:31:00-04:00,759.33,759.3608,759.28,759.32,14971.332671,530,759.3074442499689
2026-09-18 13:32:00-04:00,759.3,759.4407,759.26,759.33,15743.584128,594,759.3013821974298
2026-09-18 13:33:00-04:00,759.33,759.4349,759.22,759.2829,19637.945927,630,759.2932434346944
2026-09-18 13:34:00-04:00,759.2701,759.46,759.26,759.43,119773.486085,1639,759.3573427904662
2026-09-18 13:35:00-04:00,759.44,759.63,759.3799,759.61,95000.420107,1126,759.5322047979985
2026-09-18 13:36:00-04:00,759.6,759.73,759.6,759.6776,28971.842838,690,759.6694882843306
2026-09-18 13:37:00-04:00,759.6757,759.75,759.62,759.64,80794.663124,944,759.6976832491717
2026-09-18 13:38:00-04:00,759.6474,759.6802,759.4775,759.65,22443.476139,471,759.6271320687611
2026-09-18 13:39:00-04:00,759.6595,759.72,759.62,759.705,16606.779108,442,759.675374200998
2026-09-18 13:40:00-04:00,759.6996,759.72,759.64,759.69,25161.094311,643,759.6782491786776
2026-09-18 13:41:00-04:00,759.69,759.6955,759.59,759.6382,25136.293594,636,759.634342357572
2026-09-18 13:42:00-04:00,759.64,759.66,759.56,759.615,48212.636837,779,759.605650817453
2026-09-18 13:43:00-04:00,759.61,759.67,759.5512,759.63,19107.603726,488,759.6250189042576
2026-09-18 13:44:00-04:00,759.63,759.78,759.6061,759.77,34423.906254,724,759.7202084651407
2026-09-18 13:45:00-04:00,759.78,759.8,759.71,759.73,39527.456757,642,759.7560089958178
2026-09-18 13:46:00-04:00,759.73,759.761,759.6739,759.7455,21037.751027,443,759.7352410721884
2026-09-18 13:47:00-04:00,759.74,759.8,759.73,759.75,50342.529681,613,759.7747842153494
2026-09-18 13:48:00-04:00,759.75,759.8,759.68,759.685,44103.053488,1640,759.7179587785463
2026-09-18 13:49:00-04:00,759.685,759.6999,759.61,759.65,34228.441073,2480,759.6549962461124
2026-09-18 13:50:00-04:00,759.64,759.74,759.64,759.739,38997.163555,2416,759.6972361644026
2026-09-18 13:51:00-04:00,759.735,759.8,759.6999,759.795,48902.837802,2407,759.7741375924522
2026-09-18 13:52:00-04:00,759.7984,759.84,759.77,759.835,30372.698236,2208,759.808693500736
2026-09-18 13:53:00-04:00,759.835,759.86,759.7398,759.83,31635.264303,1058,759.8281930656924
2026-09-18 13:54:00-04:00,759.83,759.86,759.7509,759.79,18833.650126,518,759.8180757609625
2026-09-18 13:55:00-04:00,759.79,759.82,759.72,759.8,22766.210599,688,759.7692402484257
2026-09-18 13:56:00-04:00,759.7969,759.83,759.7553,759.8,27387.897246,495,759.8101201965258
2026-09-18 13:57:00-04:00,759.81,759.9,759.785,759.8226,40298.675023,614,759.8357628919326
2026-09-18 13:58:00-04:00,759.83,759.83,759.75,759.81,37670.457057,525,759.8030449099143
2026-09-18 13:59:00-04:00,759.805,759.89,759.8,759.83,25452.197043,540,759.838614085404
2026-09-18 14:00:00-04:00,759.83,759.84,759.68,759.68,50265.424378,760,759.7375645151263
2026-09-18 14:01:00-04:00,759.689,759.965,759.68,759.878,99014.910295,1087,759.8678629353294
2026-09-18 14:02:00-04:00,759.875,759.94,759.8271,759.925,60122.414864,704,759.9086440967053
2026-09-18 14:03:00-04:00,759.925,759.93,759.8355,759.9,41012.811158,682,759.8917965037532
2026-09-18 14:04:00-04:00,759.8958,759.97,759.88,759.8909,54420.78229,710,759.9255423951803
2026-09-18 14:05:00-04:00,759.895,759.96,759.84,759.875,35986.184059,619,759.8804977691183
2026-09-18 14:06:00-04:00,759.87,759.89,759.78,759.79,73025.718802,872,759.824525799189
2026-09-18 14:07:00-04:00,759.785,759.8499,759.76,759.845,34249.56265,591,759.794448476662
2026-09-18 14:08:00-04:00,759.85,759.88,759.79,759.7912,42535.608734,527,759.851620581023
2026-09-18 14:09:00-04:00,759.795,759.81,759.74,759.785,24153.493453,523,759.7720040226591
2026-09-18 14:10:00-04:00,759.79,759.86,759.76,759.86,47409.283606,592,759.8081807985711
2026-09-18 14:11:00-04:00,759.84,759.845,759.66,759.765,30838.823997,695,759.7262001718037
2026-09-18 14:12:00-04:00,759.77,759.8447,759.66,759.81,25822.422032,480,759.7312144234406
2026-09-18 14:13:00-04:00,759.81,759.88,759.75,759.87,90759.364299,680,759.8112936847908
2026-09-18 14:14:00-04:00,759.86,759.9,759.7918,759.8132,20900.771974,495,759.84316547834
2026-09-18 14:15:00-04:00,759.81,759.88,759.79,759.8677,43923.92553,441,759.8549153480177
2026-09-18 14:16:00-04:00,759.87,759.99,759.8075,759.95,24540.159441,585,759.9118311199428
2026-09-18 14:17:00-04:00,759.945,759.99,759.88,759.8976,22907.478372,578,759.9408168464242
2026-09-18 14:18:00-04:00,759.895,760.02,759.8912,760.0,56637.948444,858,759.9724197584874
2026-09-18 14:19:00-04:00,760.0,760.1,759.96,760.1,30328.625976,669,760.0279905947987
2026-09-18 14:20:00-04:00,760.09,760.185,759.9936,760.18,45634.370269,875,760.1252851063227
2026-09-18 14:21:00-04:00,760.18,760.36,760.18,760.315,88132.262971,1227,760.2929606507045
2026-09-18 14:22:00-04:00,760.32,760.56,760.0039,760.525,85387.679966,1135,760.4363661584889
2026-09-18 14:23:00-04:00,760.53,760.61,760.2228,760.372,251955.978415,1924,760.4853218208351
2026-09-18 14:24:00-04:00,760.3718,760.4853,760.28,760.3299,49783.47937,739,760.3168115111141
2026-09-18 14:25:00-04:00,760.325,760.36,760.26,760.285,38734.844984,612,760.3319142227954
2026-09-18 14:26:00-04:00,760.285,760.3371,760.26,760.29,14996.287271,348,760.2900381989792
2026-09-18 14:27:00-04:00,760.29,760.41,760.26,760.335,80100.203459,837,760.3628023318873
2026-09-18 14:28:00-04:00,760.34,760.3421,760.21,760.27,27426.404726,610,760.2673020294941
2026-09-18 14:29:00-04:00,760.27,760.48,760.2666,760.48,87895.037915,834,760.3698588731514
2026-09-18 14:30:00-04:00,760.48,760.504,760.3,760.3,67132.380518,1047,760.4279123117352
2026-09-18 14:31:00-04:00,760.3,760.325,760.26,760.28,23218.870879,583,760.2890009884761
2026-09-18 14:32:00-04:00,760.275,760.3688,760.26,760.34,23834.549131,529,760.2905918016747
2026-09-18 14:33:00-04:00,760.35,760.43,760.31,760.4,85806.188523,687,760.3540308335868
2026-09-18 14:34:00-04:00,760.41,760.5255,760.37,760.5255,25939.647693,543,760.4174189064111
2026-09-18 14:35:00-04:00,760.511,760.53,760.42,760.525,25405.898303,563,760.4771017601556
2026-09-18 14:36:00-04:00,760.4771,760.53,760.33,760.385,24731.49301,621,760.4269537396125
2026-09-18 14:37:00-04:00,760.385,760.385,760.27,760.345,77520.894237,811,760.303810190688
2026-09-18 14:38:00-04:00,760.345,760.3637,760.2338,760.31,51297.762048,659,760.2739435899645
2026-09-18 14:39:00-04:00,760.305,760.39,760.2749,760.36,26507.345109,478,760.3532810237871
2026-09-18 14:40:00-04:00,760.36,760.37,760.28,760.34,24868.724095,521,760.3238103958299
2026-09-18 14:41:00-04:00,760.345,760.36,760.2901,760.34,23365.612281,431,760.332440056399
2026-09-18 14:42:00-04:00,760.33,760.42,760.32,760.42,20606.607843,462,760.3639526375924
2026-09-18 14:43:00-04:00,760.4298,760.5,760.3492,760.48,21383.562389,456,760.4645437773376
2026-09-18 14:44:00-04:00,760.489,760.55,760.45,760.545,30538.780937,560,760.4942993122391
2026-09-18 14:45:00-04:00,760.55,760.84,760.5318,760.82,46510.947488,835,760.6943701830396
2026-09-18 14:46:00-04:00,760.815,761.33,760.805,761.285,158551.747142,1986,761.0918923477175
2026-09-18 14:47:00-04:00,761.2825,761.48,760.8282,761.405,164072.910268,1728,761.3918356610347
2026-09-18 14:48:00-04:00,761.405,761.42,760.9279,761.34,81644.420897,1124,761.354311914049
2026-09-18 14:49:00-04:00,761.35,761.38,761.23,761.27,58678.15185,984,761.3026059020418
2026-09-18 14:50:00-04:00,761.275,761.37,761.19,761.26,44537.625363,800,761.2867388301366
2026-09-18 14:51:00-04:00,761.2677,761.35,761.24,761.27,50045.734568,837,761.2894270039818
2026-09-18 14:52:00-04:00,761.27,761.38,761.1692,761.335,48455.260416,755,761.3100780684905
2026-09-18 14:53:00-04:00,761.33,761.74,761.33,761.66,198487.724434,1933,761.5618836348463
2026-09-18 14:54:00-04:00,761.66,761.83,761.48,761.4845,79002.827474,1260,761.6414515500062
2026-09-18 14:55:00-04:00,761.4875,761.5,761.28,761.4,64331.146406,983,761.3697662508083
2026-09-18 14:56:00-04:00,761.4,761.45,761.29,761.3199,38574.045809,774,761.3684539180107
2026-09-18 14:57:00-04:00,761.3,761.43,761.26,761.38,44543.544144,1096,761.3353546906426
2026-09-18 14:58:00-04:00,761.385,761.433,761.26,761.305,40925.783135,694,761.3174738957192
2026-09-18 14:59:00-04:00,761.3,761.3261,761.16,761.26,35682.862557,775,761.235932500369
2026-09-18 15:00:00-04:00,761.26,761.35,761.18,761.31,30456.920964,740,761.2691513158138
2026-09-18 15:01:00-04:00,761.3095,761.31,761.1,761.13,45653.917248,724,761.1652015575802
2026-09-18 15:02:00-04:00,761.12,761.4207,761.12,761.1999,39495.175141,713,761.1723335353176
2026-09-18 15:03:00-04:00,761.195,761.26,761.1685,761.2035,31318.170236,728,761.2151927945775
2026-09-18 15:04:00-04:00,761.21,761.44,761.2,761.33,59922.221755,1157,761.3488589148226
2026-09-18 15:05:00-04:00,761.33,761.38,761.2437,761.38,30899.200399,713,761.3122992699027
2026-09-18 15:06:00-04:00,761.38,761.47,761.2305,761.25,40685.857212,1034,761.3583826624684
2026-09-18 15:07:00-04:00,761.2599,761.2793,761.09,761.12,48795.007754,914,761.1490912004724
2026-09-18 15:08:00-04:00,761.12,761.2437,761.09,761.095,59591.98584,939,761.1457098161475
2026-09-18 15:09:00-04:00,761.095,761.23,761.095,761.215,28750.781746,732,761.1629688965189
2026-09-18 15:10:00-04:00,761.215,761.27,761.17,761.185,63974.799902,760,761.2136029937544
2026-09-18 15:11:00-04:00,761.189,761.33,761.15,761.31,45080.339908,812,761.2172114158091
2026-09-18 15:12:00-04:00,761.31,761.39,761.2388,761.38,65261.401084,1110,761.3009028540135
2026-09-18 15:13:00-04:00,761.3851,761.39,761.1,761.125,65552.844126,928,761.2889341501653
2026-09-18 15:14:00-04:00,761.12,761.2065,761.06,761.18,146310.470919,1678,761.0932106093102
2026-09-18 15:15:00-04:00,761.19,761.21,761.09,761.16,61777.816541,993,761.1495271306914
2026-09-18 15:16:00-04:00,761.165,761.24,761.11,761.18,75562.116641,1125,761.1749991199924
2026-09-18 15:17:00-04:00,761.18,761.2,761.11,761.165,69111.250163,883,761.1505044173553
2026-09-18 15:18:00-04:00,761.1691,761.21,761.125,761.135,56768.334265,901,761.1826895861496
2026-09-18 15:19:00-04:00,761.135,761.18,761.02,761.17,40045.399877,875,761.1144459873094
2026-09-18 15:20:00-04:00,761.168,761.2,761.03,761.1601,50654.385621,937,761.1180445374014
2026-09-18 15:21:00-04:00,761.1613,761.27,761.1167,761.1997,48105.885557,997,761.1998123760841
2026-09-18 15:22:00-04:00,761.16,761.18,761.1,761.1,59858.691386,819,761.1362232688765
2026-09-18 15:23:00-04:00,761.11,761.15,761.07,761.08,94262.119007,1116,761.105155686176
2026-09-18 15:24:00-04:00,761.08,761.11,761.01,761.08,49834.531806,985,761.0662835953794
2026-09-18 15:25:00-04:00,761.08,761.1383,761.0,761.005,43537.833312,1011,761.0550995298183
2026-09-18 15:26:00-04:00,761.01,761.08,760.99,761.07,41938.691228,1112,761.0316030789849
2026-09-18 15:27:00-04:00,761.07,761.13,761.04,761.07,56870.024651,1179,761.086174042997
2026-09-18 15:28:00-04:00,761.0755,761.1036,761.01,761.07,50068.383131,1164,761.0474972628524
2026-09-18 15:29:00-04:00,761.065,761.065,760.835,760.87,67709.523676,1234,760.9194834792668
2026-09-18 15:30:00-04:00,760.87,760.92,760.705,760.77,65494.942565,1213,760.8289751109385
2026-09-18 15:31:00-04:00,760.775,760.83,760.72,760.735,51994.828205,902,760.7800231675483
2026-09-18 15:32:00-04:00,760.74,760.84,760.71,760.745,86612.001008,1240,760.7800589061889
2026-09-18 15:33:00-04:00,760.745,760.9584,760.69,760.745,80374.493201,1107,760.7181828057475
2026-09-18 15:34:00-04:00,760.75,760.8999,760.69,760.7,48509.025533,997,760.742169396296
2026-09-18 15:35:00-04:00,760.71,760.87,760.67,760.7,69830.89328,1335,760.7312369628598
2026-09-18 15:36:00-04:00,760.705,760.92,760.7,760.901,55782.170351,1180,760.8279552839467
2026-09-18 15:37:00-04:00,760.905,761.11,760.86,761.07,96359.538787,1755,760.988922604965
2026-09-18 15:38:00-04:00,761.07,761.12,760.8372,761.11,74349.0327,1298,761.0632451177587
2026-09-18 15:39:00-04:00,761.1,761.22,760.9949,761.16,119455.657832,1534,761.1716215548488
2026-09-18 15:40:00-04:00,761.175,761.23,761.06,761.09,121365.30852400001,2092,761.1382805126971
2026-09-18 15:41:00-04:00,761.09,761.16,761.041,761.14,69790.373168,1490,761.1007417586274
2026-09-18 15:42:00-04:00,761.14,761.24,761.12,761.18,147622.444754,2294,761.1724314149877
2026-09-18 15:43:00-04:00,761.19,761.34,761.17,761.305,148026.545961,2161,761.279572316408
2026-09-18 15:44:00-04:00,761.3,761.44,761.295,761.42,132194.323201,2477,761.3751787533856
2026-09-18 15:45:00-04:00,761.44,761.44,761.1624,761.38,165322.501176,2535,761.3658340805225
2026-09-18 15:46:00-04:00,761.39,761.5,761.2314,761.48,174196.171606,2925,761.4109175121031
2026-09-18 15:47:00-04:00,761.48,761.66,761.3556,761.5499,259333.48488,3422,761.5697396541354
2026-09-18 15:48:00-04:00,761.545,761.64,761.3226,761.61,145958.699928,2299,761.583164935397
2026-09-18 15:49:00-04:00,761.61,761.66,761.57,761.65,150328.482948,2437,761.6123044123017
2026-09-18 15:50:00-04:00,761.65,761.79,761.28,761.33,429680.506396,6412,761.4207265684711
2026-09-18 15:51:00-04:00,761.33,761.47,761.24,761.25,253491.367859,3346,761.33497386694
2026-09-18 15:52:00-04:00,761.26,761.406,761.17,761.2667,184221.930125,1924,761.2455088468778
2026-09-18 15:53:00-04:00,761.2681,761.4288,761.2495,761.38,244271.508922,2125,761.3549580100664
2026-09-18 15:54:00-04:00,761.38,761.47,761.28,761.41,270908.852726,2584,761.3593488394395
2026-09-18 15:55:00-04:00,761.41,762.0,761.4,761.5621,535660.26337,5418,761.8405085744765
2026-09-18 15:56:00-04:00,761.575,761.8564,761.466,761.58,272740.072581,3279,761.5667870030899
2026-09-18 15:57:00-04:00,761.58,761.96,761.5382,761.955,393302.03355,5099,761.7866391618811
2026-09-18 15:58:00-04:00,761.94,761.95,761.39,761.5,864131.854089,7187,761.5633322220681
2026-09-18 15:59:00-04:00,761.5,761.81,761.42,761.64,1606479.155107,12538,761.6046157611597
2026-09-21 09:30:00-04:00,766.27,766.65,766.23,766.596,776266.122965,7391,766.4854893110548
2026-09-21 09:31:00-04:00,766.6,766.62,766.03,766.15,316317.825655,3958,766.3460971970111
2026-09-21 09:32:00-04:00,766.16,766.382,766.05,766.38,148247.468489,2590,766.1900308809712
2026-09-21 09:33:00-04:00,766.36,766.615,766.2628,766.345,151791.265461,2554,766.457270784912
2026-09-21 09:34:00-04:00,766.35,766.55,766.3223,766.435,224038.38777,2552,766.4557126948733
2026-09-21 09:35:00-04:00,766.44,766.68,766.37,766.66,165155.715223,2354,766.5196386839611
2026-09-21 09:36:00-04:00,766.65,766.68,766.39,766.5,147999.675416,2154,766.534567389383
2026-09-21 09:37:00-04:00,766.49,766.74,766.36,766.685,206435.893602,2560,766.5385952177663
2026-09-21 09:38:00-04:00,766.6825,766.69,766.39,766.62,117126.844993,1830,766.5965073849284
2026-09-21 09:39:00-04:00,766.62,766.692,766.5509,766.66,81973.550801,1424,766.6252270384299
2026-09-21 09:40:00-04:00,766.67,766.77,766.5405,766.576,90830.411256,1873,766.6814045820298
2026-09-21 09:41:00-04:00,766.59,766.659,766.53,766.6122,60559.031689,1328,766.6023761563429
2026-09-21 09:42:00-04:00,766.62,766.62,766.48,766.49,64483.401686,1365,766.5362069935454
2026-09-21 09:43:00-04:00,766.5,766.72,766.48,766.5712,96769.89463,1891,766.6111473045405
2026-09-21 09:44:00-04:00,766.58,766.86,766.54,766.86,78555.556934,1428,766.6534569136609
2026-09-21 09:45:00-04:00,766.85,767.09,766.82,767.06,152224.816176,2417,767.0042132638121
2026-09-21 09:46:00-04:00,767.06,767.15,766.5601,767.1088,152321.351042,2025,767.0277217756383
2026-09-21 09:47:00-04:00,767.11,767.11,766.915,766.94,91426.956278,1541,766.9859660931222
2026-09-21 09:48:00-04:00,766.94,767.05,766.86,766.95,90443.639339,1632,766.9443311325701
2026-09-21 09:49:00-04:00,766.96,767.02,766.88,767.016,54656.012773,1023,766.9513378838841
2026-09-21 09:50:00-04:00,767.0,767.07,766.978,767.0384,105187.789124,1922,767.0260709030716
2026-09-21 09:51:00-04:00,767.035,767.12,766.8772,767.11,126268.291305,1912,767.0461635717534
2026-09-21 09:52:00-04:00,767.12,767.43,767.0562,767.33,107311.083498,2049,767.2798634787868
2026-09-21 09:53:00-04:00,767.33,767.38,767.1669,767.3795,98690.00312,1979,767.3348163738949
2026-09-21 09:54:00-04:00,767.38,767.56,767.32,767.52,101046.061025,2039,767.4579951262295
2026-09-21 09:55:00-04:00,767.53,767.53,767.34,767.4142,95461.968416,1934,767.4017415216576
2026-09-21 09:56:00-04:00,767.43,767.4399,767.1715,767.3302,126321.081985,2189,767.3301497426071
2026-09-21 09:57:00-04:00,767.3469,767.5263,767.3,767.5263,55922.809738,1221,767.3999642593151
2026-09-21 09:58:00-04:00,767.53,767.59,767.38,767.452,90597.05807,1664,767.4586530933004
2026-09-21 09:59:00-04:00,767.45,767.73,767.435,767.685,66384.209069,1404,767.5935512827995
2026-09-21 10:00:00-04:00,767.685,767.72,767.5,767.586,122662.194636,2283,767.6265436684846
2026-09-21 10:01:00-04:00,767.58,767.82,767.3966,767.58,78894.117061,1634,767.6291178416034
2026-09-21 10:02:00-04:00,767.59,767.6533,767.44,767.594,51339.962207,1270,767.5279213221747
2026-09-21 10:03:00-04:00,767.6,767.62,767.45,767.49,50942.575504,1122,767.5266647187714
2026-09-21 10:04:00-04:00,767.5,767.57,767.45,767.49,45974.746,1125,767.502205434644
2026-09-21 10:05:00-04:00,767.49,767.5351,767.11,767.2,93371.557954,2012,767.2754455299971
2026-09-21 10:06:00-04:00,767.22,767.5596,767.12,767.14,50917.681071,1046,767.1757232027478
2026-09-21 10:07:00-04:00,767.14,767.32,767.04,767.23,102217.216435,1484,767.1849448761162
2026-09-21 10:08:00-04:00,767.23,767.47,767.2226,767.4496,35199.85825,882,767.3336299057319
2026-09-21 10:09:00-04:00,767.46,767.5,767.3,767.375,65467.721041,1263,767.411920381826
2026-09-21 10:10:00-04:00,767.39,767.66,767.2945,767.558,64792.705059,1473,767.5269430935219
2026-09-21 10:11:00-04:00,767.5269,767.59,767.3852,767.54,61840.326621,1459,767.508132590958
2026-09-21 10:12:00-04:00,767.53,767.74,767.5,767.68,60391.899296999996,1018,767.6336464168023
2026-09-21 10:13:00-04:00,767.68,767.89,767.66,767.87,100995.02689,1684,767.768190878457
2026-09-21 10:14:00-04:00,767.87,767.92,767.4784,767.785,97622.468797,1482,767.8535152075158
2026-09-21 10:15:00-04:00,767.79,768.05,767.79,768.0472,112675.931069,1799,767.9334933359027
2026-09-21 10:16:00-04:00,768.045,768.32,767.9643,768.278,85509.86619,1467,768.2172238860602
2026-09-21 10:17:00-04:00,768.27,768.39,768.2,768.35,132537.801334,1758,768.2840824476157
2026-09-21 10:18:00-04:00,768.34,768.5,768.2852,768.43,65847.489419,1222,768.4046596933848
2026-09-21 10:19:00-04:00,768.43,768.45,768.3405,768.43,106717.065448,1493,768.3918534661711
2026-09-21 10:20:00-04:00,768.43,768.5,768.0582,768.295,148049.118542,1761,768.4125359498074
2026-09-21 10:21:00-04:00,768.2911,768.85,768.27,768.842,123282.972491,2056,768.5759755162165
2026-09-21 10:22:00-04:00,768.84,769.08,768.5073,769.08,136212.191833,2098,768.9371311640764
2026-09-21 10:23:00-04:00,769.06,769.11,768.935,769.1,101399.617866,1414,769.0120613513112
2026-09-21 10:24:00-04:00,769.1,769.15,768.97,769.03,94735.417222,1351,769.050094169266
2026-09-21 10:25:00-04:00,769.025,769.15,768.5234,769.11,97252.814753,1532,769.0659888567283
2026-09-21 10:26:00-04:00,769.11,769.21,768.6745,769.1399,90082.035782,1462,769.1156362011801
2026-09-21 10:27:00-04:00,769.14,769.15,768.7817,769.11,163506.777717,1593,769.1192024546734
2026-09-21 10:28:00-04:00,769.11,769.29,769.1078,769.15,112299.544375,1728,769.1933908006297
2026-09-21 10:29:00-04:00,769.15,769.2,768.9075,769.0178,169535.22104,2383,769.0548179043842
2026-09-21 10:30:00-04:00,769.015,769.12,768.878,769.115,112474.571777,2267,768.9748220256863
2026-09-21 10:31:00-04:00,769.11,769.23,769.0138,769.2,89350.189456,1938,769.1080550326149
2026-09-21 10:32:00-04:00,769.21,769.36,769.0653,769.26,386423.616082,4033,769.200604649742
2026-09-21 10:33:00-04:00,769.258,769.34,769.17,769.21,138746.604677,1888,769.2582704300758
2026-09-21 10:34:00-04:00,769.205,769.2572,769.08,769.17,112404.505487,1937,769.149050632198
2026-09-21 10:35:00-04:00,769.15,769.242,769.138,769.195,89629.436357,1533,769.1844925136926
2026-09-21 10:36:00-04:00,769.2,769.37,769.1485,769.28,88273.043246,1439,769.2631604877926
2026-09-21 10:37:00-04:00,769.285,769.56,769.285,769.47,122068.011951,1638,769.4242805399333
2026-09-21 10:38:00-04:00,769.47,769.5,769.29,769.3,72728.608248,1286,769.4183071064316
2026-09-21 10:39:00-04:00,769.29,769.4169,769.2,769.2701,100694.75138,1365,769.2666699418286
2026-09-21 10:40:00-04:00,769.28,769.31,769.158,769.225,56997.29845,1219,769.2356570132146
2026-09-21 10:41:00-04:00,769.225,769.55,769.1345,769.205,99589.004669,1703,769.2725458519652
2026-09-21 10:42:00-04:00,769.2,769.2477,769.08,769.1,102615.520564,1279,769.1629507287054
2026-09-21 10:43:00-04:00,769.11,769.11,768.9,768.934,123177.061334,1791,768.9872543911749
2026-09-21 10:44:00-04:00,768.94,769.01,768.88,768.99,127572.61650999999,1563,768.9240559514542
2026-09-21 10:45:00-04:00,768.99,769.0,768.73,768.7645,83629.639287,1549,768.8010084314053
2026-09-21 10:46:00-04:00,768.7699,769.1596,768.7619,768.96,65754.244509,1280,768.8879793786045
2026-09-21 10:47:00-04:00,768.96,769.2,768.94,769.188,87805.516552,1808,769.1188342624184
2026-09-21 10:48:00-04:00,769.185,769.315,769.0895,769.268,192280.921925,1275,769.1789260432769
2026-09-21 10:49:00-04:00,769.265,769.27,768.99,769.0,63529.958604,1243,769.1371792540842
2026-09-21 10:50:00-04:00,768.99,769.055,768.87,768.875,72592.16777,1431,768.9396076951502
2026-09-21 10:51:00-04:00,768.88,769.0421,768.87,768.97,51549.130492,1019,768.9452640802898
2026-09-21 10:52:00-04:00,768.965,769.07,768.89,768.98,60986.078456,1040,768.9696419427906
2026-09-21 10:53:00-04:00,768.975,769.005,768.9,768.908,130344.171292,1615,768.9503367269373
2026-09-21 10:54:00-04:00,768.9,769.2291,768.89,769.19,61230.284062,1022,769.0859347716166
2026-09-21 10:55:00-04:00,769.19,769.2,769.0532,769.105,100346.719884,1451,769.1517511148197
2026-09-21 10:56:00-04:00,769.112,769.23,768.99,769.23,119145.206396,1596,769.0671853515372
2026-09-21 10:57:00-04:00,769.222,769.33,769.148,769.31,195586.867173,2618,769.2206690500807
2026-09-21 10:58:00-04:00,769.32,769.44,769.098,769.39,50056.534998,922,769.3565580731214
2026-09-21 10:59:00-04:00,769.41,769.41,769.0953,769.2177,66645.851092,1107,769.2791301871719
2026-09-21 11:00:00-04:00,769.22,769.33,769.1019,769.27,60010.94412,1036,769.2572126620742
2026-09-21 11:01:00-04:00,769.25,769.3074,769.19,769.235,75621.013793,1066,769.2491169107772
2026-09-21 11:02:00-04:00,769.235,769.2545,769.115,769.21,72647.077012,1123,769.1935173112007
2026-09-21 11:03:00-04:00,769.22,769.3,769.15,769.28,53874.81206,889,769.2140159595895
2026-09-21 11:04:00-04:00,769.29,769.55,769.1995,769.53,60955.334753,1094,769.3858302544411
2026-09-21 11:05:00-04:00,769.5405,769.63,769.2518,769.4799,81560.498136,1511,769.5247025586056
2026-09-21 11:06:00-04:00,769.48,769.5232,769.2853,769.37,45822.076023,939,769.4540819475187
2026-09-21 11:07:00-04:00,769.37,769.55,769.3269,769.52,62006.207224,1016,769.4567093239344
2026-09-21 11:08:00-04:00,769.52,769.58,769.3402,769.5601,29747.343537,707,769.5342156207945
2026-09-21 11:09:00-04:00,769.55,769.61,769.52,769.56,43445.182488,823,769.5574073262435
2026-09-21 11:10:00-04:00,769.55,769.5602,769.3705,769.42,109215.102681,1541,769.4590463895462
2026-09-21 11:11:00-04:00,769.43,769.51,769.4005,769.49,41515.755866,848,769.4635967301864
2026-09-21 11:12:00-04:00,769.49,769.78,769.451,769.77,48195.63579,1048,769.6284125607948
2026-09-21 11:13:00-04:00,769.79,769.8,769.4723,769.774,49282.536847,951,769.7344743025631
2026-09-21 11:14:00-04:00,769.756,769.82,769.5167,769.8,39914.182024,871,769.7643807918369
2026-09-21 11:15:00-04:00,769.81,769.96,769.5769,769.95,52180.147749,1013,769.9062828822159
2026-09-21 11:16:00-04:00,769.945,770.04,769.6212,769.9905,95858.711589,1710,769.9865131706266
2026-09-21 11:17:00-04:00,770.0,770.0,769.6868,769.978,62124.422095,1084,769.9206648555713
2026-09-21 11:18:00-04:00,769.98,770.14,769.7297,770.085,61501.714652,1002,770.0446833721556
2026-09-21 11:19:00-04:00,770.08,770.18,770.06,770.15,46211.28731,925,770.120700759999
2026-09-21 11:20:00-04:00,770.15,770.17,769.8295,769.99,73188.612989,1065,770.0768266027727
2026-09-21 11:21:00-04:00,769.995,770.14,769.9304,770.08,60114.35196,1078,770.0651617708878
2026-09-21 11:22:00-04:00,770.08,770.08,769.895,769.9695,49828.267691,891,769.9666359623133
2026-09-21 11:23:00-04:00,769.98,770.01,769.888,769.986,54655.711607,1009,769.9362549759481
2026-09-21 11:24:00-04:00,769.99,770.02,769.915,769.935,55237.592467,996,769.9560766851654
2026-09-21 11:25:00-04:00,769.935,770.075,769.88,770.025,80940.292878,1458,769.9513209574492
2026-09-21 11:26:00-04:00,770.025,770.042,769.89,769.92,46978.066899,1102,769.9658364495696
2026-09-21 11:27:00-04:00,769.924,770.08,769.91,769.968,47188.39321,1135,770.0006731754405
2026-09-21 11:28:00-04:00,769.96,770.0071,769.82,769.82,48279.661979,918,769.8921505015528
2026-09-21 11:29:00-04:00,769.83,769.91,769.818,769.858,30025.731776,741,769.8775015904406
2026-09-21 11:30:00-04:00,769.87,770.0,769.845,769.98,38402.944712,852,769.9370981596256
2026-09-21 11:31:00-04:00,769.99,769.99,769.86,769.936,47451.047182,961,769.9270096400544
2026-09-21 11:32:00-04:00,769.93,770.0339,769.9137,769.975,53640.69942,957,769.9927173254661
2026-09-21 11:33:00-04:00,769.98,770.01,769.9232,769.96,43305.79252,851,769.9706865015349
2026-09-21 11:34:00-04:00,769.96,770.0,769.81,769.8638,38083.623818,895,769.9082457561865
2026-09-21 11:35:00-04:00,769.87,769.98,769.85,769.92,35760.860614,832,769.9177897698958
2026-09-21 11:36:00-04:00,769.92,770.202,769.898,770.14,69880.923486,1332,770.0618567133838
2026-09-21 11:37:00-04:00,770.15,770.3,769.96,770.29,46523.8185,1012,770.2053792903336
2026-09-21 11:38:00-04:00,770.29,770.372,770.0264,770.37,93041.528675,1457,770.3156208793025
2026-09-21 11:39:00-04:00,770.37,770.56,770.37,770.4916,111660.661552,1844,770.4997838918192
2026-09-21 11:40:00-04:00,770.495,770.542,770.174,770.39,55572.898051,1163,770.4692293610611
2026-09-21 11:41:00-04:00,770.4,770.5,770.1926,770.477,49981.234991,999,770.4279269790098
2026-09-21 11:42:00-04:00,770.48,770.5,770.2531,770.46,61416.577662,1328,770.4302935975179
2026-09-21 11:43:00-04:00,770.46,770.582,770.4432,770.555,69345.951689,1116,770.5207118805662
2026-09-21 11:44:00-04:00,770.55,770.73,770.4798,770.72,46892.385233,1016,770.641940597758
2026-09-21 11:45:00-04:00,770.72,770.95,770.3965,770.88,169398.86988699998,1750,770.8953775573549
2026-09-21 11:46:00-04:00,770.89,771.0476,770.5493,771.03,66471.267528,1495,770.9763476107731
2026-09-21 11:47:00-04:00,771.03,771.2,770.5937,771.1762,58976.970513,1470,771.0739937819353
2026-09-21 11:48:00-04:00,771.17,771.18,770.7016,771.03,52032.636626,1337,771.0913432447903
2026-09-21 11:49:00-04:00,771.03,771.0534,770.94,770.9688,76135.34812,1544,770.9784715962998
2026-09-21 11:50:00-04:00,770.96,771.36,770.8153,770.96,187192.644241,2631,770.9894430829105
2026-09-21 11:51:00-04:00,770.96,770.9801,770.8499,770.9077,69032.104713,1328,770.9068841475681
2026-09-21 11:52:00-04:00,770.9076,770.95,770.82,770.83,50779.122499,1152,770.8891746844463
2026-09-21 11:53:00-04:00,770.85,770.91,770.73,770.815,51899.677604,1079,770.8288069336065
2026-09-21 11:54:00-04:00,770.83,770.9461,770.66,770.6876,45162.877785,1328,770.7472831556661
2026-09-21 11:55:00-04:00,770.69,770.9386,770.624,770.77,93200.808561,1814,770.6903175867764
2026-09-21 11:56:00-04:00,770.78,770.9104,770.69,770.7,79750.705523,1652,770.7390037724857
2026-09-21 11:57:00-04:00,770.7176,770.8918,770.53,770.6,80417.931859,1641,770.5906175534676
2026-09-21 11:58:00-04:00,770.6,770.8087,770.54,770.6488,102271.860023,1670,770.5746224697516
2026-09-21 11:59:00-04:00,770.65,770.76,770.6075,770.7488,48720.909458,1222,770.6720107173293
2026-09-21 12:00:00-04:00,770.735,770.7653,770.515,770.5823,54592.195666,1374,770.5882192572587
2026-09-21 12:01:00-04:00,770.5939,770.7058,770.57,770.64,39651.819477,1156,770.6232976667155
2026-09-21 12:02:00-04:00,770.6476,770.8976,770.6002,770.89,33467.022937,1177,770.7566945358881
2026-09-21 12:03:00-04:00,770.9,771.045,770.89,771.0376,50535.568812,1292,770.9632295411649
2026-09-21 12:04:00-04:00,771.0376,771.1,770.7985,771.045,31459.552501,1062,771.0495395813288
2026-09-21 12:05:00-04:00,771.05,771.112,770.7192,771.0388,67876.370538,1429,771.0575353371254
2026-09-21 12:06:00-04:00,771.0364,771.09,770.7543,770.9488,50910.27014,1192,771.0215296802694
2026-09-21 12:07:00-04:00,770.948,771.52,770.8312,771.285,209907.771915,3889,771.2394678862811
2026-09-21 12:08:00-04:00,771.28,771.39,771.23,771.3876,43472.417994,1220,771.3137712474106
2026-09-21 12:09:00-04:00,771.374,771.71,771.0951,771.6588,84510.875723,1770,771.4910601397705
2026-09-21 12:10:00-04:00,771.66,771.85,771.1929,771.84,80782.448831,1800,771.7112465045516
2026-09-21 12:11:00-04:00,771.85,771.85,771.2195,771.74,71189.210923,1475,771.7907808032803
2026-09-21 12:12:00-04:00,771.75,771.75,771.3414,771.566,77482.758427,1765,771.5864083981135
2026-09-21 12:13:00-04:00,771.565,771.72,771.3855,771.5,69001.283808,1631,771.6138505901588
2026-09-21 12:14:00-04:00,771.5076,771.58,771.4106,771.5576,57999.726572,1530,771.5034755338436
2026-09-21 12:15:00-04:00,771.5568,771.7276,771.4446,771.685,47407.709642,1460,771.6630409878726
2026-09-21 12:16:00-04:00,771.68,771.8164,771.4937,771.755,39062.152056,1194,771.7096014825275
2026-09-21 12:17:00-04:00,771.755,771.76,771.535,771.535,64488.474678,1661,771.6358003041595
2026-09-21 12:18:00-04:00,771.54,771.6149,771.42,771.495,78670.999594,1827,771.5177549825783
2026-09-21 12:19:00-04:00,771.4988,771.63,771.49,771.6176,44901.154236,1226,771.5684840999996
2026-09-21 12:20:00-04:00,771.6176,771.67,771.54,771.59,43910.45184,1276,771.595822066277
2026-09-21 12:21:00-04:00,771.5976,771.6045,771.446,771.57,35767.14834,1154,771.5165768183318
2026-09-21 12:22:00-04:00,771.5676,771.72,771.5265,771.6888,62154.740201,1194,771.6425810914109
2026-09-21 12:23:00-04:00,771.69,771.69,771.6,771.675,57231.47092,1114,771.6488658989275
2026-09-21 12:24:00-04:00,771.675,771.69,771.56,771.6576,48966.137687,1159,771.6301598975512
2026-09-21 12:25:00-04:00,771.652,771.77,771.61,771.77,34167.772263,1085,771.6837474097697
2026-09-21 12:26:00-04:00,771.77,771.89,771.6612,771.8753,53362.821723,1091,771.8029205913775
2026-09-21 12:27:00-04:00,771.88,772.02,771.8625,772.02,69851.10467,1135,771.9838413765236
2026-09-21 12:28:00-04:00,772.025,772.05,771.7011,771.96,42626.583941,922,771.9945795881307
2026-09-21 12:29:00-04:00,771.96,771.97,771.7476,771.82,70875.881826,1258,771.8436588034907
2026-09-21 12:30:00-04:00,771.828,772.08,771.81,772.05,52547.363461,1115,771.9806022496924
2026-09-21 12:31:00-04:00,772.054,772.27,771.8141,772.245,113245.89568,1751,772.1546026490234
2026-09-21 12:32:00-04:00,772.25,772.525,771.8906,772.48,66683.7985,1443,772.3877166103346
2026-09-21 12:33:00-04:00,772.5,772.66,772.45,772.515,111324.292084,1716,772.5452074401501
2026-09-21 12:34:00-04:00,772.515,772.5451,772.3,772.4,80221.114229,1102,772.4135691842622
2026-09-21 12:35:00-04:00,772.42,772.542,772.36,772.42,58714.152674,1168,772.4390364568612
2026-09-21 12:36:00-04:00,772.43,772.5,772.36,772.425,64971.637496,1168,772.4087795502679
2026-09-21 12:37:00-04:00,772.43,772.45,772.258,772.265,61574.140493,1142,772.3677791869121
2026-09-21 12:38:00-04:00,772.27,772.2726,772.09,772.12,117914.56844,1577,772.1543239408186
2026-09-21 12:39:00-04:00,772.11,772.2883,771.88,771.8976,55598.35177,1047,771.9834785703837
2026-09-21 12:40:00-04:00,771.9,772.2214,771.795,771.99,149050.282188,1822,771.9025453963387
2026-09-21 12:41:00-04:00,772.0,772.2417,771.87,772.002,115976.433877,1569,771.9250153294482
2026-09-21 12:42:00-04:00,772.01,772.2101,771.9174,772.105,46082.109286,963,772.0459748755283
2026-09-21 12:43:00-04:00,772.11,772.16,772.0461,772.11,47012.520242,956,772.1195093560447
2026-09-21 12:44:00-04:00,772.11,772.12,771.92,772.0,52653.094141,961,772.0164761152803
2026-09-21 12:45:00-04:00,772.0,772.262,771.998,772.22,53543.269421,1057,772.1284259990617
2026-09-21 12:46:00-04:00,772.0777,772.33,772.0777,772.2454,46691.454342,883,772.2448407466111
2026-09-21 12:47:00-04:00,772.25,772.29,772.16,772.26,45383.322474,838,772.2095035278676
2026-09-21 12:48:00-04:00,772.26,772.27,772.122,772.22,37830.680287,848,772.2022643531874
2026-09-21 12:49:00-04:00,772.22,772.25,772.032,772.2499,36111.220866,723,772.1957103197893
2026-09-21 12:50:00-04:00,772.26,772.3464,772.1966,772.27,51907.046924,1061,772.2803794248697
2026-09-21 12:51:00-04:00,772.275,772.275,772.1,772.16,43599.55546,1027,772.1503282264191
2026-09-21 12:52:00-04:00,772.155,772.1607,771.97,772.099,38500.773876,949,772.0441400566871
2026-09-21 12:53:00-04:00,772.09,772.172,772.0,772.1,52707.346319,1112,772.0620363107723
2026-09-21 12:54:00-04:00,772.1,772.19,772.0625,772.16,40262.765771,759,772.1347053279266
2026-09-21 12:55:00-04:00,772.16,772.305,772.1384,772.275,45484.835839,871,772.2499571714718
2026-09-21 12:56:00-04:00,772.274,772.28,772.05,772.05,43918.826445,911,772.1934003403392
2026-09-21 12:57:00-04:00,772.07,772.17,772.06,772.1451,60938.175784,996,772.1272786733671
2026-09-21 12:58:00-04:00,772.145,772.25,772.13,772.22,32042.012012,710,772.1779558168357
2026-09-21 12:59:00-04:00,772.23,772.34,772.1611,772.3256,41733.82174,772,772.3017941606753
2026-09-21 13:00:00-04:00,772.33,772.44,772.179,772.41,41001.010107,947,772.3928001148179
2026-09-21 13:01:00-04:00,772.43,772.5,772.2399,772.37,61657.863854,1065,772.4326568198061
2026-09-21 13:02:00-04:00,772.38,772.4,772.2208,772.2934,33051.220907,824,772.3333298170085
2026-09-21 13:03:00-04:00,772.31,772.38,772.2475,772.29,27045.176438,692,772.2986507526891
2026-09-21 13:04:00-04:00,772.28,772.31,772.1825,772.2677,52189.828076,1087,772.256533741391
2026-09-21 13:05:00-04:00,772.27,772.52,772.27,772.48,50468.926284,1006,772.4059565379076
2026-09-21 13:06:00-04:00,772.48,772.53,772.3373,772.47,43007.108498,792,772.4773675216098
2026-09-21 13:07:00-04:00,772.47,772.49,772.328,772.33,41493.049005,840,772.4149167578485
2026-09-21 13:08:00-04:00,772.33,772.4422,772.27,772.3277,35532.28974,808,772.3204615826276
2026-09-21 13:09:00-04:00,772.33,772.39,772.285,772.38,29127.092676,712,772.352716675205
2026-09-21 13:10:00-04:00,772.39,772.49,772.3545,772.45,41307.891212,852,772.4192098460915
2026-09-21 13:11:00-04:00,772.45,772.532,772.373,772.525,37198.110528,736,772.4918868994655
2026-09-21 13:12:00-04:00,772.53,772.72,772.389,772.7136,52089.61904,1046,772.6417378226602
2026-09-21 13:13:00-04:00,772.7182,772.78,772.4427,772.73,50882.021067,1054,772.7580403461716
2026-09-21 13:14:00-04:00,772.74,772.9,772.522,772.82,49210.735139,956,772.8184420697887
2026-09-21 13:15:00-04:00,772.81,772.85,772.553,772.705,108333.829391,1445,772.7532816660471
2026-09-21 13:16:00-04:00,772.71,772.78,772.66,772.698,60920.620822,964,772.7099370169207
2026-09-21 13:17:00-04:00,772.7,772.7422,772.62,772.68,60910.734305,1008,772.6777256756162
2026-09-21 13:18:00-04:00,772.68,772.91,772.65,772.86,35200.13652,855,772.7901747425772
2026-09-21 13:19:00-04:00,772.86,772.97,772.6834,772.85,44562.281825,957,772.9069270034797
2026-09-21 13:20:00-04:00,772.85,772.92,772.7794,772.89,79263.304823,1251,772.8781440948133
2026-09-21 13:21:00-04:00,772.89,772.98,772.7555,772.93,73981.483913,1148,772.9193214315535
2026-09-21 13:22:00-04:00,772.94,772.952,772.71,772.71,52429.499628,1026,772.8105306481599
2026-09-21 13:23:00-04:00,772.73,772.7973,772.58,772.625,55449.697982,1238,772.6526663621713
2026-09-21 13:24:00-04:00,772.625,772.8087,772.52,772.59,43079.894437,945,772.5823113626035
2026-09-21 13:25:00-04:00,772.57,772.7723,772.48,772.58,119995.614241,1492,772.5452786909954
2026-09-21 13:26:00-04:00,772.58,772.7278,772.485,772.5021,82203.310627,1434,772.5615408114681
2026-09-21 13:27:00-04:00,772.51,772.6399,772.42,772.605,85805.347824,1337,772.5073118982441
2026-09-21 13:28:00-04:00,772.6,772.68,772.49,772.67,52334.478995,812,772.5546628014517
2026-09-21 13:29:00-04:00,772.67,772.81,772.66,772.805,60148.570626,1014,772.7429520096663
2026-09-21 13:30:00-04:00,772.81,772.8499,772.65,772.8,43328.467124,950,772.7480061829301
2026-09-21 13:31:00-04:00,772.8,772.842,772.49,772.62,110927.252768,1998,772.6359837096143
2026-09-21 13:32:00-04:00,772.62,772.6668,772.45,772.522,46137.439524,1041,772.5212017804685
2026-09-21 13:33:00-04:00,772.53,772.5698,772.39,772.432,41793.470588000004,801,772.4615190271039
2026-09-21 13:34:00-04:00,772.44,772.46,772.32,772.365,51617.747621,882,772.3698062147979
2026-09-21 13:35:00-04:00,772.362,772.5609,772.29,772.425,66803.770351,1190,772.3717459820546
2026-09-21 13:36:00-04:00,772.4281,772.5454,772.3999,772.429,51202.707439,1131,772.4492960023847
2026-09-21 13:37:00-04:00,772.425,772.5438,772.25,772.2706,45067.542969,1078,772.3956939175532
2026-09-21 13:38:00-04:00,772.29,772.42,772.268,772.3656,53542.92209,920,772.3452269209472
2026-09-21 13:39:00-04:00,772.37,772.5001,772.285,772.285,53302.629987,1085,772.3348888176496
2026-09-21 13:40:00-04:00,772.288,772.42,772.2327,772.33,56027.411901,1108,772.3287165318401
2026-09-21 13:41:00-04:00,772.35,772.47,772.34,772.385,63590.507186,1080,772.4034637871893
2026-09-21 13:42:00-04:00,772.39,772.66,772.3788,772.61,73125.993786,1261,772.5109313506694
2026-09-21 13:43:00-04:00,772.615,772.74,772.57,772.725,38367.114865,880,772.6320502173069
2026-09-21 13:44:00-04:00,772.725,772.9136,772.5152,772.87,56031.313986,1067,772.8328313479848
2026-09-21 13:45:00-04:00,772.87,773.11,772.5355,773.0601,90159.50217,1583,772.9862039051044
2026-09-21 13:46:00-04:00,773.065,773.18,772.573,773.1118,57633.599109,1071,773.1288508934347
2026-09-21 13:47:00-04:00,773.12,773.16,772.6575,772.81,60997.872984,1162,772.9173042788258
2026-09-21 13:48:00-04:00,772.82,772.9598,772.72,772.73,58373.226457,991,772.7834770596417
2026-09-21 13:49:00-04:00,772.74,772.875,772.7134,772.79,56250.67079,885,772.7734289272673
2026-09-21 13:50:00-04:00,772.79,772.8669,772.75,772.81,42282.833005,725,772.8165895178677
2026-09-21 13:51:00-04:00,772.805,772.92,772.7856,772.9,23943.524138,643,772.8756629176312
2026-09-21 13:52:00-04:00,772.89,772.99,772.8183,772.98,25490.197836,8467,772.9508873023444
2026-09-21 13:53:00-04:00,772.99,773.03,772.928,772.98,43527.375562,908,772.9792655326158
2026-09-21 13:54:00-04:00,772.98,773.04,772.91,772.94,42607.391068,795,772.9941369996228
2026-09-21 13:55:00-04:00,772.94,772.96,772.79,772.845,165069.083373,1846,772.823123516976
2026-09-21 13:56:00-04:00,772.845,772.9,772.7311,772.75,71524.262989,925,772.828804874126
2026-09-21 13:57:00-04:00,772.76,772.87,772.74,772.86,32505.561333,637,772.7869475300106
2026-09-21 13:58:00-04:00,772.87,772.97,772.8269,772.96,33378.385663,688,772.9177228170649
2026-09-21 13:59:00-04:00,772.96,772.97,772.8658,772.895,31735.859374,705,772.9250957497138
2026-09-21 14:00:00-04:00,772.9,773.08,772.8792,773.02,74213.25606,1243,772.9764964048509
2026-09-21 14:01:00-04:00,773.02,773.11,772.8935,773.1,62153.298092,932,773.0712012413437
2026-09-21 14:02:00-04:00,773.1,773.2,772.912,773.15,48088.134784,1084,773.148630329012
2026-09-21 14:03:00-04:00,773.15,773.2,773.048,773.0623,52880.541066,953,773.1300400229743
2026-09-21 14:04:00-04:00,773.07,773.19,773.06,773.19,40445.482132,586,773.1194404527498
2026-09-21 14:05:00-04:00,773.192,773.31,773.1722,773.31,71555.54164,1287,773.2472268862148
2026-09-21 14:06:00-04:00,773.305,773.33,773.0607,773.32,49247.783227,796,773.2835912603337
2026-09-21 14:07:00-04:00,773.33,773.36,773.25,773.31,36021.820542,760,773.3121932700178
2026-09-21 14:08:00-04:00,773.3031,773.36,773.22,773.2888,46786.793602,862,773.3025455568497
2026-09-21 14:09:00-04:00,773.285,773.292,773.13,773.1766,73849.705777,837,773.1687268712449
2026-09-21 14:10:00-04:00,773.18,773.25,773.16,773.162,80096.881147,965,773.22107829452
2026-09-21 14:11:00-04:00,773.17,773.24,773.09,773.24,53227.329751,859,773.1455283502264
2026-09-21 14:12:00-04:00,773.24,773.24,773.1501,773.205,41173.324874,773,773.1974890105533
2026-09-21 14:13:00-04:00,773.204,773.25,773.18,773.22,94279.386076,1212,773.217639689431
2026-09-21 14:14:00-04:00,773.2155,773.4,773.21,773.275,68125.204156,1120,773.3281075964195
2026-09-21 14:15:00-04:00,773.28,773.41,773.238,773.3939,58702.615424,903,773.3511231984554
2026-09-21 14:16:00-04:00,773.39,773.4,773.16,773.23,87285.112651,1367,773.2710161590446
2026-09-21 14:17:00-04:00,773.22,773.32,773.18,773.285,31865.398704,742,773.2688336138044
2026-09-21 14:18:00-04:00,773.29,773.42,773.268,773.38,61916.210647,1148,773.3708163236435
2026-09-21 14:19:00-04:00,773.38,773.39,773.23,773.338,53274.197556,1054,773.3129481351683
2026-09-21 14:20:00-04:00,773.33,773.382,760.117,773.3711,56398.861281,1058,773.3376648185941
2026-09-21 14:21:00-04:00,773.3701,773.48,773.2888,773.478,56956.949103,1213,773.4137310206862
2026-09-21 14:22:00-04:00,773.48,773.78,773.3888,773.744,79333.442377,1707,773.6535981161429
2026-09-21 14:23:00-04:00,773.76,773.85,773.73,773.84,69301.850353,1311,773.7942307536115
2026-09-21 14:24:00-04:00,773.83,773.85,773.772,773.826,60872.484681,1049,773.8142508944295
2026-09-21 14:25:00-04:00,773.82,773.89,773.5018,773.83,63118.430402,1143,773.8111028871883
2026-09-21 14:26:00-04:00,773.84,773.86,773.5557,773.75,70435.421361,925,773.8097154630992
2026-09-21 14:27:00-04:00,773.76,773.88,773.5995,773.813,45426.687137,904,773.8179464554823
2026-09-21 14:28:00-04:00,773.83,773.9635,773.8001,773.94,50846.382062,868,773.8920678499283
2026-09-21 14:29:00-04:00,773.94,773.99,773.7031,773.86,62972.922217,1065,773.902154617295
2026-09-21 14:30:00-04:00,773.86,773.92,773.82,773.88,78729.395786,1413,773.8631877628038
2026-09-21 14:31:00-04:00,773.89,773.99,773.7,773.73,115611.128825,1663,773.8281749319444
2026-09-21 14:32:00-04:00,773.73,773.8167,773.5965,773.66,70665.379662,1069,773.6936006566733
2026-09-21 14:33:00-04:00,773.67,773.7567,773.58,773.708,91719.524256,1307,773.6663595189211
2026-09-21 14:34:00-04:00,773.72,773.752,773.68,773.725,54252.968942,856,773.716365991086
2026-09-21 14:35:00-04:00,773.73,773.82,773.6,773.6467,58248.405194,1027,773.7037039257726
2026-09-21 14:36:00-04:00,773.65,773.83,773.61,773.79,40957.043178,818,773.7420317325289
2026-09-21 14:37:00-04:00,773.795,773.86,773.78,773.835,48720.216333,799,773.8232413222642
2026-09-21 14:38:00-04:00,773.84,773.945,773.8234,773.8467,48009.570451,915,773.8751054096853
2026-09-21 14:39:00-04:00,773.85,773.94,773.776,773.91,49195.25802,883,773.9011587894578
2026-09-21 14:40:00-04:00,773.93,773.97,773.87,773.905,74159.175964,1014,773.9196330408286
2026-09-21 14:41:00-04:00,773.905,774.0155,773.7858,773.99,116380.730626,1563,773.9276819590134
2026-09-21 14:42:00-04:00,773.9862,774.07,773.9531,773.98,76895.107453,1434,774.025045684349
2026-09-21 14:43:00-04:00,773.985,774.07,773.8514,774.06,78218.740456,1166,773.9748725173052
2026-09-21 14:44:00-04:00,774.07,774.14,773.9834,774.128,76597.692658,1122,774.1002553129915
2026-09-21 14:45:00-04:00,774.13,774.35,774.12,774.2,125429.884217,2250,774.2579018698076
2026-09-21 14:46:00-04:00,774.21,774.22,774.023,774.082,129979.061278,1605,774.1406841240897
2026-09-21 14:47:00-04:00,774.09,774.1982,774.07,774.1855,55389.495903,922,774.1389699907504
2026-09-21 14:48:00-04:00,774.18,774.34,774.0669,774.33,54553.664185,1207,774.2507295531202
2026-09-21 14:49:00-04:00,774.33,774.36,774.0759,774.34,82254.057258,1507,774.308325493785
2026-09-21 14:50:00-04:00,774.345,774.56,774.151,774.44,110966.270756,1983,774.4633194785566
2026-09-21 14:51:00-04:00,774.44,774.52,774.1932,774.51,50590.824973,1056,774.4622648299303
2026-09-21 14:52:00-04:00,774.52,774.52,774.31,774.33,101744.139523,1391,774.3848588460928
2026-09-21 14:53:00-04:00,774.33,774.61,774.312,774.595,52827.554583,1023,774.4567123612902
2026-09-21 14:54:00-04:00,774.595,774.62,774.3006,774.45,75282.624068,1271,774.5682620417389
2026-09-21 14:55:00-04:00,774.455,774.542,774.37,774.4,49183.532557,938,774.4554597143656
2026-09-21 14:56:00-04:00,774.405,774.4739,774.36,774.4503,54287.289362999996,893,774.4060949879059
2026-09-21 14:57:00-04:00,774.45,774.4815,774.338,774.34,42427.734196,991,774.406243360053
2026-09-21 14:58:00-04:00,774.35,774.37,774.218,774.235,104597.394039,1277,774.2830834907894
2026-09-21 14:59:00-04:00,774.24,774.4096,774.16,774.2901,83734.849744,988,774.2451446909043
2026-09-21 15:00:00-04:00,774.3,774.485,774.23,774.248,69186.393832,1218,774.3546907021612
2026-09-21 15:01:00-04:00,774.24,774.35,774.208,774.3,54209.427412,975,774.2847887540863
2026-09-21 15:02:00-04:00,774.3,774.402,774.25,774.31,50082.560597,1029,774.3324748601002
2026-09-21 15:03:00-04:00,774.3,774.317224,774.228,774.25,46767.196242,764,774.2518324556859
2026-09-21 15:04:00-04:00,774.26,774.3423,774.15,774.158,60363.956532000004,919,774.2478626287848
2026-09-21 15:05:00-04:00,774.17,774.2195,774.0405,774.0405,74328.361566,1178,774.1091717812675
2026-09-21 15:06:00-04:00,774.049,774.2345,773.98,774.14,131231.127447,1447,774.0413642029204
2026-09-21 15:07:00-04:00,774.14,774.17,774.01,774.055,75813.427008,1211,774.0737613453836
2026-09-21 15:08:00-04:00,774.06,774.19,774.03,774.065,51611.403049,1204,774.0829217944694
2026-09-21 15:09:00-04:00,774.065,774.21,774.065,774.195,68231.162519,1082,774.151458220786
2026-09-21 15:10:00-04:00,774.2,774.2,773.96,774.05,73259.520884,1369,774.0247926927572
2026-09-21 15:11:00-04:00,774.06,774.22,774.0197,774.2,85505.897258,1235,774.1356317674209
2026-09-21 15:12:00-04:00,774.2135,774.37,774.1281,774.325,99899.091356,1238,774.3124505751607
2026-09-21 15:13:00-04:00,774.325,774.422,774.2977,774.415,112329.465116,1174,774.3711778066754
2026-09-21 15:14:00-04:00,774.415,774.47,774.1713,774.465,61635.686009,942,774.3897065451791
2026-09-21 15:15:00-04:00,774.45,774.455,774.1785,774.39,141545.50946,1527,774.3212749903345
2026-09-21 15:16:00-04:00,774.39,774.44,774.2383,774.44,69992.40254,1067,774.3930167206314
2026-09-21 15:17:00-04:00,774.44,774.47,774.2561,774.385,90332.017743,1273,774.4241082832125
2026-09-21 15:18:00-04:00,774.39,774.42,774.265,774.2677,77246.825308,1163,774.3561885363374
2026-09-21 15:19:00-04:00,774.27,774.4,774.27,774.37,116221.780287,1499,774.3527808850005
2026-09-21 15:20:00-04:00,774.36,774.37,774.22,774.24,89742.211406,1449,774.3115057974131
2026-09-21 15:21:00-04:00,774.25,774.3578,774.08,774.26,113264.876287,1551,774.1924177053746
2026-09-21 15:22:00-04:00,774.25,774.34,774.22,774.31,78676.657025,1086,774.2849562417931
2026-09-21 15:23:00-04:00,774.33,774.392,774.21,774.23,82530.279591,1154,774.2957929882052
2026-09-21 15:24:00-04:00,774.22,774.223,774.09,774.1,79809.770045,1105,774.1658753443951
2026-09-21 15:25:00-04:00,774.105,774.1855,774.02,774.07,110153.975918,1449,774.1085994767483
2026-09-21 15:26:00-04:00,774.07,774.2613,774.04,774.24,82307.589783,1352,774.138097381377
2026-09-21 15:27:00-04:00,774.25,774.28,774.1532,774.19,121240.267142,1485,774.216380208395
2026-09-21 15:28:00-04:00,774.2,774.322,774.15,774.19,101548.058004,1474,774.2282049082689
2026-09-21 15:29:00-04:00,774.18,774.2087,774.08,774.11,121254.6462,1555,774.136031920592
2026-09-21 15:30:00-04:00,774.0928,774.2,774.06,774.18,163680.437587,2084,774.1212026276996
2026-09-21 15:31:00-04:00,774.18,774.22,774.07,774.185,225733.487869,2566,774.1649066578738
2026-09-21 15:32:00-04:00,774.17,774.37,774.15,774.28,104940.85254,1775,774.2541185667711
2026-09-21 15:33:00-04:00,774.28,774.425,774.2011,774.405,161204.095618,2024,774.3400606714927
2026-09-21 15:34:00-04:00,774.405,774.552,774.4,774.49,232430.239313,2672,774.4731088761605
2026-09-21 15:35:00-04:00,774.49,774.555,774.418,774.54,261848.042931,2795,774.494724520521
2026-09-21 15:36:00-04:00,774.54,774.575,774.46,774.535,130372.003389,1961,774.5382589406009
2026-09-21 15:37:00-04:00,774.535,774.69,774.3166,774.655,225140.831677,2436,774.6029547939066
2026-09-21 15:38:00-04:00,774.6512,774.89,774.6512,774.86,193507.632928,2137,774.7987042036991
2026-09-21 15:39:00-04:00,774.86,774.9,774.4477,774.77,146545.494152,2116,774.8393301258866
2026-09-21 15:40:00-04:00,774.77,774.84,774.49,774.495,134745.284313,2109,774.6777633830799
2026-09-21 15:41:00-04:00,774.495,774.6635,774.41,774.4301,136688.912585,2175,774.500037556409
2026-09-21 15:42:00-04:00,774.43,774.47,774.315,774.315,157543.965738,2161,774.3789301849471
2026-09-21 15:43:00-04:00,774.32,774.5747,774.2812,774.45,126335.274496,1831,774.4112314851518
2026-09-21 15:44:00-04:00,774.45,774.5805,774.41,774.4556,172587.796435,2284,774.4557967255031
2026-09-21 15:45:00-04:00,774.45,774.55,774.32,774.52,193593.324959,2768,774.446658241128
2026-09-21 15:46:00-04:00,774.52,774.53,774.29,774.325,130770.251328,2050,774.4462005276357
2026-09-21 15:47:00-04:00,774.33,774.5606,774.275,774.29,172892.814588,2038,774.3610946727676
2026-09-21 15:48:00-04:00,774.29,774.4151,774.19,774.27,180202.724079,2325,774.2790475843209
2026-09-21 15:49:00-04:00,774.27,774.4011,774.1,774.2199,238522.10077,3019,774.1991690839707
2026-09-21 15:50:00-04:00,774.21,774.3225,773.7,773.87,397241.927434,4639,773.8361795587822
2026-09-21 15:51:00-04:00,773.875,774.0464,773.77,773.86,314090.379896,3955,773.8529150375441
2026-09-21 15:52:00-04:00,773.855,774.0,773.85,773.928,247327.144562,3269,773.9170990574573
2026-09-21 15:53:00-04:00,773.94,774.1336,773.74,773.77,222942.087089,3215,773.7974971066584
2026-09-21 15:54:00-04:00,773.7699,774.0568,773.69,773.7,280725.19053,3651,773.7627813085668
2026-09-21 15:55:00-04:00,773.69,773.85,773.6468,773.7357,336090.782159,3988,773.7252141343442
2026-09-21 15:56:00-04:00,773.735,773.82,773.66,773.725,233619.619515,3227,773.7457036457137
2026-09-21 15:57:00-04:00,773.725,773.91,773.66,773.77,296565.135856,3838,773.774836072914
2026-09-21 15:58:00-04:00,773.77,773.92,773.72,773.765,451308.195146,5753,773.8044316663899
2026-09-21 15:59:00-04:00,773.76,773.87,773.4,773.52,905394.138802,10341,773.6303641807938
2026-09-22 09:30:00-04:00,773.98,774.29,773.89,774.29,363524.848968,3603,774.0620510443981
2026-09-22 09:31:00-04:00,774.26,774.96,774.2236,774.94,209709.162803,2634,774.5876155188764
2026-09-22 09:32:00-04:00,774.91,775.0,774.72,774.765,161444.330735,2182,774.8609221004543
2026-09-22 09:33:00-04:00,774.76,775.02,774.75,774.915,99637.63639,2218,774.8604365328202
2026-09-22 09:34:00-04:00,774.915,774.992,774.05,774.8,95722.224529,1734,774.8384473613913
2026-09-22 09:35:00-04:00,774.81,775.14,774.05,775.03,125429.626918,2014,774.9906529319343
2026-09-22 09:36:00-04:00,775.01,775.04,774.05,774.8,89786.979977,1641,774.9128205118413
2026-09-22 09:37:00-04:00,774.79,774.9,774.05,774.805,213559.713314,2203,774.8266367286353
2026-09-22 09:38:00-04:00,774.82,775.015,774.778,774.9952,101750.60697,1574,774.955987559868
2026-09-22 09:39:00-04:00,774.97,775.1,774.92,774.968,58777.996618,1221,775.0075476240728
2026-09-22 09:40:00-04:00,774.95,774.96,774.46,774.56,131182.483895,1788,774.637748565734
2026-09-22 09:41:00-04:00,774.577,774.89,774.424,774.5048,104863.698572,1624,774.6245353239729
2026-09-22 09:42:00-04:00,774.5,774.79,774.39,774.72,84754.380187,1417,774.5579682765998
2026-09-22 09:43:00-04:00,774.72,774.77,774.52,774.71,48801.126892,1095,774.6319615549316
2026-09-22 09:44:00-04:00,774.71,774.735,774.6,774.6,62561.037441,1119,774.6619736280614
2026-09-22 09:45:00-04:00,774.6,774.634,774.12,774.3129,65489.556107,1690,774.3481278410883
2026-09-22 09:46:00-04:00,774.31,774.41,774.0,774.045,83307.024816,1759,774.1689522831375
2026-09-22 09:47:00-04:00,774.045,774.444,773.9239,774.02,61397.90382,1394,773.9906298372044
2026-09-22 09:48:00-04:00,774.015,774.64,773.88,774.51,202366.648529,3310,774.2201022380414
2026-09-22 09:49:00-04:00,774.5,774.55,774.22,774.3,82738.862039,1562,774.4067195096449
2026-09-22 09:50:00-04:00,774.2967,774.3942,774.17,774.365,43999.336621,1053,774.279993452309
2026-09-22 09:51:00-04:00,774.365,774.41,774.12,774.32,57612.834697,1289,774.2743359233278
2026-09-22 09:52:00-04:00,774.31,774.43,774.15,774.2101,59301.850429,1084,774.3024582771808
2026-09-22 09:53:00-04:00,774.215,774.28,774.09,774.12,43131.869799,1012,774.193197177735
2026-09-22 09:54:00-04:00,774.11,774.2435,773.99,774.072,103439.267762,1232,774.0411849483755
2026-09-22 09:55:00-04:00,774.07,774.082,773.77,773.945,116187.182393,2120,773.9088192433488
2026-09-22 09:56:00-04:00,773.94,774.0,773.65,773.705,66507.268195,1469,773.8072443701641
2026-09-22 09:57:00-04:00,773.7037,774.1,773.7037,774.06,99394.180662,1548,773.9459296459436
2026-09-22 09:58:00-04:00,774.055,774.105,773.91,773.911,60607.93058,1109,774.0131275058176
2026-09-22 09:59:00-04:00,773.915,773.9831,773.66,773.825,43912.580784,890,773.8079575993131
2026-09-22 10:00:00-04:00,773.825,774.0263,773.77,773.838,90001.366158,1471,773.8585780077722
2026-09-22 10:01:00-04:00,773.83,774.09,773.78,773.974,60028.489956,1166,773.9323910407886
2026-09-22 10:02:00-04:00,773.98,774.18,773.935,774.1776,50052.708713,1147,774.0378657582917
2026-09-22 10:03:00-04:00,774.1692,774.25,774.05,774.0988,63869.767525,1413,774.1421236817756
2026-09-22 10:04:00-04:00,774.08,774.13,773.9477,774.0601,50265.89897,1208,774.0678090488119
2026-09-22 10:05:00-04:00,774.075,774.16,773.995,774.109,38869.780543,1047,774.0779681982832
2026-09-22 10:06:00-04:00,774.1,774.112,773.838,774.01,46318.181698,970,773.9826187226881
2026-09-22 10:07:00-04:00,774.01,774.1899,774.0,774.045,30721.761315,811,774.0770915218213
2026-09-22 10:08:00-04:00,774.04,774.059,773.8401,773.8912,36663.610768,839,773.9150463951603
2026-09-22 10:09:00-04:00,773.875,773.9793,773.76,773.78,58277.550326,1121,773.8255071318094
2026-09-22 10:10:00-04:00,773.81,774.14,773.77,774.08,67962.25790899999,1103,773.9375777170643
2026-09-22 10:11:00-04:00,774.09,774.35,773.965,774.2676,73983.030534,1501,774.1142661203216
2026-09-22 10:12:00-04:00,774.27,774.4776,774.25,774.4418,68554.652623,1528,774.3910398935001
2026-09-22 10:13:00-04:00,774.445,774.91,774.32,774.4476,164424.652297,2966,774.5922306520712
2026-09-22 10:14:00-04:00,774.45,774.5464,774.11,774.3576,57284.392361,1255,774.3720740372949
2026-09-22 10:15:00-04:00,774.35,774.46,774.2,774.432,55154.1595,1562,774.3457751876737
2026-09-22 10:16:00-04:00,774.44,774.4576,774.035,774.0444,86542.29317,1675,774.2258659579371
2026-09-22 10:17:00-04:00,774.05,774.2273,773.86,773.97,123856.073546,2003,773.9614099066729
2026-09-22 10:18:00-04:00,773.97,773.9799,773.55,773.6776,95098.327815,1963,773.7234134339657
2026-09-22 10:19:00-04:00,773.67,774.1684,773.66,773.83,61028.975926,1276,773.7821300528215
2026-09-22 10:20:00-04:00,773.8288,774.1747,773.7302,773.85,41195.042668,1165,773.8655712741496
2026-09-22 10:21:00-04:00,773.85,773.87,773.596,773.6676,42770.020196,1068,773.6902819946079
2026-09-22 10:22:00-04:00,773.68,774.1394,773.63,773.74,58044.385071,1300,773.6959211030385
2026-09-22 10:23:00-04:00,773.72,774.0953,773.65,773.7464,39065.323063,1300,773.7330337402382
2026-09-22 10:24:00-04:00,773.7476,773.8,773.61,773.75,54815.789632,1373,773.6944610807534
2026-09-22 10:25:00-04:00,773.745,773.78,773.6,773.735,48453.683469,1431,773.6803843531347
2026-09-22 10:26:00-04:00,773.73,773.85,773.68,773.8,44266.552367000004,1239,773.7625130143364
2026-09-22 10:27:00-04:00,773.8,773.87,773.74,773.77,54915.396756,1546,773.8006725124148
2026-09-22 10:28:00-04:00,773.765,773.77,773.59,773.6276,66017.616222,1679,773.6557055972814
2026-09-22 10:29:00-04:00,773.6276,773.6974,773.5,773.5376,60330.661689,1753,773.5700391299314
2026-09-22 10:30:00-04:00,773.53,773.6968,773.49,773.5388,44095.821533,1573,773.5749507690667
2026-09-22 10:31:00-04:00,773.53,773.86,773.5,773.75,47094.781627,1546,773.736924880622
2026-09-22 10:32:00-04:00,773.74,773.9276,773.6874,773.81,43278.073788,1274,773.8368450673934
2026-09-22 10:33:00-04:00,773.8176,774.07,773.7002,773.9288,50277.792441,1265,773.9756201644987
2026-09-22 10:34:00-04:00,773.92,774.0364,773.7,773.73,51925.865717,1240,773.8698177089062
2026-09-22 10:35:00-04:00,773.73,773.7576,773.27,773.3276,120238.662108,2181,773.455911924969
2026-09-22 10:36:00-04:00,773.33,773.612,773.3276,773.612,65822.475155,1569,773.4448812827043
2026-09-22 10:37:00-04:00,773.605,773.87,773.57,773.845,54939.136836,1253,773.7226927345175
2026-09-22 10:38:00-04:00,773.84,773.89,773.53,773.6888,51264.910751,1376,773.6992675161524
2026-09-22 10:39:00-04:00,773.68,774.45,773.4473,773.48,173707.679831,3518,773.889693500253
2026-09-22 10:40:00-04:00,773.49,773.713,773.25,773.515,120960.471081,2199,773.3978493445522
2026-09-22 10:41:00-04:00,773.52,773.6421,773.08,773.14,167751.43891,2652,773.2554097725681
2026-09-22 10:42:00-04:00,773.3151,773.3151,773.0,773.06,76975.774948,1702,773.1008001823051
2026-09-22 10:43:00-04:00,773.06,773.5381,773.04,773.32,56971.948948,1399,773.2089252933396
2026-09-22 10:44:00-04:00,773.33,773.46,773.24,773.2788,77008.866199,1695,773.3740767807863
2026-09-22 10:45:00-04:00,773.27,773.3581,773.078,773.1576,71551.252676,1484,773.1914259832787
2026-09-22 10:46:00-04:00,773.1688,773.26,772.97,773.03,105900.342658,1896,773.074842217303
2026-09-22 10:47:00-04:00,773.03,773.5,772.97,773.4,95298.799557,2117,773.2303869033883
2026-09-22 10:48:00-04:00,773.39,773.59,773.298,773.5876,54117.269596,1493,773.4513625431832
2026-09-22 10:49:00-04:00,773.57,773.698,773.45,773.69,52188.866426,1455,773.6030319337972
2026-09-22 10:50:00-04:00,773.6787,773.8776,773.2835,773.69,47856.123058,1470,773.7627743183236
2026-09-22 10:51:00-04:00,773.68,773.6976,773.2821,773.42,27719.005961,1175,773.5646824199399
2026-09-22 10:52:00-04:00,773.42,773.5601,773.37,773.4788,26516.811049,1118,773.4574493061646
2026-09-22 10:53:00-04:00,773.46,773.5276,773.337,773.39,36346.742898,1116,773.4650902099842
2026-09-22 10:54:00-04:00,773.38,773.56,773.298,773.5388,34046.832391,1087,773.4375695902797
2026-09-22 10:55:00-04:00,773.5488,773.65,773.45,773.6473,27588.631679,1016,773.5610322857615
2026-09-22 10:56:00-04:00,773.63,773.74,773.5035,773.6564,26519.591612,1030,773.6476201902252
2026-09-22 10:57:00-04:00,773.66,773.74,773.517,773.6176,31847.882663,1000,773.6505773511151
2026-09-22 10:58:00-04:00,773.59,773.6387,773.3,773.3564,26785.087919,1095,773.424311022843
2026-09-22 10:59:00-04:00,773.33,773.44,773.26,773.3982,18261.753455000002,864,773.3419481874503
2026-09-22 11:00:00-04:00,773.38,773.53,773.32,773.4576,37309.22229,1208,773.4290100527929
2026-09-22 11:01:00-04:00,773.45,773.61,773.35,773.4917,32673.484385,1043,773.4765067499686
2026-09-22 11:02:00-04:00,773.4765,773.6264,773.42,773.6,23512.647619,913,773.5222819274492
2026-09-22 11:03:00-04:00,773.6,773.6564,773.47,773.62,39797.327018,1099,773.5804371380466
2026-09-22 11:04:00-04:00,773.61,773.7264,773.41,773.5176,40388.437786,1297,773.5658375946084
2026-09-22 11:05:00-04:00,773.5176,773.6064,773.41,773.6,29915.228824,1068,773.5148128881132
2026-09-22 11:06:00-04:00,773.6,773.762,773.44,773.45,67110.786231,1411,773.5887230018922
2026-09-22 11:07:00-04:00,773.44,773.79,773.4,773.69,67692.396335,1495,773.6308743848172
2026-09-22 11:08:00-04:00,773.67,773.7176,773.5934,773.6464,23168.364783,847,773.6596964993872
2026-09-22 11:09:00-04:00,773.6376,773.71,773.3364,773.365,32634.950686,1092,773.5419931190568
2026-09-22 11:10:00-04:00,773.365,773.5647,773.35,773.4799,23038.827331,937,773.4553793533249
2026-09-22 11:11:00-04:00,773.48,773.5657,773.33,773.3432,26736.455344,990,773.4365496412088
2026-09-22 11:12:00-04:00,773.33,773.5414,773.25,773.35,47012.87584,1009,773.3120261177918
2026-09-22 11:13:00-04:00,773.33,773.3588,773.18,773.278,32330.772534,962,773.2480446007279
2026-09-22 11:14:00-04:00,773.26,773.62,773.2456,773.56,88206.408466,1741,773.4381413057067
2026-09-22 11:15:00-04:00,773.5864,773.67,773.4601,773.5076,26690.927466,1073,773.5769270715286
2026-09-22 11:16:00-04:00,773.46,773.7,773.42,773.6964,25377.982752,976,773.545028705221
2026-09-22 11:17:00-04:00,773.7,773.71,773.55,773.5676,41599.49826,1234,773.6148267559084
2026-09-22 11:18:00-04:00,773.54,773.58,773.398,773.4088,46910.941055,1229,773.4739924437863
2026-09-22 11:19:00-04:00,773.4,773.61,773.39,773.5376,27610.092016,990,773.5051562942876
2026-09-22 11:20:00-04:00,773.52,773.56,773.38,773.395,30223.197492,1026,773.4684024610209
2026-09-22 11:21:00-04:00,773.38,773.66,773.38,773.5488,42836.513612,1104,773.5339687499782
2026-09-22 11:22:00-04:00,773.55,773.63,773.4839,773.518,20450.465517,840,773.5817801503441
2026-09-22 11:23:00-04:00,773.51,773.59,773.43,773.568,22080.09986,939,773.5126917803634
2026-09-22 11:24:00-04:00,773.56,773.59,773.4536,773.475,25246.488192,846,773.5173332218955
2026-09-22 11:25:00-04:00,773.475,773.71,773.46,773.68,28857.257351,985,773.5798714107331
2026-09-22 11:26:00-04:00,773.67,773.6964,773.5372,773.5964,19668.111202,808,773.5999157854903
2026-09-22 11:27:00-04:00,773.56,773.61,773.51,773.5864,12869.211178,764,773.5643987668756
2026-09-22 11:28:00-04:00,773.5864,773.5964,773.29,773.32,22039.936453,926,773.4258677113269
2026-09-22 11:29:00-04:00,773.32,773.44,773.3,773.35,21652.103337,800,773.3868896106662
2026-09-22 11:30:00-04:00,773.34,773.4928,773.08,773.1576,46075.422953,1206,773.1678489568985
2026-09-22 11:31:00-04:00,773.145,773.21,773.0358,773.05,26609.21971,868,773.1007697951438
2026-09-22 11:32:00-04:00,773.05,773.3716,773.018,773.0576,41940.742688,1167,773.0831871983659
2026-09-22 11:33:00-04:00,773.03,773.2625,772.93,772.9576,83869.461057,1468,773.0351308589287
2026-09-22 11:34:00-04:00,772.93,773.08,772.91,772.98,35992.972314,1038,773.0071109559493
2026-09-22 11:35:00-04:00,772.9976,773.02,772.9,772.939,49857.557774,1121,772.9610018056277
2026-09-22 11:36:00-04:00,772.92,772.955,772.8,772.9,102412.599599,1654,772.8963405394657
2026-09-22 11:37:00-04:00,772.88,772.9176,772.72,772.8576,38054.588074,1063,772.7951849629903
2026-09-22 11:38:00-04:00,772.84,772.9956,772.66,772.7288,49499.438534,993,772.7641928064683
2026-09-22 11:39:00-04:00,772.71,772.9614,772.64,772.7268,53769.443333,1046,772.7238854603296
2026-09-22 11:40:00-04:00,772.72,772.9115,772.5903,772.76,27493.470713,990,772.6636206688149
2026-09-22 11:41:00-04:00,772.75,772.9066,772.57,772.76,86605.421199,1349,772.729676735197
2026-09-22 11:42:00-04:00,772.766,772.8988,772.73,772.8664,52489.402216,1174,772.8337460341937
2026-09-22 11:43:00-04:00,772.85,772.9176,772.756,772.7888,37438.890598,962,772.8571041198886
2026-09-22 11:44:00-04:00,772.77,772.9176,772.77,772.82,71592.948857,1053,772.8424719458895
2026-09-22 11:45:00-04:00,772.81,772.89,772.75,772.8229,55803.558616,1077,772.8229334673671
2026-09-22 11:46:00-04:00,772.82,772.9564,772.81,772.9276,27419.55017,898,772.8918659126624
2026-09-22 11:47:00-04:00,772.91,773.1,772.91,773.0388,48906.875191,1123,773.015499176001
2026-09-22 11:48:00-04:00,773.03,773.0388,772.85,772.99,71345.01634,863,772.9751557993151
2026-09-22 11:49:00-04:00,772.9876,773.11,772.8624,772.9288,41143.435265,1014,773.0262093046139
2026-09-22 11:50:00-04:00,772.91,773.0295,772.818,772.8682,32621.593377,952,772.9063453395167
2026-09-22 11:51:00-04:00,772.8685,772.9031,772.79,772.8476,26664.420627,883,772.8658107209088
2026-09-22 11:52:00-04:00,772.85,772.94,772.84,772.8476,27806.184364,858,772.8743280555643
2026-09-22 11:53:00-04:00,772.85,772.96,772.84,772.91,20452.333403,783,772.905177056636
2026-09-22 11:54:00-04:00,772.9,772.94,772.79,772.812,38575.167469,892,772.8500790325775
2026-09-22 11:55:00-04:00,772.8188,772.8506,772.68,772.7764,22181.47853,923,772.754257612198
2026-09-22 11:56:00-04:00,772.7764,772.8183,772.698,772.7076,22967.702508,807,772.7273936068038
2026-09-22 11:57:00-04:00,772.69,772.9018,772.65,772.7776,31614.435792,985,772.7068366817474
2026-09-22 11:58:00-04:00,772.76,772.93,772.7166,772.8788,34118.274264,1044,772.8602251386566
2026-09-22 11:59:00-04:00,772.8881,773.06,772.87,773.0399,39801.472344,1101,772.9610148842389
2026-09-22 12:00:00-04:00,773.035,773.24,772.8505,773.14,49527.595872,1163,773.1606428394335
2026-09-22 12:01:00-04:00,773.1564,773.1564,772.8681,772.9476,27580.963213,1049,772.9819736598857
2026-09-22 12:02:00-04:00,772.9476,772.96,772.9,772.9476,48712.918086,1053,772.936552837199
2026-09-22 12:03:00-04:00,772.92,773.0076,772.88,772.99,20535.308297,889,772.9280817847197
2026-09-22 12:04:00-04:00,772.9888,773.0576,772.9102,773.0376,18204.783494,790,772.9976164011746
2026-09-22 12:05:00-04:00,773.0376,773.0376,772.92,772.999,26742.764688,914,772.9761878915335
2026-09-22 12:06:00-04:00,772.98,773.12,772.881,773.058,29061.966824,981,772.9823552754449
2026-09-22 12:07:00-04:00,773.05,773.2388,773.05,773.21,38216.236216,937,773.1596970039972
2026-09-22 12:08:00-04:00,773.21,773.332,773.1063,773.332,42832.568707,999,773.2587368112487
2026-09-22 12:09:00-04:00,773.33,773.4,773.1966,773.26,90548.733975,1595,773.3179435064877
2026-09-22 12:10:00-04:00,773.2676,773.389,773.139,773.262,54997.103014,1138,773.294959121286
2026-09-22 12:11:00-04:00,773.2601,773.2955,773.1551,773.29,16121.079124,669,773.2344303071184
2026-09-22 12:12:00-04:00,773.2991,773.37,773.17,773.32,25829.754193,463,773.310560426228
2026-09-22 12:13:00-04:00,773.3,773.38,773.25,773.33,26445.440613,564,773.3069465139209
2026-09-22 12:14:00-04:00,773.32,773.38,773.2219,773.38,18043.42229,444,773.3249806625367
2026-09-22 12:15:00-04:00,773.379,773.379,773.146,773.2777,21152.397897,574,773.2368065996837
2026-09-22 12:16:00-04:00,773.14,773.23,773.1,773.185,24710.112533,850,773.1579637959251
2026-09-22 12:17:00-04:00,773.185,773.31,773.15,773.31,25698.634181,684,773.2104947313873
2026-09-22 12:18:00-04:00,773.29,773.31,773.14,773.19,19974.276757,656,773.199710631861
2026-09-22 12:19:00-04:00,773.17,773.2,773.03,773.06,34150.606239,729,773.0840276662441
2026-09-22 12:20:00-04:00,773.05,773.2208,772.888,773.144,46763.990454,1130,773.059072225238
2026-09-22 12:21:00-04:00,773.15,773.22,773.08,773.15,32451.284419,838,773.1457700475225
2026-09-22 12:22:00-04:00,773.14,773.19,773.08,773.0976,25010.804542,648,773.1404344522368
2026-09-22 12:23:00-04:00,773.08,773.192,772.85,772.86,74143.058531,1067,773.0740394268797
2026-09-22 12:24:00-04:00,772.86,773.0864,772.73,772.75,43634.082337,812,772.8140278120934
2026-09-22 12:25:00-04:00,772.75,773.0249,772.69,772.89,44048.393536,789,772.8371176782333
2026-09-22 12:26:00-04:00,772.8825,773.0377,772.78,772.7997,33077.706624,695,772.8441756996747
2026-09-22 12:27:00-04:00,772.78,773.013,772.77,772.89,17843.571915,494,772.8428445991016
2026-09-22 12:28:00-04:00,772.88,772.94,772.82,772.8376,20339.481416,469,772.8741516595588
2026-09-22 12:29:00-04:00,772.83,772.9712,772.8223,772.91,17986.06173,491,772.8888988614539
2026-09-22 12:30:00-04:00,772.91,773.07,772.8605,773.0,30365.521194,792,772.9735314663208
2026-09-22 12:31:00-04:00,773.0125,773.12,773.0034,773.01,27603.041453,743,773.0599604141787
2026-09-22 12:32:00-04:00,773.0,773.07,772.895,772.9801,19642.273505,605,772.9767605520643
2026-09-22 12:33:00-04:00,772.99,773.09,772.96,773.06,26348.001612,702,773.0319902568341
2026-09-22 12:34:00-04:00,773.06,773.25,773.0073,773.22,26848.726054,639,773.1473761431582
2026-09-22 12:35:00-04:00,773.2464,773.2464,773.03,773.055,22036.02189,596,773.142332502864
2026-09-22 12:36:00-04:00,773.05,773.12,772.988,773.06,20648.349984,510,773.0466671792166
2026-09-22 12:37:00-04:00,773.06,773.1,772.98,772.98,13521.029268,439,773.039150885266
2026-09-22 12:38:00-04:00,772.97,773.0207,772.84,772.8909,33627.223044,690,772.9421009149573
2026-09-22 12:39:00-04:00,772.95,773.06,772.9036,773.03,17983.539251,499,773.0063699877738
2026-09-22 12:40:00-04:00,773.03,773.06,772.96,773.023,21085.866764,507,773.0227821442304
2026-09-22 12:41:00-04:00,773.03,773.06,772.9268,772.97,19850.511528,481,772.9878716365079
2026-09-22 12:42:00-04:00,772.97,773.033,772.79,772.8176,35569.485221,555,772.8435967782649
2026-09-22 12:43:00-04:00,772.8,773.003,772.795,772.945,26105.05894,581,772.8635030984018
2026-09-22 12:44:00-04:00,772.94,773.06,772.9022,773.06,18049.931759,575,772.9970686863237
2026-09-22 12:45:00-04:00,773.04,773.11,772.9654,773.0799,22981.255039,556,773.0616267024877
2026-09-22 12:46:00-04:00,773.05,773.15,773.03,773.14,27878.906969,558,773.0945802670439
2026-09-22 12:47:00-04:00,773.12,773.17,773.0075,773.06,16829.523549,528,773.1270657834002
2026-09-22 12:48:00-04:00,773.04,773.67,773.04,773.335,122369.938292,2010,773.3825220020664
2026-09-22 12:49:00-04:00,773.33,773.71,773.32,773.65,123014.333553,1334,773.4659097102548
2026-09-22 12:50:00-04:00,773.65,773.6876,773.5,773.6333,49976.046992,922,773.5930598404809
2026-09-22 12:51:00-04:00,773.63,773.72,773.4388,773.69,28545.397015,673,773.6469815585594
2026-09-22 12:52:00-04:00,773.67,773.702,773.3388,773.59,47836.453666,775,773.620010379503
2026-09-22 12:53:00-04:00,773.59,773.67,773.55,773.5505,21037.389968,497,773.6092532075193
2026-09-22 12:54:00-04:00,773.55,773.585,773.4213,773.528,27462.014629,555,773.5199596802826
2026-09-22 12:55:00-04:00,773.52,773.64,773.48,773.49,25895.700228,545,773.5665748183562
2026-09-22 12:56:00-04:00,773.48,773.5597,773.388,773.4,35003.07751,609,773.4238957032409
2026-09-22 12:57:00-04:00,773.41,773.51,773.37,773.5,29480.812894,592,773.447005456772
2026-09-22 12:58:00-04:00,773.502,773.58,773.4315,773.4864,15072.884061,392,773.5081064273611
2026-09-22 12:59:00-04:00,773.565,773.63,773.5286,773.57,15604.817193,480,773.5872443156117
2026-09-22 13:00:00-04:00,773.57,773.6188,773.52,773.5838,23510.675888,664,773.5787031598654
2026-09-22 13:01:00-04:00,773.5844,773.64,773.5473,773.5855,20089.995748,483,773.5998671079026
2026-09-22 13:02:00-04:00,773.57,773.5756,773.43,773.455,22269.796134,644,773.4998838794428
2026-09-22 13:03:00-04:00,773.455,773.5588,773.434,773.4427,14633.208147,421,773.4783049546735
2026-09-22 13:04:00-04:00,773.4427,773.49,773.31,773.32,21858.703629,555,773.406033751378
2026-09-22 13:05:00-04:00,773.31,773.4961,773.31,773.412,18155.268543,581,773.389372711153
2026-09-22 13:06:00-04:00,773.42,773.662,773.42,773.59,21278.511568,658,773.5555349312735
2026-09-22 13:07:00-04:00,773.5628,773.58,773.398,773.41,16416.054494,483,773.489753519791
2026-09-22 13:08:00-04:00,773.425,773.5095,773.26,773.29,19325.453103,509,773.3369575918481
2026-09-22 13:09:00-04:00,773.28,773.39,773.255,773.37,21521.367047,468,773.3186067795433
2026-09-22 13:10:00-04:00,773.37,773.464,773.31,773.3106,16814.632651,495,773.3847108130346
2026-09-22 13:11:00-04:00,773.31,773.4398,773.28,773.338,19796.328434,537,773.324308525111
2026-09-22 13:12:00-04:00,773.34,773.36,773.23,773.2883,19965.561231,576,773.2808636337879
2026-09-22 13:13:00-04:00,773.27,773.33,773.26,773.3,15170.171426,447,773.2957276864792
2026-09-22 13:14:00-04:00,773.29,773.3722,773.26,773.29,13029.440217,494,773.2990589862958
2026-09-22 13:15:00-04:00,773.3055,773.34,773.22,773.2846,20321.464661,598,773.275532008266
2026-09-22 13:16:00-04:00,773.32,773.3551,773.218,773.23,27540.311711,588,773.2554994751391
2026-09-22 13:17:00-04:00,773.23,773.3067,773.1931,773.232,25730.789472,519,773.2226628558852
2026-09-22 13:18:00-04:00,773.23,773.283,773.17,773.23,15567.544147,437,773.1922147927178
2026-09-22 13:19:00-04:00,773.23,773.27,773.18,773.2688,15961.797808,393,773.2257790048942
2026-09-22 13:20:00-04:00,773.26,773.27,773.14,773.194,20324.089049,546,773.1999667943728
2026-09-22 13:21:00-04:00,773.19,773.2532,773.14,773.17,17664.924283,392,773.20389546494
2026-09-22 13:22:00-04:00,773.16,773.1977,773.108,773.146,13391.521532,410,773.1450022720551
2026-09-22 13:23:00-04:00,773.14,773.17,773.0872,773.14,12359.251849,362,773.1346333127768
2026-09-22 13:24:00-04:00,773.13,773.232,773.13,773.2,69426.601181,573,773.2095243553166
2026-09-22 13:25:00-04:00,773.19,773.29,773.16,773.2101,17266.198805,511,773.2130882351329
2026-09-22 13:26:00-04:00,773.26,773.33,773.2076,773.31,20474.014612,508,773.2931961176378
2026-09-22 13:27:00-04:00,773.3,773.4382,773.2166,773.435,26235.154574,558,773.3795892641822
2026-09-22 13:28:00-04:00,773.43,773.4779,773.26,773.47,13318.204836,403,773.4383537330655
2026-09-22 13:29:00-04:00,773.45,773.59,773.45,773.58,22201.730083,511,773.5458738269367
2026-09-22 13:30:00-04:00,773.5604,773.5755,773.2768,773.54,24375.508802,688,773.5034891813033
2026-09-22 13:31:00-04:00,773.5576,773.58,773.3245,773.43,25420.929197,616,773.5054343960595
2026-09-22 13:32:00-04:00,773.42,773.5038,773.3394,773.35,12656.2338,572,773.4052937578498
2026-09-22 13:33:00-04:00,773.34,773.4012,773.3253,773.348,21709.086658,575,773.3529881627496
2026-09-22 13:34:00-04:00,773.34,773.4412,773.3068,773.365,16903.091322,570,773.3519139539515
2026-09-22 13:35:00-04:00,773.365,773.4188,773.27,773.365,19034.007977,471,773.33262459706
2026-09-22 13:36:00-04:00,773.37,773.39,773.24,773.246,17891.070908,492,773.3228358278437
2026-09-22 13:37:00-04:00,773.24,773.4126,773.24,773.2988,19693.588192,413,773.2655329983852
2026-09-22 13:38:00-04:00,773.28,773.37,773.24,773.27,23844.819172,613,773.3097678537661
2026-09-22 13:39:00-04:00,773.27,773.3143,773.18,773.21,23462.602728,516,773.2018554946692
2026-09-22 13:40:00-04:00,773.2,773.2634,773.098,773.203,29660.487314,647,773.1532257060892
2026-09-22 13:41:00-04:00,773.2,773.2847,773.1578,773.2301,19621.903197,459,773.2446453727624
2026-09-22 13:42:00-04:00,773.23,773.392,773.209,773.39,22443.282181,441,773.2929113788427
2026-09-22 13:43:00-04:00,773.38,773.44,773.275,773.44,20120.103397,449,773.3861655726605
2026-09-22 13:44:00-04:00,773.42,773.5,773.2719,773.49,11458.046491,360,773.4576143065432
2026-09-22 13:45:00-04:00,773.5,773.59,773.2952,773.58,17986.007836,516,773.5309792800496
2026-09-22 13:46:00-04:00,773.58,773.585,773.3092,773.5,16709.378395,418,773.5253827607409
2026-09-22 13:47:00-04:00,773.5,773.505,773.35,773.45,13597.16224,458,773.4379199351259
2026-09-22 13:48:00-04:00,773.44,773.4966,773.418,773.421,11032.073943,358,773.4631363413984
2026-09-22 13:49:00-04:00,773.41,773.48,773.4,773.47,8640.106429,304,773.430488441594
2026-09-22 13:50:00-04:00,773.45,773.502,773.35,773.39,17521.072699,487,773.4226676777982
2026-09-22 13:51:00-04:00,773.39,773.4688,773.3803,773.45,14741.744287,370,773.4328223785221
2026-09-22 13:52:00-04:00,773.44,774.4,773.42,774.07,270505.446108,4454,773.8461737704874
2026-09-22 13:53:00-04:00,774.07,774.19,773.92,773.9523,95932.489984,1478,774.0074393087203
2026-09-22 13:54:00-04:00,773.95,774.25,773.8495,774.11,106690.594238,1853,774.0860357775583
2026-09-22 13:55:00-04:00,774.1058,774.16,773.8654,774.125,55461.508438,1055,774.0869191404616
2026-09-22 13:56:00-04:00,774.12,774.24,773.915,774.07,75213.312403,4861,774.1550355807368
2026-09-22 13:57:00-04:00,774.06,774.1295,773.97,773.998,23218.044579,569,774.0342128557227
2026-09-22 13:58:00-04:00,773.99,774.13,773.9405,774.06,27051.070759,630,774.0529001477731
2026-09-22 13:59:00-04:00,774.05,774.1237,774.0401,774.115,17077.255188,470,774.0836762956179
2026-09-22 14:00:00-04:00,774.1,774.19,773.95,773.958,55238.790988,1164,774.0579424805962
2026-09-22 14:01:00-04:00,773.95,773.97,773.75,773.804,90204.279261,1108,773.8208498678927
2026-09-22 14:02:00-04:00,773.8,774.0287,773.71,773.84,29217.409672,619,773.7829862782851
2026-09-22 14:03:00-04:00,773.82,774.0142,773.81,773.85,20424.784591,513,773.8509189683053
2026-09-22 14:04:00-04:00,773.84,774.0,773.8,773.9,50303.522735,886,773.8885395982378
2026-09-22 14:05:00-04:00,773.91,774.07,773.8533,774.01,28829.645647,690,773.9781169193366
2026-09-22 14:06:00-04:00,774.01,774.12,773.9409,774.0879,27082.889736,552,774.0883164224845
2026-09-22 14:07:00-04:00,774.04,774.07,773.89,773.98,40462.546655,666,773.9573990594536
2026-09-22 14:08:00-04:00,773.98,774.05,773.91,774.05,29190.050333,584,773.9876884710271
2026-09-22 14:09:00-04:00,774.02,774.132,773.9316,774.12,14756.702578,469,774.0771859618227
2026-09-22 14:10:00-04:00,774.11,774.16,773.9235,774.13,21223.438188,506,774.1142010081805
2026-09-22 14:11:00-04:00,774.12,774.14,774.0409,774.1,34751.003958,676,774.1019570056468
2026-09-22 14:12:00-04:00,774.09,774.15,774.06,774.08,79773.477353,835,774.0862255682945
2026-09-22 14:13:00-04:00,774.07,774.0818,773.92,773.9755,29101.843708,661,773.991854538167
2026-09-22 14:14:00-04:00,773.96,774.0503,773.88,773.94,42538.385788,676,773.9636495456864
2026-09-22 14:15:00-04:00,773.93,774.06,773.93,774.03,39941.140406,816,774.0019966771723
2026-09-22 14:16:00-04:00,774.02,774.05,773.928,773.96,32727.047357,623,773.9951675024463
2026-09-22 14:17:00-04:00,773.95,774.05,773.94,773.98,163376.707678,1768,774.0060615776197
2026-09-22 14:18:00-04:00,773.98,774.04,773.97,774.02,65923.622623,807,774.0124075595851
2026-09-22 14:19:00-04:00,774.015,774.11,773.9601,774.07,95530.107583,1086,774.0464645649498
2026-09-22 14:20:00-04:00,774.05,774.19,774.0171,774.175,38944.313036,822,774.1053149653601
2026-09-22 14:21:00-04:00,774.175,774.21,774.1055,774.17,65965.577967,1088,774.1722229068267
2026-09-22 14:22:00-04:00,774.17,774.3,774.17,774.27,61441.717734,1133,774.2598760365873
2026-09-22 14:23:00-04:00,774.28,774.41,774.0753,774.355,47500.499411,1167,774.340177164852
2026-09-22 14:24:00-04:00,774.36,774.39,774.2582,774.29,50991.966896,742,774.3246719753405
2026-09-22 14:25:00-04:00,774.27,774.34,774.21,774.26,44183.771959,781,774.2994737157721
2026-09-22 14:26:00-04:00,774.24,774.294,774.1253,774.2,20839.318936,497,774.2278017872743
2026-09-22 14:27:00-04:00,774.21,774.2802,774.1371,774.2,39740.065179,777,774.1808956302523
2026-09-22 14:28:00-04:00,774.18,774.28,774.138,774.24,20594.012696,532,774.2092724564786
2026-09-22 14:29:00-04:00,774.24,774.26,774.12,774.135,31591.195358,602,774.1714851598693
2026-09-22 14:30:00-04:00,774.14,774.2344,774.0224,774.15,45664.937665,818,774.1032819395649
2026-09-22 14:31:00-04:00,774.15,774.27,774.1028,774.1699,60319.912298,768,774.1985390660191
2026-09-22 14:32:00-04:00,774.14,774.2374,774.06,774.15,47698.094841,724,774.1317352394201
2026-09-22 14:33:00-04:00,774.12,774.15,774.0,774.0278,60712.405543,959,774.0764677377248
2026-09-22 14:34:00-04:00,774.02,774.09,774.015,774.06,41677.195452,699,774.0424603627159
2026-09-22 14:35:00-04:00,774.05,774.09,773.85,773.9,71039.009861,1041,773.9555011046529
2026-09-22 14:36:00-04:00,773.88,774.0159,773.72,773.91,64217.358225,1051,773.8640737639598
2026-09-22 14:37:00-04:00,773.88,774.0694,773.85,773.9,43067.393774,685,773.8935641361891
2026-09-22 14:38:00-04:00,773.9,774.0437,773.81,773.9199,47946.502398,744,773.873699539686
2026-09-22 14:39:00-04:00,773.9,774.0034,773.77,773.8915,64842.779388,1057,773.8601469887101
2026-09-22 14:40:00-04:00,773.88,774.012,773.86,773.98,44823.112349,761,773.922169027459
2026-09-22 14:41:00-04:00,773.98,774.04,773.73,773.9249,52980.414954,954,773.9156812795849
2026-09-22 14:42:00-04:00,773.93,774.11,773.9,773.9966,34579.159966,600,773.9966986168359
2026-09-22 14:43:00-04:00,774.06,774.2,774.0544,774.165,37268.649803,552,774.1470272576166
2026-09-22 14:44:00-04:00,774.16,774.21,773.9893,774.12,45979.724177,772,774.1548519015007
2026-09-22 14:45:00-04:00,774.12,774.2,774.0543,774.195,25922.94428,534,774.1638941040168
2026-09-22 14:46:00-04:00,774.19,774.21,774.06,774.1,24399.283773,472,774.1581661251635
2026-09-22 14:47:00-04:00,774.09,774.15,774.06,774.0945,12819.375536,372,774.103071488806
2026-09-22 14:48:00-04:00,774.09,774.17,774.07,774.15,16327.811685,519,774.114929730091
2026-09-22 14:49:00-04:00,774.12,774.21,774.0642,774.1501,54888.518414,617,774.1562103177484
2026-09-22 14:50:00-04:00,774.15,774.19,774.01,774.04,27901.811153,581,774.0954327529505
2026-09-22 14:51:00-04:00,774.03,774.172,774.03,774.135,36193.212395,621,774.1248221653703
2026-09-22 14:52:00-04:00,774.13,774.18,774.09,774.145,37104.519607,624,774.1454719620731
2026-09-22 14:53:00-04:00,774.13,774.16,774.08,774.115,19945.136505,586,774.1248252388611
2026-09-22 14:54:00-04:00,774.11,774.1346,774.06,774.06,16331.182298,587,774.0913265216885
2026-09-22 14:55:00-04:00,774.06,774.1277,773.9601,774.05,34528.675231,632,774.0315642688639
2026-09-22 14:56:00-04:00,774.04,774.0719,773.8801,773.895,24900.249569,591,774.0037712546876
2026-09-22 14:57:00-04:00,773.88,773.974,773.73,773.74,50965.852405,915,773.7955237513894
2026-09-22 14:58:00-04:00,773.73,773.7943,773.68,773.725,52338.950998,1006,773.7320024327411
2026-09-22 14:59:00-04:00,773.72,774.0039,773.67,773.76,28099.753291,732,773.7222269003515
2026-09-22 15:00:00-04:00,773.77,773.94,773.75,773.8167,44455.116135,1022,773.8130940208982
2026-09-22 15:01:00-04:00,773.81,773.9,773.71,773.8355,40511.976324,844,773.8048992975077
2026-09-22 15:02:00-04:00,773.82,773.89,773.7867,773.848,33243.143536,665,773.8338053637451
2026-09-22 15:03:00-04:00,773.84,773.902,773.8238,773.86,10847.923418,432,773.8675811052067
2026-09-22 15:04:00-04:00,773.86,773.91,773.8,773.9,18468.354119,519,773.8405084177552
2026-09-22 15:05:00-04:00,773.8999,773.8999,773.824,773.86,52955.866381,869,773.8584543448053
2026-09-22 15:06:00-04:00,773.84,774.02,773.84,773.9824,38467.955411,801,773.9411451154044
2026-09-22 15:07:00-04:00,773.98,774.02,773.92,773.955,26731.13697,693,773.9761938488128
2026-09-22 15:08:00-04:00,773.955,773.992,773.91,773.9161,23793.319905,609,773.9515836576323
2026-09-22 15:09:00-04:00,773.91,773.96,773.81,773.91,31191.588263,537,773.8770657937488
2026-09-22 15:10:00-04:00,773.89,774.0,773.87,773.96,33583.700692,609,773.9266735445333
2026-09-22 15:11:00-04:00,773.94,774.02,773.9348,773.998,36091.016264,621,773.9851591197153
2026-09-22 15:12:00-04:00,773.98,774.08,773.9171,774.0599,59707.080326,855,774.0301371036401
2026-09-22 15:13:00-04:00,774.05,774.102,773.9435,774.09,39923.39684,689,774.0743476236429
2026-09-22 15:14:00-04:00,774.08,774.1126,773.9685,774.0488,69392.507314,1032,774.0486274233311
2026-09-22 15:15:00-04:00,774.055,774.1,773.9826,774.05,40241.853521,691,774.0492054696844
2026-09-22 15:16:00-04:00,774.04,774.17,774.01,774.17,40846.61039,554,774.1016918254655
2026-09-22 15:17:00-04:00,774.15,774.2,774.0162,774.2,109597.914942,959,774.1690246382706
2026-09-22 15:18:00-04:00,774.19,774.28,774.169,774.26,43775.827813,747,774.2209914316537
2026-09-22 15:19:00-04:00,774.27,774.28,774.1631,774.27,50381.075229,725,774.2386613905408
2026-09-22 15:20:00-04:00,774.28,774.28,774.121,774.22,78947.017363,1034,774.2333537198157
2026-09-22 15:21:00-04:00,774.23,774.25,774.1601,774.2,43559.387951,748,774.2090285396321
2026-09-22 15:22:00-04:00,774.19,774.23,774.12,774.12,58198.84585,886,774.1680999979416
2026-09-22 15:23:00-04:00,774.12,774.212,774.11,774.198,43266.425977,814,774.16335907325
2026-09-22 15:24:00-04:00,774.19,774.35,774.1,774.22,170823.165659,2212,774.207091255221
2026-09-22 15:25:00-04:00,774.23,774.5,774.2092,774.41,119172.044965,1653,774.3653876474431
2026-09-22 15:26:00-04:00,774.39,774.5,774.2452,774.4386,36019.159613,665,774.4395243492132
2026-09-22 15:27:00-04:00,774.41,774.47,774.239,774.3701,105589.075338,1349,774.3780058034104
2026-09-22 15:28:00-04:00,774.37,774.47,774.35,774.3873,26119.602574,581,774.4206447066782
2026-09-22 15:29:00-04:00,774.42,774.44,774.2841,774.39,42317.390722,741,774.371300488356
2026-09-22 15:30:00-04:00,774.38,774.4,774.31,774.37,63449.519246,1011,774.3429841429383
2026-09-22 15:31:00-04:00,774.36,774.46,774.32,774.43,145617.170947,1576,774.3985085992737
2026-09-22 15:32:00-04:00,774.43,774.65,774.393,774.635,129838.513111,1604,774.5343565190888
2026-09-22 15:33:00-04:00,774.632,774.78,774.3779,774.7323,95543.471542,1480,774.7051328816453
2026-09-22 15:34:00-04:00,774.73,774.88,774.4835,774.855,121328.843491,1708,774.7263008803878
2026-09-22 15:35:00-04:00,774.86,774.93,774.4944,774.9,228390.938984,2335,774.8798007415589
2026-09-22 15:36:00-04:00,774.9,774.94,774.5935,774.87,159971.498337,1865,774.8850499769799
2026-09-22 15:37:00-04:00,774.87,774.94,774.6587,774.8501,278403.539575,2703,774.8845868707258
2026-09-22 15:38:00-04:00,774.86,774.8881,774.7,774.78,81887.334182,1497,774.7640576868125
2026-09-22 15:39:00-04:00,774.795,774.93,774.71,774.82,99279.59419999999,1652,774.8434809990894
2026-09-22 15:40:00-04:00,774.825,774.86,774.76,774.76,92765.584604,1170,774.7994981635006
2026-09-22 15:41:00-04:00,774.77,774.78,774.46,774.485,155519.004289,2039,774.5810942271364
2026-09-22 15:42:00-04:00,774.48,774.7729,774.25,774.33,146785.661207,2173,774.3788154257086
2026-09-22 15:43:00-04:00,774.33,774.7471,774.32,774.48,139909.657514,1455,774.3979135223731
2026-09-22 15:44:00-04:00,774.47,774.5,774.4,774.48,77820.017236,1007,774.4427331118474
2026-09-22 15:45:00-04:00,774.48,774.65,774.4475,774.54,68868.972526,1360,774.5567556175603
2026-09-22 15:46:00-04:00,774.53,774.6749,774.51,774.53,71857.170117,1256,774.557601366566
2026-09-22 15:47:00-04:00,774.53,774.68,774.52,774.63,85421.859245,1524,774.6051333403104
2026-09-22 15:48:00-04:00,774.63,774.71,774.62,774.6894,98071.822684,1593,774.6707806336448
2026-09-22 15:49:00-04:00,774.67,774.76,774.6,774.73,113264.90748,1604,774.6664679462087
2026-09-22 15:50:00-04:00,774.73,774.76,774.38,774.62,239590.813489,2748,774.6293899991657
2026-09-22 15:51:00-04:00,774.6,774.802,774.59,774.75,109634.810882,1642,774.7234434061703
2026-09-22 15:52:00-04:00,774.74,774.9,774.5914,774.82,106791.397015,1841,774.834729123636
2026-09-22 15:53:00-04:00,774.805,774.875,774.52,774.535,149801.316442,2677,774.7385132798694
2026-09-22 15:54:00-04:00,774.55,774.7143,774.35,774.36,122131.960023,2108,774.4537675033903
2026-09-22 15:55:00-04:00,774.36,774.4838,773.815,773.85,348367.733158,4721,774.0346887105712
2026-09-22 15:56:00-04:00,773.86,774.2391,773.7,773.8385,257939.118993,3638,773.8201202051767
2026-09-22 15:57:00-04:00,773.83,774.3771,773.67,773.74,171725.019253,2959,773.7462941886217
2026-09-22 15:58:00-04:00,773.75,774.2972,773.51,773.518,365586.430515,5263,773.6577414838379
2026-09-22 15:59:00-04:00,773.53,773.7,773.298,773.36,594308.865672,7125,773.5333718856075
2026-09-23 09:30:00-04:00,772.79,773.05,772.51,772.5283,390675.357569,3617,772.8399669320434
2026-09-23 09:31:00-04:00,772.51,772.846,772.51,772.8,82172.531842,1499,772.6401504719146
2026-09-23 09:32:00-04:00,772.82,772.8388,772.55,772.8288,68610.083764,1316,772.6761137335733
2026-09-23 09:33:00-04:00,772.82,772.89,772.69,772.822,82783.264184,1892,772.7736550692179
2026-09-23 09:34:00-04:00,772.8,772.88,772.436,772.438,88392.860794,1460,772.6388306112973
2026-09-23 09:35:00-04:00,772.44,772.88,772.04,772.215,169723.429148,2485,772.2649025072766
2026-09-23 09:36:00-04:00,772.2252,772.405,772.15,772.362,115922.181947,1774,772.2953742915622
2026-09-23 09:37:00-04:00,772.34,772.4349,772.1701,772.28,49024.635281,1066,772.2651486648211
2026-09-23 09:38:00-04:00,772.276,772.41,772.185,772.2299,39206.455516,982,772.3111210119929
2026-09-23 09:39:00-04:00,772.22,772.37,772.1,772.155,59272.225333,1218,772.2080127450498
2026-09-23 09:40:00-04:00,772.155,772.25,772.05,772.106,79003.104031,1494,772.1650806913282
2026-09-23 09:41:00-04:00,772.105,772.23,772.03,772.1095,47011.87402,1120,772.1041886102169
2026-09-23 09:42:00-04:00,772.11,772.144,771.94,771.9424,64718.081173,1295,772.0289107792171
2026-09-23 09:43:00-04:00,771.94,772.13,771.89,771.935,76891.541382,1314,772.0296839922435
2026-09-23 09:44:00-04:00,771.9382,772.2474,771.88,771.9232,42437.045538,777,771.9641815561807
2026-09-23 09:45:00-04:00,771.91,772.0167,771.57,771.625,80428.915149,1440,771.7898202654144
2026-09-23 09:46:00-04:00,771.63,771.6465,771.32,771.3357,91025.611699,1725,771.4475571491007
2026-09-23 09:47:00-04:00,771.33,771.9219,771.09,771.28,156089.697888,2172,771.2210432604575
2026-09-23 09:48:00-04:00,771.275,771.298,771.12,771.18,46207.529173,914,771.2088252785701
2026-09-23 09:49:00-04:00,771.18,771.1888,771.0,771.136,69145.225542,1403,771.082291089014
2026-09-23 09:50:00-04:00,771.13,771.3205,771.07,771.16,78790.88582,1536,771.1878357112399
2026-09-23 09:51:00-04:00,771.17,771.5386,770.9,770.9973,61867.673589,1201,770.9896206602309
2026-09-23 09:52:00-04:00,770.986,770.9976,770.75,770.81,59004.593222,1186,770.8502679174175
2026-09-23 09:53:00-04:00,770.79,771.18,770.7018,770.99,165532.924509,2438,770.9500915540106
2026-09-23 09:54:00-04:00,771.0,771.2123,770.68,770.75,59944.691316000004,1117,770.8199482249678
2026-09-23 09:55:00-04:00,770.74,771.1314,770.6,770.63,85268.4995,1550,770.6997192456141
2026-09-23 09:56:00-04:00,770.64,770.655,770.458,770.585,115739.573434,1929,770.5561858867225
2026-09-23 09:57:00-04:00,770.585,770.9163,770.57,770.76,109217.495444,1741,770.6792659420587
2026-09-23 09:58:00-04:00,770.74,770.91,770.71,770.8,117333.000135,1968,770.8170385992938
2026-09-23 09:59:00-04:00,770.7988,770.85,770.61,770.684,94602.470111,1396,770.7201232208745
2026-09-23 10:00:00-04:00,770.68,771.04,770.6368,770.985,119029.921948,2206,770.908109480564
2026-09-23 10:01:00-04:00,770.985,771.015,770.67,770.72,65372.255056,1538,770.8717398521444
2026-09-23 10:02:00-04:00,770.72,770.732,770.53,770.57,43652.882457,1144,770.6085214334952
2026-09-23 10:03:00-04:00,770.57,770.5976,770.38,770.395,90236.976984,1540,770.4848332597708
2026-09-23 10:04:00-04:00,770.4,770.6,770.36,770.48,95161.022504,1632,770.4786092313731
2026-09-23 10:05:00-04:00,770.485,770.6798,770.25,770.3142,86078.882214,1667,770.4232812137891
2026-09-23 10:06:00-04:00,770.31,770.52,770.25,770.41,90996.254783,1556,770.3432317704999
2026-09-23 10:07:00-04:00,770.41,770.42,770.155,770.166,112341.617564,1626,770.2779028275891
2026-09-23 10:08:00-04:00,770.16,770.25,770.02,770.046,106012.47626,1901,770.1516771565692
2026-09-23 10:09:00-04:00,770.04,770.11,769.915,770.0,83190.740672,1779,770.0080350589205
2026-09-23 10:10:00-04:00,770.01,770.1056,769.63,769.78,216786.831855,2675,769.9056450553658
2026-09-23 10:11:00-04:00,769.78,770.1692,769.4,769.66,141132.130123,2298,769.5850912742416
2026-09-23 10:12:00-04:00,769.7792,769.78,769.44,769.456,135868.956642,2424,769.5771434784597
2026-09-23 10:13:00-04:00,769.4676,769.58,769.271,769.53,108101.710685,2135,769.4214874717429
2026-09-23 10:14:00-04:00,769.53,769.9421,769.445,769.6176,120488.266199,2228,769.6217883261223
2026-09-23 10:15:00-04:00,769.6,769.8992,769.468,769.88,125797.361412,2501,769.7216947746057
2026-09-23 10:16:00-04:00,769.89,769.89,769.71,769.795,107100.710628,2197,769.7787223311077
2026-09-23 10:17:00-04:00,769.79,769.8664,769.34,769.4,159670.127254,2934,769.5724209747721
2026-09-23 10:18:00-04:00,769.38,769.4064,769.1416,769.1974,106372.996353,2026,769.2462586462267
2026-09-23 10:19:00-04:00,769.19,769.25,769.08,769.1276,66528.911595,1844,769.1715961854472
2026-09-23 10:20:00-04:00,769.1,769.5508,769.03,769.166,89865.66165,2025,769.1987815258643
2026-09-23 10:21:00-04:00,769.1676,769.2288,768.835,768.855,120520.137863,2283,769.0496453631688
2026-09-23 10:22:00-04:00,768.855,769.0534,768.54,768.6388,143386.124084,2310,768.6819496754013
2026-09-23 10:23:00-04:00,768.62,769.2941,768.49,768.755,111673.91381700001,2139,768.6105091945068
2026-09-23 10:24:00-04:00,768.75,768.87,768.58,768.862,106052.504656,2317,768.7435502676924
2026-09-23 10:25:00-04:00,768.86,769.1476,762.43,768.714,149799.563712,3273,768.8323854642505
2026-09-23 10:26:00-04:00,768.7,768.7399,768.37,768.4388,160787.811747,3116,768.5173476563593
2026-09-23 10:27:00-04:00,768.42,768.9296,768.42,768.592,125320.172766,2831,768.5770794040158
2026-09-23 10:28:00-04:00,768.592,768.862,768.54,768.768,142616.59132099999,2457,768.7000431228068
2026-09-23 10:29:00-04:00,768.76,768.97,768.6477,768.866,128379.221462,2419,768.8599690765758
2026-09-23 10:30:00-04:00,768.8788,769.27,768.7084,769.0488,120700.617092,2647,769.0800313482509
2026-09-23 10:31:00-04:00,769.02,769.25,768.825,769.05,196363.172781,3350,769.0212898497789
2026-09-23 10:32:00-04:00,769.055,769.3,768.955,769.1988,77630.882799,1798,769.1377652135401
2026-09-23 10:33:00-04:00,769.2,769.43,768.8593,769.36,175323.256646,2482,769.3382240186379
2026-09-23 10:34:00-04:00,769.355,769.5,768.914,769.415,107042.858416,2168,769.3749184820335
2026-09-23 10:35:00-04:00,769.4188,769.86,769.2542,769.768,154878.965538,2752,769.6079299334492
2026-09-23 10:36:00-04:00,769.76,769.77,769.5,769.57,138996.843959,2269,769.6070548318282
2026-09-23 10:37:00-04:00,769.6,769.87,769.3901,769.4288,129420.200435,2598,769.6108110280112
2026-09-23 10:38:00-04:00,769.43,769.5974,768.95,768.97,131032.373895,2475,769.202695139774
2026-09-23 10:39:00-04:00,768.9976,769.3899,768.8588,768.86,87189.192406,1768,768.936691731176
2026-09-23 10:40:00-04:00,768.8588,769.319,762.43,769.162,147323.16151499999,2681,768.8722771993362
2026-09-23 10:41:00-04:00,769.165,769.2891,768.8767,769.1,128834.037982,2114,769.0851129268634
2026-09-23 10:42:00-04:00,769.0976,769.18,768.9738,769.1188,72887.829625,1641,769.1114320358064
2026-09-23 10:43:00-04:00,769.1288,769.2856,769.01,769.16,63592.117188,1667,769.1017165109105
2026-09-23 10:44:00-04:00,769.17,769.34,769.14,769.17,109925.210114,2024,769.2342430892822
2026-09-23 10:45:00-04:00,769.17,769.27,769.038,769.15,94131.175672,1995,769.1582878394142
2026-09-23 10:46:00-04:00,769.1576,769.355,769.04,769.2588,58430.092813,1573,769.2106459380487
2026-09-23 10:47:00-04:00,769.2588,769.29,769.078,769.0988,60854.460007,1467,769.2168359020353
2026-09-23 10:48:00-04:00,769.092,769.302,769.092,769.196,82158.267029,1838,769.231823610026
2026-09-23 10:49:00-04:00,769.19,769.34,769.1622,769.2476,54677.979523,1318,769.2527948389505
2026-09-23 10:50:00-04:00,769.23,769.3888,768.895,768.907,61002.850879,1662,769.1736604871022
2026-09-23 10:51:00-04:00,768.915,769.9,768.8501,769.438,233642.411719,4325,769.3716224508031
2026-09-23 10:52:00-04:00,769.44,769.76,769.25,769.715,81605.502295,2040,769.5654391768472
2026-09-23 10:53:00-04:00,769.715,770.45,769.71,770.44,236807.319237,4430,770.0554211764139
2026-09-23 10:54:00-04:00,770.44,770.604,769.5719,770.38,290321.359644,3988,770.3576801357651
2026-09-23 10:55:00-04:00,770.3788,770.49,769.7569,770.2088,174987.369718,3426,770.2364941833571
2026-09-23 10:56:00-04:00,770.21,770.26,769.8064,770.0216,83090.320222,1584,770.1775898895354
2026-09-23 10:57:00-04:00,770.02,770.29,769.8464,770.1788,72172.806358,1673,770.063187411997
2026-09-23 10:58:00-04:00,770.179,770.2172,769.9003,770.0576,45004.078517,1224,770.1164779309133
2026-09-23 10:59:00-04:00,770.06,770.32,770.01,770.24,63238.200984,1472,770.2102288609163
2026-09-23 11:00:00-04:00,770.25,770.2764,769.92,770.082,64276.863073,1571,770.0819470550736
2026-09-23 11:01:00-04:00,770.0576,770.25,769.98,770.02,34338.131516,1166,770.1022611637162
2026-09-23 11:02:00-04:00,770.0176,770.1522,769.76,769.78,77407.853093,1694,769.9292151536516
2026-09-23 11:03:00-04:00,769.7788,769.973,769.56,769.7464,48477.837046,1239,769.6579871349846
2026-09-23 11:04:00-04:00,769.7359,770.1226,769.615,769.8488,116135.038523,1377,769.7079910191569
2026-09-23 11:05:00-04:00,769.83,770.0316,769.62,769.6376,68143.448141,1894,769.7614732601576
2026-09-23 11:06:00-04:00,769.658,769.9569,769.56,769.7088,35028.436942,1346,769.6757657008844
2026-09-23 11:07:00-04:00,769.7088,769.9106,769.6796,769.8364,24505.037283999998,1117,769.7612593178231
2026-09-23 11:08:00-04:00,769.82,770.0,769.743,769.98,25153.67634,1028,769.9405712691413
2026-09-23 11:09:00-04:00,769.975,770.02,769.8787,769.9476,32793.481655,1166,769.9741323365779
2026-09-23 11:10:00-04:00,769.8423,770.02,769.8305,769.9476,25809.359062,1109,769.9486060735172
2026-09-23 11:11:00-04:00,769.9576,769.99,769.6338,769.7264,30457.34969,1055,769.8737365668289
2026-09-23 11:12:00-04:00,769.7,769.8768,769.588,769.7876,40556.305505,1293,769.7108231707175
2026-09-23 11:13:00-04:00,769.7782,769.78,769.62,769.7776,29631.926991,1086,769.7153933580283
2026-09-23 11:14:00-04:00,769.7776,769.83,769.64,769.645,38341.204061,1209,769.7604011789804
2026-09-23 11:15:00-04:00,769.648,769.84,769.64,769.75,32871.638027,1364,769.7577414908628
2026-09-23 11:16:00-04:00,769.7576,769.802,769.53,769.642,32648.834708,1233,769.6526896117414
2026-09-23 11:17:00-04:00,769.65,769.8014,769.32,769.465,39159.893211,1214,769.4343943811166
2026-09-23 11:18:00-04:00,769.4688,769.7491,769.41,769.4676,21052.331332,990,769.4763627260146
2026-09-23 11:19:00-04:00,769.47,769.73,769.4425,769.6276,33754.984366,1144,769.5722807208031
2026-09-23 11:20:00-04:00,769.6288,769.7576,769.55,769.5501,27596.499118,1023,769.6333457100044
2026-09-23 11:21:00-04:00,769.555,769.7876,769.47,769.722,27236.39706,1011,769.6519997448522
2026-09-23 11:22:00-04:00,769.7188,769.9676,769.6793,769.88,37868.192479,1143,769.8806388938555
2026-09-23 11:23:00-04:00,769.88,769.95,769.6723,769.798,34441.480643,1089,769.8472545956321
2026-09-23 11:24:00-04:00,769.81,769.9,769.71,769.8725,27890.534866,1077,769.799540678821
2026-09-23 11:25:00-04:00,769.8759,770.0,769.7955,769.9,43681.414071,1235,769.911316769545
2026-09-23 11:26:00-04:00,769.8976,769.92,769.615,769.712,55194.412651,1402,769.7496277958949
2026-09-23 11:27:00-04:00,769.7088,769.7952,769.49,769.555,48903.895024,1449,769.5782202635926
2026-09-23 11:28:00-04:00,769.55,769.7069,769.14,769.15,45547.65361,1571,769.3151045157576
2026-09-23 11:29:00-04:00,769.16,769.6594,768.945,769.0088,57410.853391,1623,769.0629514993943
2026-09-23 11:30:00-04:00,769.014,769.4467,768.83,768.895,42806.685281,1359,768.911522051108
2026-09-23 11:31:00-04:00,768.895,769.5048,768.8645,768.9576,45979.447906,1402,768.9402948965735
2026-09-23 11:32:00-04:00,768.93,769.1,768.84,768.8888,40039.116538,1232,768.9786370365707
2026-09-23 11:33:00-04:00,768.9,769.0164,768.84,768.9476,42226.948676,1151,768.9343392538789
2026-09-23 11:34:00-04:00,768.95,769.09,768.92,768.938,58436.388975,1386,768.9978825301558
2026-09-23 11:35:00-04:00,768.93,769.082,768.77,769.03,69884.921614,1539,768.9283304175033
2026-09-23 11:36:00-04:00,769.03,769.1416,768.888,768.9488,55061.503967,1348,768.9665336948333
2026-09-23 11:37:00-04:00,768.945,769.0264,768.884,768.98,36861.700092,1137,768.95640213024
2026-09-23 11:38:00-04:00,768.9888,769.0588,768.914,768.93,58050.502185,1331,769.0032559448655
2026-09-23 11:39:00-04:00,768.9488,769.08,768.835,768.9488,74158.634729,1466,768.9796346177649
2026-09-23 11:40:00-04:00,768.94,768.9771,768.77,768.842,54951.653017,1331,768.8489205180446
2026-09-23 11:41:00-04:00,768.85,768.948,768.65,768.7,85833.21926,1714,768.7958171594677
2026-09-23 11:42:00-04:00,768.7076,769.01,768.7,769.0,86612.234288,1669,768.8804861999421
2026-09-23 11:43:00-04:00,768.9988,769.22,768.88,769.21,82402.790613,1765,769.0659264456546
2026-09-23 11:44:00-04:00,769.21,769.27,769.0063,769.19,80261.278056,1710,769.2156496756055
2026-09-23 11:45:00-04:00,769.185,769.25,768.9824,769.135,53610.297618,1320,769.1952418080007
2026-09-23 11:46:00-04:00,769.14,769.2,768.9898,769.1688,40592.312592,1182,769.1307427286204
2026-09-23 11:47:00-04:00,769.1688,769.18,768.75,768.81,45348.123326,1287,768.8993584014797
2026-09-23 11:48:00-04:00,768.81,768.9688,768.59,768.638,58585.880043,1491,768.7940358767936
2026-09-23 11:49:00-04:00,768.635,768.9421,768.45,768.512,69127.133567,1736,768.5452091664569
2026-09-23 11:50:00-04:00,768.5188,768.9057,768.43,768.5701,73960.834846,1744,768.5235721494611
2026-09-23 11:51:00-04:00,768.58,768.8135,768.22,768.3363,121982.955149,2217,768.3415900535796
2026-09-23 11:52:00-04:00,768.3576,768.59,768.31,768.4976,90950.702848,1781,768.4421454822883
2026-09-23 11:53:00-04:00,768.5,768.7119,768.3,768.532,59541.13812,1445,768.4393541072043
2026-09-23 11:54:00-04:00,768.53,768.722,768.4572,768.722,70710.278087,1419,768.59237451284
2026-09-23 11:55:00-04:00,768.73,768.86,768.4589,768.738,61574.726375,1405,768.7551785114105
2026-09-23 11:56:00-04:00,768.735,768.762,768.5708,768.6788,49439.827552,1363,768.6823808280226
2026-09-23 11:57:00-04:00,768.675,768.6888,768.555,768.6388,28701.52689,1069,768.6202371128721
2026-09-23 11:58:00-04:00,768.6388,768.7088,768.535,768.61,26517.81386,979,768.6222612878578
2026-09-23 11:59:00-04:00,768.6,768.64,768.5215,768.6388,30420.636589,1040,768.588562187121
2026-09-23 12:00:00-04:00,768.6388,768.6388,768.3868,768.3988,42688.926564,1409,768.5135328283462
2026-09-23 12:01:00-04:00,768.3988,768.5387,768.35,768.435,44746.927659,1253,768.4401454037896
2026-09-23 12:02:00-04:00,768.4399,768.5273,768.36,768.3877,22159.30222,860,768.4232059468909
2026-09-23 12:03:00-04:00,768.3688,768.4951,768.25,768.36,37728.761472,1123,768.328636669332
2026-09-23 12:04:00-04:00,768.3588,768.555,768.32,768.4088,45305.623309,1395,768.416475831745
2026-09-23 12:05:00-04:00,768.4188,768.5091,768.2801,768.3876,30831.251748,1100,768.3761043006499
2026-09-23 12:06:00-04:00,768.378,768.51,768.32,768.335,30359.438784,1050,768.4129408123073
2026-09-23 12:07:00-04:00,768.34,768.58,768.33,768.5176,43822.469755,1193,768.4954806400908
2026-09-23 12:08:00-04:00,768.52,768.67,768.488,768.49,52083.585761,1233,768.5958904065818
2026-09-23 12:09:00-04:00,768.4888,768.5488,768.42,768.488,34627.053176,1035,768.4888887289974
2026-09-23 12:10:00-04:00,768.4888,768.552,768.41,768.5088,23469.575387,1004,768.4826329065703
2026-09-23 12:11:00-04:00,768.5088,768.635,768.44,768.595,39254.429755,1159,768.522410950278
2026-09-23 12:12:00-04:00,768.6,768.71,768.52,768.605,40428.675613,1226,768.6134729831494
2026-09-23 12:13:00-04:00,768.6088,768.64,768.483,768.61,30406.675572,938,768.5859945030977
2026-09-23 12:14:00-04:00,768.6,768.64,768.5106,768.616,30685.122409,764,768.5913067421453
2026-09-23 12:15:00-04:00,768.59,768.73,768.47,768.6292,56722.664887,1080,768.6292308016056
2026-09-23 12:16:00-04:00,768.6924,768.74,768.38,768.395,47386.978065,933,768.5587540362338
2026-09-23 12:17:00-04:00,768.395,768.5726,768.275,768.345,56474.554706,1004,768.3456919385312
2026-09-23 12:18:00-04:00,768.35,768.3883,768.16,768.275,42893.830443,942,768.2505734817491
2026-09-23 12:19:00-04:00,768.275,768.4691,768.17,768.4691,55604.820345,979,768.2423793841963
2026-09-23 12:20:00-04:00,768.37,768.4614,768.15,768.24,33241.711173,832,768.2919226759158
2026-09-23 12:21:00-04:00,768.24,768.27,768.158,768.25,30140.826028,719,768.2120600117054
2026-09-23 12:22:00-04:00,768.238,768.31,768.14,768.29,30345.844879,823,768.203712859663
2026-09-23 12:23:00-04:00,768.2979,768.35,768.18,768.312,53224.066178,826,768.2839978179821
2026-09-23 12:24:00-04:00,768.315,768.41,768.238,768.38,40408.563078,877,768.3269664698093
2026-09-23 12:25:00-04:00,768.38,768.472,768.2843,768.445,67743.051641,930,768.4094664500669
2026-09-23 12:26:00-04:00,768.445,768.46,768.2301,768.25,51815.251641,920,768.3753405668845
2026-09-23 12:27:00-04:00,768.26,768.38,768.24,768.36,51796.629347,967,768.3046354570779
2026-09-23 12:28:00-04:00,768.36,768.4199,768.3029,768.4199,62206.575202,1305,768.3681908652326
2026-09-23 12:29:00-04:00,768.41,768.48,768.3541,768.418,35716.000317,1019,768.4324894814309
2026-09-23 12:30:00-04:00,768.42,768.6688,768.41,768.6688,55530.447431,1085,768.5695811636181
2026-09-23 12:31:00-04:00,768.66,768.705,768.397,768.69,62480.627661,1058,768.6630606467049
2026-09-23 12:32:00-04:00,768.6877,768.73,768.5386,768.59,73677.6028,1169,768.6857973692382
2026-09-23 12:33:00-04:00,768.59,768.66,768.48,768.535,55330.516037,1217,768.5899049883634
2026-09-23 12:34:00-04:00,768.535,768.54,768.378,768.43,41967.046548,1093,768.4502524547988
2026-09-23 12:35:00-04:00,768.42,768.54,768.398,768.43,56802.19934,1238,768.4669237826284
2026-09-23 12:36:00-04:00,768.43,768.52,768.43,768.4668,44652.480856,785,768.4899466203641
2026-09-23 12:37:00-04:00,768.49,768.52,768.31,768.36,23697.265056,590,768.419991677741
2026-09-23 12:38:00-04:00,768.37,768.45,768.33,768.3401,17408.045982,558,768.3893789095955
2026-09-23 12:39:00-04:00,768.345,768.546,768.19,768.3,45958.365181,1064,768.2692355083122
2026-09-23 12:40:00-04:00,768.2945,768.31,768.12,768.175,28273.391773,715,768.2083827966844
2026-09-23 12:41:00-04:00,768.17,768.3027,768.05,768.09,45108.076271,770,768.1194898454611
2026-09-23 12:42:00-04:00,768.085,768.3746,767.98,767.98,79247.766189,1248,768.0411779512324
2026-09-23 12:43:00-04:00,767.988,768.2812,767.97,768.02,33783.378604,734,768.0008614948479
2026-09-23 12:44:00-04:00,768.02,768.05,767.798,767.8099,64227.374465,1046,767.8873944986169
2026-09-23 12:45:00-04:00,767.8,767.98,767.62,767.77,88444.782343,1652,767.8114365328389
2026-09-23 12:46:00-04:00,767.765,767.92,767.6823,767.902,48620.953521,1054,767.8009866908715
2026-09-23 12:47:00-04:00,767.91,768.072,767.79,767.83,49055.292657,1091,767.9461136022437
2026-09-23 12:48:00-04:00,767.83,767.9862,767.7268,767.836,30459.251234,719,767.7867344639916
2026-09-23 12:49:00-04:00,767.8319,767.9651,767.5205,767.57,63093.259134,1149,767.6560291472364
2026-09-23 12:50:00-04:00,767.58,767.8305,767.27,767.324,91020.983938,1564,767.4129747731438
2026-09-23 12:51:00-04:00,767.31,767.8079,767.1,767.214,76604.988895,1345,767.2298927855795
2026-09-23 12:52:00-04:00,767.21,767.6786,767.14,767.3,44585.645769,1131,767.2598314685321
2026-09-23 12:53:00-04:00,767.29,767.3,767.05,767.08,61618.566912,1103,767.158183448591
2026-09-23 12:54:00-04:00,767.07,767.14,767.02,767.05,44637.725733,861,767.0720863459209
2026-09-23 12:55:00-04:00,767.04,767.4411,767.02,767.08,53385.006345,1183,767.1376956124409
2026-09-23 12:56:00-04:00,767.0865,767.28,767.02,767.2594,51255.097561,1056,767.1400738407003
2026-09-23 12:57:00-04:00,767.2569,767.38,767.15,767.168,57465.556038,1160,767.2776134576707
2026-09-23 12:58:00-04:00,767.16,767.472,767.138,767.415,50196.446148,1002,767.2842751891076
2026-09-23 12:59:00-04:00,767.42,767.53,767.2796,767.418,43141.282422,959,767.4433370737368
2026-09-23 13:00:00-04:00,767.41,767.614,767.38,767.6,62734.447981,1126,767.5207929671873
2026-09-23 13:01:00-04:00,767.61,767.71,767.4491,767.64,42679.615868,804,767.6324826097697
2026-09-23 13:02:00-04:00,767.62,767.63,766.68,766.7001,141209.739769,2510,767.1518575461022
2026-09-23 13:03:00-04:00,766.71,767.2263,766.51,766.56,137466.503992,2079,766.6960073801431
2026-09-23 13:04:00-04:00,766.55,766.8,766.5,766.74,60752.703509,1188,766.6297395818974
2026-09-23 13:05:00-04:00,766.74,767.022,766.6826,766.88,122166.464515,1572,766.8027813587805
2026-09-23 13:06:00-04:00,766.87,767.0613,766.585,766.785,74535.169089,1522,766.788075731463
2026-09-23 13:07:00-04:00,766.7823,766.98,766.7557,766.825,60553.187733,1095,766.8817464149022
2026-09-23 13:08:00-04:00,766.83,767.015,766.83,766.93,63345.328077,1096,766.9256005191952
2026-09-23 13:09:00-04:00,766.9235,767.19,766.845,767.108,49635.130372,1085,767.0322596921524
2026-09-23 13:10:00-04:00,767.11,767.19,766.954,767.05,47914.764444,1017,767.0963313187483
2026-09-23 13:11:00-04:00,767.05,767.26,766.8427,766.85,83369.844418,1346,767.0990822466966
2026-09-23 13:12:00-04:00,766.86,767.0096,766.82,766.92,52603.813392,922,766.8792378058007
2026-09-23 13:13:00-04:00,766.92,767.042,766.83,767.01,39759.669771,819,766.9456378036176
2026-09-23 13:14:00-04:00,767.005,767.152,766.93,767.11,21805.104194,698,767.0443071194964
2026-09-23 13:15:00-04:00,767.115,767.22,766.93,767.205,53946.515819,1105,767.1001378923296
2026-09-23 13:16:00-04:00,767.21,767.23,766.9754,767.1268,29368.887271,971,767.1315072964779
2026-09-23 13:17:00-04:00,767.1343,767.4,767.0598,767.335,28591.128535,795,767.2579775262217
2026-09-23 13:18:00-04:00,767.34,767.6376,767.0684,767.605,37199.710066,950,767.4927342641921
2026-09-23 13:19:00-04:00,767.6,767.922,767.1126,767.885,58574.251952,1410,767.7652745808733
2026-09-23 13:20:00-04:00,767.89,767.93,767.2201,767.68,51044.725792,1069,767.7173680313435
2026-09-23 13:21:00-04:00,767.685,767.795,767.54,767.57,79731.364136,1296,767.6708742740942
2026-09-23 13:22:00-04:00,767.58,767.88,767.58,767.77,36779.113113,846,767.741390459111
2026-09-23 13:23:00-04:00,767.76,767.79,767.4768,767.51,29293.50889,696,767.6407873972025
2026-09-23 13:24:00-04:00,767.51,767.6845,767.18,767.18,40948.332832,882,767.2908176124586
2026-09-23 13:25:00-04:00,767.18,767.372,767.11,767.2985,32998.027003,796,767.2642602372587
2026-09-23 13:26:00-04:00,767.3009,767.5453,767.206,767.35,28237.059523,734,767.2970826838261
2026-09-23 13:27:00-04:00,767.35,767.3995,767.26,767.26,16773.367275,497,767.3355535800266
2026-09-23 13:28:00-04:00,767.28,767.39,767.2501,767.275,23567.964251,530,767.3170427431721
2026-09-23 13:29:00-04:00,767.275,767.5088,767.19,767.2701,50107.229921,903,767.2608578846259
2026-09-23 13:30:00-04:00,767.265,767.4409,767.06,767.232,24832.72067,756,767.1320522613217
2026-09-23 13:31:00-04:00,767.235,767.47,767.13,767.46,22390.033453,785,767.2854933367258
2026-09-23 13:32:00-04:00,767.46,767.46,767.165,767.4,22822.901039,799,767.303481877168
2026-09-23 13:33:00-04:00,767.395,767.57,767.2845,767.525,36157.86006,819,767.4518047716402
2026-09-23 13:34:00-04:00,767.5227,767.58,767.3257,767.5634,24620.670377,642,767.5424345267757
2026-09-23 13:35:00-04:00,767.5634,767.57,767.29,767.31,29185.096403,778,767.4360499685605
2026-09-23 13:36:00-04:00,767.295,767.46,767.28,767.45,33042.941573,622,767.3575331361756
2026-09-23 13:37:00-04:00,767.4445,767.58,767.3475,767.572,66589.165317,1022,767.5025941709939
2026-09-23 13:38:00-04:00,767.558,767.61,767.42,767.44,55871.936307,912,767.5439302390588
2026-09-23 13:39:00-04:00,767.44,767.5172,767.285,767.37,27704.393184,765,767.4132089675221
2026-09-23 13:40:00-04:00,767.3773,767.71,767.168,767.49,97543.478839,1939,767.4701248533206
2026-09-23 13:41:00-04:00,767.466,767.882,767.38,767.746,65530.44577,1504,767.6958209596042
2026-09-23 13:42:00-04:00,767.735,768.125,767.5508,768.1199,108378.648507,1973,767.958784184459
2026-09-23 13:43:00-04:00,768.1199,768.57,767.6157,768.4877,147528.396829,2524,768.4319690953802
2026-09-23 13:44:00-04:00,768.49,768.595,767.8119,768.48,87208.743717,1654,768.4914491108377
2026-09-23 13:45:00-04:00,768.4845,768.675,768.1037,768.614153,97568.218928,1823,768.5546936459752
2026-09-23 13:46:00-04:00,768.625,768.84,768.0143,768.58,76867.146221,1951,768.7106702779811
2026-09-23 13:47:00-04:00,768.579,768.634,768.1032,768.426,78335.511239,1530,768.532681934053
2026-09-23 13:48:00-04:00,768.43,768.5661,768.24,768.38,112415.71118,1522,768.348134637887
2026-09-23 13:49:00-04:00,768.38,768.506,768.35,768.42,61384.004275,980,768.4195474991822
2026-09-23 13:50:00-04:00,768.425,768.55,768.4,768.47,52161.425501,1003,768.483264782145
2026-09-23 13:51:00-04:00,768.48,768.52,768.328,768.3723,41086.910701,828,768.4223251038544
2026-09-23 13:52:00-04:00,768.38,768.5,768.321,768.492,74941.725736,1124,768.4187819181708
2026-09-23 13:53:00-04:00,768.495,768.58,768.36,768.41,48715.78678,4410,768.5016864368386
2026-09-23 13:54:00-04:00,768.405,768.59,768.23,768.492,46001.703871,1093,768.4571502364007
2026-09-23 13:55:00-04:00,768.5,768.57,768.41,768.455,73339.079773,1015,768.504176338348
2026-09-23 13:56:00-04:00,768.45,768.535,768.37,768.51,47589.971064,1087,768.4646031997065
2026-09-23 13:57:00-04:00,768.515,768.825,768.4523,768.81,76366.33585,1312,768.6877857697418
2026-09-23 13:58:00-04:00,768.8,768.97,768.696,768.945,61562.837205,1098,768.8829017833276
2026-09-23 13:59:00-04:00,768.945,769.05,768.8202,768.99,39532.297463,987,768.988468448437
2026-09-23 14:00:00-04:00,768.985,769.0088,768.6134,768.93,76005.423357,1450,768.9219188526196
2026-09-23 14:01:00-04:00,768.935,768.942,768.6488,768.79,49469.268292,1023,768.8512991963121
2026-09-23 14:02:00-04:00,768.785,768.8124,768.5,768.525,75135.236222,1339,768.6724573617985
2026-09-23 14:03:00-04:00,768.51,768.6964,768.33,768.39,96339.644559,1556,768.4018645461114
2026-09-23 14:04:00-04:00,768.394,768.394,768.13,768.18,66462.612456,1087,768.2667246249948
2026-09-23 14:05:00-04:00,768.18,768.6226,768.05,768.26,112307.81802199999,1514,768.1138501233561
2026-09-23 14:06:00-04:00,768.24,768.41,768.23,768.378,54764.310819,987,768.3470679188069
2026-09-23 14:07:00-04:00,768.358,768.5489,768.288,768.36,36751.889765,810,768.3512394098581
2026-09-23 14:08:00-04:00,768.358,768.48,768.31,768.395,38910.342245,791,768.403718478668
2026-09-23 14:09:00-04:00,768.395,768.47,768.265,768.4,35453.037882,770,768.3764110505432
2026-09-23 14:10:00-04:00,768.4181,768.54,768.36,768.38,67995.251155,1137,768.4876369356264
2026-09-23 14:11:00-04:00,768.368,768.51,759.266,768.4051,36397.032308,700,768.43435117671
2026-09-23 14:12:00-04:00,768.4,768.422,768.3,768.422,32356.264434,694,768.3696351891701
2026-09-23 14:13:00-04:00,768.42,768.43,768.288,768.37,26734.832298,636,768.3855572571978
2026-09-23 14:14:00-04:00,768.36,768.5,768.3368,768.468,31907.869695,683,768.4224209522521
2026-09-23 14:15:00-04:00,768.47,768.55,768.34,768.51,28557.060172,739,768.4259043684364
2026-09-23 14:16:00-04:00,768.52,768.62,768.31,768.32,40837.51806,818,768.4739946115994
2026-09-23 14:17:00-04:00,768.34,768.5,768.27,768.476,36357.823291,856,768.3734678021781
2026-09-23 14:18:00-04:00,768.46,768.68,768.46,768.675,34809.738226,816,768.5924035730227
2026-09-23 14:19:00-04:00,768.675,768.745,768.4754,768.53,54990.704372,1098,768.653081451976
2026-09-23 14:20:00-04:00,768.51,768.635,768.44,768.49,50745.86087,924,768.5160831930305
2026-09-23 14:21:00-04:00,768.49,768.53,768.32,768.37,65657.14803,779,768.4283621056022
2026-09-23 14:22:00-04:00,768.39,768.466,768.3368,768.44,46728.303432,836,768.4121325512094
2026-09-23 14:23:00-04:00,768.4377,768.58,768.31,768.47,37762.312739,782,768.456401853175
2026-09-23 14:24:00-04:00,768.469,768.52,768.42,768.515,39986.90002,702,768.4831506319283
2026-09-23 14:25:00-04:00,768.52,768.6,768.4206,768.425,74226.004036,942,768.5353916133785
2026-09-23 14:26:00-04:00,768.43,768.53,768.358,768.38,18316.311661,556,768.4644636266312
2026-09-23 14:27:00-04:00,768.38,768.512,768.33,768.36,79618.280545,1237,768.3844762330039
2026-09-23 14:28:00-04:00,768.356,768.385,768.23,768.295,45000.339422,1008,768.326374228691
2026-09-23 14:29:00-04:00,768.31,768.352,768.1801,768.276,56119.593116000004,937,768.2615307189691
2026-09-23 14:30:00-04:00,768.28,768.4082,768.08,768.1,38920.066073,802,768.2236453528187
2026-09-23 14:31:00-04:00,768.1,768.3996,768.0,768.06,43751.682878,913,768.0685077615656
2026-09-23 14:32:00-04:00,768.0615,768.2681,768.03,768.182,28341.369383,737,768.1066135617014
2026-09-23 14:33:00-04:00,768.18,768.19,768.02,768.0301,23260.326601,673,768.1060938367856
2026-09-23 14:34:00-04:00,768.04,768.215,767.92,768.081,36552.113331,962,768.0676310103853
2026-09-23 14:35:00-04:00,768.1,768.2499,768.05,768.1301,27667.765422,644,768.1145788017228
2026-09-23 14:36:00-04:00,768.13,768.1723,767.96,767.98,34528.863432,718,768.0709664834558
2026-09-23 14:37:00-04:00,767.97,767.98,767.75,767.75,41516.964082,760,767.8607982919831
2026-09-23 14:38:00-04:00,767.765,767.885,767.57,767.7255,37362.845115000004,927,767.6841710133956
2026-09-23 14:39:00-04:00,767.71,768.0035,767.6568,767.68,26888.709495,810,767.7065360135662
2026-09-23 14:40:00-04:00,767.688,767.9842,767.685,767.83,60150.308395,1136,767.818158389641
2026-09-23 14:41:00-04:00,767.824,767.9442,767.72,767.82,46236.287882,873,767.8258886795268
2026-09-23 14:42:00-04:00,767.82,767.94,767.8145,767.902,33649.422608,638,767.8829171307927
2026-09-23 14:43:00-04:00,767.904,768.04,767.807,767.94,34416.150567,741,767.9805780441659
2026-09-23 14:44:00-04:00,767.9597,767.9722,767.81,767.855,32137.641927,673,767.8878832685594
2026-09-23 14:45:00-04:00,767.852,767.914,767.78,767.8499,30597.217067,690,767.8286852115226
2026-09-23 14:46:00-04:00,767.83,767.932,767.79,767.81,38421.871688,595,767.8362718687948
2026-09-23 14:47:00-04:00,767.8,767.925,767.79,767.8568,35579.28132,715,767.8689195749035
2026-09-23 14:48:00-04:00,767.87,768.112,767.838,768.0555,45666.636301,938,767.9701314459653
2026-09-23 14:49:00-04:00,768.06,768.11,767.9433,768.1,28329.124853,599,768.0741279623113
2026-09-23 14:50:00-04:00,768.1,768.17,767.8899,767.97,28354.324006,722,768.0992771830138
2026-09-23 14:51:00-04:00,767.992,768.092,767.9199,767.9877,22130.425745,611,767.9726560226858
2026-09-23 14:52:00-04:00,767.985,768.0358,767.79,767.84,46361.285358,891,767.891854968235
2026-09-23 14:53:00-04:00,767.86,767.94,767.8127,767.93,39163.815461,559,767.8458849868844
2026-09-23 14:54:00-04:00,767.92,767.932,767.828,767.93,30118.411767999998,679,767.8885099902055
2026-09-23 14:55:00-04:00,767.935,768.16,767.86,768.16,73119.866171,1373,767.9837470140062
2026-09-23 14:56:00-04:00,768.16,768.28,767.9273,768.24,57157.498843,1149,768.2198819444874
2026-09-23 14:57:00-04:00,768.245,768.2702,768.0416,768.265,70857.352669,1321,768.2231631680547
2026-09-23 14:58:00-04:00,768.262,768.315,768.0715,768.29,68874.20967,1157,768.2635595369615
2026-09-23 14:59:00-04:00,768.29,768.3,768.135,768.18,32094.537534,838,768.227413532263
2026-09-23 15:00:00-04:00,768.185,768.232,768.05,768.22,75115.198084,1267,768.1201727743886
2026-09-23 15:01:00-04:00,768.222,768.322,768.0958,768.192,43520.845477,964,768.2507688026878
2026-09-23 15:02:00-04:00,768.16,768.2183,768.07,768.1,35463.058456,892,768.1406995488138
2026-09-23 15:03:00-04:00,768.11,768.1374,767.77,767.79,66769.703032,1104,767.9452322969157
2026-09-23 15:04:00-04:00,767.7877,768.0544,767.75,767.77,50386.570491,1051,767.8012430581229
2026-09-23 15:05:00-04:00,767.79,767.9153,767.7,767.86,43050.496073,987,767.793032469065
2026-09-23 15:06:00-04:00,767.86,768.11,767.79,768.105,87509.181535,1280,767.9836431621508
2026-09-23 15:07:00-04:00,768.12,768.32,767.9631,768.22,118602.239017,1630,768.1964073401834
2026-09-23 15:08:00-04:00,768.215,768.3,768.017,768.2,53217.661797,1038,768.2327173571388
2026-09-23 15:09:00-04:00,768.2,768.2399,767.99,768.125,45341.286833,1090,768.0935364183631
2026-09-23 15:10:00-04:00,768.122,768.19,768.05,768.082,36279.355192,860,768.1235376270921
2026-09-23 15:11:00-04:00,768.08,768.17,768.01,768.14,43231.67951,907,768.1066180380701
2026-09-23 15:12:00-04:00,768.15,768.21,767.99,768.0275,79810.382748,1083,768.0944240455003
2026-09-23 15:13:00-04:00,768.028,768.0912,767.8,767.96,62411.752950999995,970,767.8992612454545
2026-09-23 15:14:00-04:00,767.96,768.0386,767.886,767.94,73164.637124,1149,767.9528283490853
2026-09-23 15:15:00-04:00,767.942,768.06,767.74,767.7423,70146.671235,1112,767.8865625399933
2026-09-23 15:16:00-04:00,767.74,768.0556,767.6,767.7201,71387.708491,1156,767.6643990126292
2026-09-23 15:17:00-04:00,767.73,768.0008,767.68,767.7681,80432.75229399999,1185,767.7476325243376
2026-09-23 15:18:00-04:00,767.76,767.87,767.73,767.8312,86974.761457,1294,767.7855042332534
2026-09-23 15:19:00-04:00,767.852,767.93,767.7987,767.8,54182.921156,1185,767.8768926700492
2026-09-23 15:20:00-04:00,767.79,767.8037,767.59,767.65,73936.17545,1332,767.6577327448304
2026-09-23 15:21:00-04:00,767.662,767.827,767.56,767.6305,93129.588582,1327,767.6433477026025
2026-09-23 15:22:00-04:00,767.635,767.8125,767.568,767.625,67327.572124,1209,767.6080427836995
2026-09-23 15:23:00-04:00,767.63,767.735,767.6131,767.67,73525.511645,1132,767.681249396195
2026-09-23 15:24:00-04:00,767.665,767.7263,767.61,767.67,101612.52828500001,1125,767.6525079720876
2026-09-23 15:25:00-04:00,767.675,767.82,767.57,767.6968,144855.031584,1906,767.697985266863
2026-09-23 15:26:00-04:00,767.6,767.6953,767.44,767.45,116633.87480599999,1675,767.5585710886849
2026-09-23 15:27:00-04:00,767.4401,767.671,767.43,767.525,126008.353146,1385,767.5118110125543
2026-09-23 15:28:00-04:00,767.524176,767.6027,767.45,767.505,46683.089825,884,767.5057607330721
2026-09-23 15:29:00-04:00,767.505,767.665,767.47,767.662,67157.670343,1221,767.5302212834115
2026-09-23 15:30:00-04:00,767.66,767.732,767.5333,767.64,103597.554347,2135,767.6391662383909
2026-09-23 15:31:00-04:00,767.635,767.78,767.5671,767.71,59250.20213,1188,767.6866500952488
2026-09-23 15:32:00-04:00,767.705,767.85,767.624,767.81,95378.249182,1513,767.7749486197475
2026-09-23 15:33:00-04:00,767.81,767.93,767.775,767.9277,110685.807762,1460,767.8633517615639
2026-09-23 15:34:00-04:00,767.925,768.02,767.7691,767.99,98141.698331,1298,767.9677787819164
2026-09-23 15:35:00-04:00,767.99,767.99,767.6995,767.87,107432.440219,1504,767.9066198649299
2026-09-23 15:36:00-04:00,767.862,768.0,767.7096,767.88,76726.983146,1401,767.9382483290059
2026-09-23 15:37:00-04:00,767.88,767.95,767.81,767.882,98359.954933,1424,767.8715772454228
2026-09-23 15:38:00-04:00,767.885,767.97,767.8131,767.865,71451.260256,1108,767.9026889452848
2026-09-23 15:39:00-04:00,767.87,768.02,767.8,768.005,103526.36741,1127,767.867329397632
2026-09-23 15:40:00-04:00,768.005,768.15,767.8797,768.0089,68516.218859,1237,768.0554059895949
2026-09-23 15:41:00-04:00,768.005,768.005,767.8,767.825,57956.007747,1221,767.9473561258109
2026-09-23 15:42:00-04:00,767.81,767.9326,767.458,767.465,123180.43624,2310,767.620254641722
2026-09-23 15:43:00-04:00,767.468,767.842,767.3,767.47,134002.42426,2045,767.374343020344
2026-09-23 15:44:00-04:00,767.47,767.7919,767.415,767.57,126648.557538,1976,767.519530988826
2026-09-23 15:45:00-04:00,767.57,767.81,767.518,767.7,112617.259897,1762,767.6744451235363
2026-09-23 15:46:00-04:00,767.705,767.77,767.57,767.74,120652.914351,1678,767.6815279524011
2026-09-23 15:47:00-04:00,767.75,767.99,767.73,767.971,278560.717111,2594,767.8439002723718
2026-09-23 15:48:00-04:00,767.98,767.99,767.6698,767.91,239090.977528,2395,767.902868633046
2026-09-23 15:49:00-04:00,767.91,768.01,767.7505,767.98,178005.337102,2220,767.9189133567637
2026-09-23 15:50:00-04:00,767.961,768.03,766.89,767.03,469744.654846,5874,767.3224743318232
2026-09-23 15:51:00-04:00,767.02,767.5558,766.61,766.75,327432.22243,3899,766.807598789319
2026-09-23 15:52:00-04:00,766.74,767.4331,766.5645,766.65,352594.568177,3953,766.6822663672482
2026-09-23 15:53:00-04:00,766.654,767.324,766.65,767.0,316237.936176,3725,766.8214106919553
2026-09-23 15:54:00-04:00,766.995,767.2873,766.8,766.832,422731.335629,4345,766.9958358725207
2026-09-23 15:55:00-04:00,766.83,767.58,766.82,767.29,688526.388281,8474,767.3693470042085
2026-09-23 15:56:00-04:00,767.29,767.36,767.0244,767.33,347932.846276,4608,767.2707388872939
2026-09-23 15:57:00-04:00,767.335,767.638,767.0965,767.475,405916.294915,5070,767.461953580633
2026-09-23 15:58:00-04:00,767.475,767.57,767.2091,767.47,693089.605732,7624,767.4927149510575
2026-09-23 15:59:00-04:00,767.46,767.98,767.21,767.75,1618851.356267,12499,767.5627969458185
2026-09-24 09:30:00-04:00,764.065,764.38,763.67,763.9381,656399.026604,7574,764.0240870569377
2026-09-24 09:31:00-04:00,763.93,764.3,763.616,764.2882,317639.16071,4838,763.9738388983304
2026-09-24 09:32:00-04:00,764.28,764.62,764.16,764.41,310990.023955,4259,764.3092267867137
2026-09-24 09:33:00-04:00,764.41,764.8574,764.4076,764.671,94869.856957,1854,764.6868943379467
2026-09-24 09:34:00-04:00,764.69,764.81,764.0,764.7,57742.59888,1250,764.6390636321139
2026-09-24 09:35:00-04:00,764.7,764.96,764.48,764.63,111264.677695,2183,764.6616660673606
2026-09-24 09:36:00-04:00,764.634,765.08,764.0,764.9388,93781.268225,1868,764.8670179995328
2026-09-24 09:37:00-04:00,764.98,764.99,764.61,764.6919,53151.815154,1204,764.7429346037493
2026-09-24 09:38:00-04:00,764.695,765.03,764.64,764.97,77435.14263,1561,764.8809836983758
2026-09-24 09:39:00-04:00,764.97,765.03,764.84,765.0101,124413.874679,1744,764.9304199080806
2026-09-24 09:40:00-04:00,765.015,765.0388,764.71,764.8,189407.194837,2108,764.9304627442289
2026-09-24 09:41:00-04:00,764.8,764.92,764.49,764.525,137187.040302,1978,764.6576704300004
2026-09-24 09:42:00-04:00,764.525,764.7399,764.36,764.3964,82516.793413,1199,764.5539888734584
2026-09-24 09:43:00-04:00,764.3899,764.697,764.368,764.64,54522.5896,1247,764.5230274605957
2026-09-24 09:44:00-04:00,764.646,764.7806,764.51,764.645,56796.588057,1069,764.6477437050235
2026-09-24 09:45:00-04:00,764.65,764.8964,764.48,764.79,72025.261977,1349,764.7268106021032
2026-09-24 09:46:00-04:00,764.8,765.092,764.765,765.0835,50403.222409,1179,764.9460348125799
2026-09-24 09:47:00-04:00,765.08,765.37,765.07,765.29,79312.503778,1451,765.2273361685988
2026-09-24 09:48:00-04:00,765.2895,765.368,764.82,764.83,116342.152155,1899,765.1328678427128
2026-09-24 09:49:00-04:00,764.84,765.0971,764.7,764.964,66648.868429,1564,764.8013286837313
2026-09-24 09:50:00-04:00,764.972,765.14,764.85,764.948,67722.126804,1474,764.9769599387988
2026-09-24 09:51:00-04:00,764.945,765.26,764.92,764.9764,27676.701089,867,765.0810178324006
2026-09-24 09:52:00-04:00,764.97,765.22,764.89,765.19,38904.656084,962,765.089726404787
2026-09-24 09:53:00-04:00,765.192,765.23,764.9512,765.055,33231.562861,820,765.1066440824732
2026-09-24 09:54:00-04:00,765.05,765.1,764.748,764.92,42238.748168,1001,764.9418537857299
2026-09-24 09:55:00-04:00,764.9,765.115,764.855,764.855,52104.449311,1062,764.9944807270037
2026-09-24 09:56:00-04:00,764.86,764.9869,764.748,764.95,31726.423993,786,764.8198140641111
2026-09-24 09:57:00-04:00,764.94,765.2,764.9,765.16,45275.885626,919,765.0740967904167
2026-09-24 09:58:00-04:00,765.154,765.38,765.0142,765.38,75671.048332,1040,765.2343332392563
2026-09-24 09:59:00-04:00,765.38,765.49,765.1349,765.375,74761.661983,1238,765.3704168857729
2026-09-24 10:00:00-04:00,765.37,765.64,765.248,765.515,86834.077938,1679,765.4901936821133
2026-09-24 10:01:00-04:00,765.51,765.7088,765.3662,765.51,70109.110591,1296,765.5280894653022
2026-09-24 10:02:00-04:00,765.4977,765.77,765.2335,765.72,91543.568001,1355,765.6633705733955
2026-09-24 10:03:00-04:00,765.7105,765.93,759.39,765.925,56775.8108,1125,765.7733021716624
2026-09-24 10:04:00-04:00,765.92,765.982,765.6716,765.98,66194.162413,1263,765.8911978618102
2026-09-24 10:05:00-04:00,765.98,766.15,765.7833,766.115,70566.180618,1261,766.0175417491171
2026-09-24 10:06:00-04:00,766.115,766.15,765.9545,766.075,70823.523972,1192,766.0551973823674
2026-09-24 10:07:00-04:00,766.08,766.4,765.6862,766.3637,93645.316382,1498,766.2474346354328
2026-09-24 10:08:00-04:00,766.36,766.4388,766.19,766.38,113730.508341,1657,766.3266245541729
2026-09-24 10:09:00-04:00,766.37,766.422,765.8769,766.199,86277.467058,1202,766.3506673635688
2026-09-24 10:10:00-04:00,766.2,766.219,765.92,766.13,119503.498064,1839,766.0623193018652
2026-09-24 10:11:00-04:00,766.13,766.14,765.84,765.9,123399.239411,1784,765.9200526371029
2026-09-24 10:12:00-04:00,765.92,766.0483,765.8,765.8888,77418.999572,1549,765.8823386897118
2026-09-24 10:13:00-04:00,765.88,766.1,765.85,766.0376,46238.601064,1287,765.9795644387407
2026-09-24 10:14:00-04:00,766.04,766.14,765.965,766.0188,73709.813235,1522,766.0419112720429
2026-09-24 10:15:00-04:00,766.0188,766.07,765.61,765.686,66579.889881,1719,765.8360052543603
2026-09-24 10:16:00-04:00,765.685,765.92,765.66,765.91,53992.428177,1446,765.8043981082776
2026-09-24 10:17:00-04:00,765.9176,766.18,765.695,765.995,39039.547519,1436,765.9382732300176
2026-09-24 10:18:00-04:00,765.99,766.32,765.9039,766.252,45345.73455,1336,766.1719355809547
2026-09-24 10:19:00-04:00,766.2576,766.3687,766.15,766.209,30572.933662,1277,766.2626385301749
2026-09-24 10:20:00-04:00,766.2076,766.22,765.972,766.0976,99607.864363,1378,766.1081819902274
2026-09-24 10:21:00-04:00,766.088,766.23,765.91,765.92,87121.730833,1538,766.1565385491315
2026-09-24 10:22:00-04:00,765.9276,766.02,765.8,765.96,43326.937105,1199,765.9346614950459
2026-09-24 10:23:00-04:00,765.9688,766.14,765.9413,766.0288,47014.058869,1357,766.0358094732014
2026-09-24 10:24:00-04:00,766.0376,766.09,765.81,765.8477,30426.888432,1143,765.9494914048944
2026-09-24 10:25:00-04:00,765.8488,765.9814,765.65,765.91,135836.105128,2448,765.7491086274143
2026-09-24 10:26:00-04:00,765.91,765.98,765.816,765.9576,74471.623143,1263,765.8903489412892
2026-09-24 10:27:00-04:00,765.944,766.33,765.8885,766.3176,37003.48358,1085,766.1695130568519
2026-09-24 10:28:00-04:00,766.32,766.33,765.8968,766.13,37581.583746000004,1069,766.2124282930808
2026-09-24 10:29:00-04:00,766.105,766.16,765.9517,766.0564,34446.673097,1054,766.0894591709123
2026-09-24 10:30:00-04:00,766.08,766.1184,765.74,765.7681,29464.811308,1248,765.8885997396918
2026-09-24 10:31:00-04:00,765.768,766.0784,765.72,765.7376,34141.964852,1209,765.8124820277374
2026-09-24 10:32:00-04:00,765.7364,765.9178,765.52,765.6,39792.785501,1335,765.69560685033
2026-09-24 10:33:00-04:00,765.5988,765.77,765.52,765.6988,52069.840304,1313,765.6556926367176
2026-09-24 10:34:00-04:00,765.71,765.946,765.65,765.93,36472.059795,1040,765.7616195358427
2026-09-24 10:35:00-04:00,765.93,766.1,765.745,766.05,103886.984353,1968,765.8725565860296
2026-09-24 10:36:00-04:00,766.04,766.0764,765.69,765.8864,49095.597618,1413,765.888527008587
2026-09-24 10:37:00-04:00,765.8776,766.14,765.87,766.0764,17656.557951,1014,766.0607543625675
2026-09-24 10:38:00-04:00,766.07,766.1,765.8561,765.98,29037.47701,1137,766.0004118717391
2026-09-24 10:39:00-04:00,765.98,766.01,765.735,765.9,26776.169423,1083,765.9138781541252
2026-09-24 10:40:00-04:00,765.91,766.0364,765.8,765.8076,20052.209108,941,765.8936149644085
2026-09-24 10:41:00-04:00,765.8176,765.88,765.638,765.6476,22267.603235,925,765.7511408441899
2026-09-24 10:42:00-04:00,765.6488,765.8664,765.53,765.5976,81190.118985,1493,765.6769564778408
2026-09-24 10:43:00-04:00,765.59,765.815,765.37,765.39,51876.295469,1292,765.4736988459563
2026-09-24 10:44:00-04:00,765.3879,765.5977,765.18,765.2864,76047.015827,1625,765.3017974772023
2026-09-24 10:45:00-04:00,765.28,765.29,765.0249,765.0888,50636.351239,1421,765.1693270351568
2026-09-24 10:46:00-04:00,765.07,765.1864,764.97,765.1388,94821.241046,2026,765.0808793398589
2026-09-24 10:47:00-04:00,765.1388,765.5288,765.1103,765.4288,93055.462463,1793,765.3678535919512
2026-09-24 10:48:00-04:00,765.42,765.48,765.2247,765.3135,34435.882064,1078,765.3549364839963
2026-09-24 10:49:00-04:00,765.3176,765.3986,765.18,765.3,26589.94627,1001,765.3017486081078
2026-09-24 10:50:00-04:00,765.29,765.6796,765.26,765.2764,71491.398743,1800,765.4926459523709
2026-09-24 10:51:00-04:00,765.4926,765.4926,765.1755,765.24,33335.878371,1099,765.2579516333811
2026-09-24 10:52:00-04:00,765.24,765.29,764.99,765.03,104717.197982,1894,765.0607982918309
2026-09-24 10:53:00-04:00,765.0364,765.1,764.8,765.04,109335.72834,1962,764.97271507809
2026-09-24 10:54:00-04:00,765.04,765.07,764.808,764.8701,33469.356535,1104,764.8989019288059
2026-09-24 10:55:00-04:00,764.884,764.91,764.65,764.6976,56424.019042,1470,764.7319820139837
2026-09-24 10:56:00-04:00,764.6788,764.71,764.57,764.6988,52224.704151,1320,764.6488191525233
2026-09-24 10:57:00-04:00,764.7,765.0959,764.5,764.6088,86488.190804,1585,764.5846209619457
2026-09-24 10:58:00-04:00,764.6088,764.9315,764.285,764.3576,67583.815277,1575,764.3893929478484
2026-09-24 10:59:00-04:00,764.338,764.8829,764.18,764.5088,102078.712375,1771,764.3158258320315
2026-09-24 11:00:00-04:00,764.5,764.53,764.31,764.37,87528.327586,1877,764.4096169886358
2026-09-24 11:01:00-04:00,764.34,764.6645,764.3301,764.4276,53914.905579,1361,764.4174718142679
2026-09-24 11:02:00-04:00,764.425,764.6492,764.36,764.3988,73225.586213,1501,764.4684060621898
2026-09-24 11:03:00-04:00,764.3976,764.6788,764.3238,764.6099,35114.381319,1145,764.4835357883924
2026-09-24 11:04:00-04:00,764.608,764.78,764.3208,764.3788,53637.162519,1372,764.5609480256715
2026-09-24 11:05:00-04:00,764.3788,772.0515,764.24,764.2876,69131.07468,1564,764.304718153166
2026-09-24 11:06:00-04:00,764.28,764.46,764.178,764.2276,32122.688266,1096,764.3061285492179
2026-09-24 11:07:00-04:00,764.22,764.4122,764.01,764.075,179999.215074,1643,764.0959405971764
2026-09-24 11:08:00-04:00,764.08,764.252,764.03,764.2088,39195.41856,1197,764.157664617985
2026-09-24 11:09:00-04:00,764.2,764.21,764.06,764.098,30713.169703,1111,764.1374224170991
2026-09-24 11:10:00-04:00,764.0988,764.2923,764.045,764.09,28542.643955,1163,764.1617764810653
2026-09-24 11:11:00-04:00,764.1,764.2619,764.0,764.075,37435.010622,1226,764.0541111957424
2026-09-24 11:12:00-04:00,764.0776,764.2503,763.725,763.75,60243.296383,1747,763.9622561093698
2026-09-24 11:13:00-04:00,763.75,768.11,763.465,763.485,121485.987106,2286,763.550234406307
2026-09-24 11:14:00-04:00,763.485,763.56,763.245,763.365,133813.754484,2009,763.3641765910886
2026-09-24 11:15:00-04:00,763.36,763.63,763.26,763.565,121620.760586,2252,763.4596551050828
2026-09-24 11:16:00-04:00,763.5689,764.1076,763.5,763.95,151106.800215,2726,763.8628859439797
2026-09-24 11:17:00-04:00,763.96,764.16,763.7877,764.0576,103728.048235,1944,764.0285323890893
2026-09-24 11:18:00-04:00,764.06,764.0664,763.68,763.9676,70425.546178,1445,763.8437599786954
2026-09-24 11:19:00-04:00,763.955,763.9676,763.73,763.855,69939.453824,1485,763.8607604042305
2026-09-24 11:20:00-04:00,763.855,763.8588,763.66,763.735,59843.852894999996,1513,763.745971718573
2026-09-24 11:21:00-04:00,763.74,764.02,763.7158,763.97,54956.082786,1276,763.8413730306859
2026-09-24 11:22:00-04:00,763.99,764.07,763.714,764.062,74900.345336,1541,763.9998864765587
2026-09-24 11:23:00-04:00,764.072,764.3476,764.0331,764.34,64906.518617,1522,764.2081483057008
2026-09-24 11:24:00-04:00,764.342,764.56,764.294,764.4688,59694.132828,1444,764.454292734714
2026-09-24 11:25:00-04:00,764.4688,764.4888,763.9223,763.945,55495.512971000004,1468,764.1584390515777
2026-09-24 11:26:00-04:00,763.95,764.03,763.7001,763.73,33578.76357,1087,763.8829143930122
2026-09-24 11:27:00-04:00,763.75,763.9992,763.61,763.6988,46403.529225,1154,763.6841817714094
2026-09-24 11:28:00-04:00,763.6959,763.8767,763.58,763.5921,35015.338477,1034,763.6686114723292
2026-09-24 11:29:00-04:00,763.59,763.6888,763.53,763.64,127032.382427,1615,763.5904313406546
2026-09-24 11:30:00-04:00,763.65,763.762,763.56,763.5976,57833.840375,1120,763.6497576421477
2026-09-24 11:31:00-04:00,763.6,763.6976,763.53,763.552,56507.143914,1226,763.6131966244676
2026-09-24 11:32:00-04:00,763.56,763.864,763.39,763.612,57373.179706,1311,763.4869376037601
2026-09-24 11:33:00-04:00,763.61,763.73,763.47,763.5688,54520.075854,1113,763.6226165247431
2026-09-24 11:34:00-04:00,763.5601,763.6276,763.49,763.5288,25489.204167,966,763.5524472394354
2026-09-24 11:35:00-04:00,763.51,763.8688,763.5033,763.73,41420.848281,1143,763.6716811422718
2026-09-24 11:36:00-04:00,763.75,763.97,763.6254,763.8588,102570.376787,1765,763.842287039098
2026-09-24 11:37:00-04:00,763.8576,763.99,763.6526,763.9699,22489.162081,969,763.8991275058808
2026-09-24 11:38:00-04:00,763.9656,764.04,763.778,763.7899,49948.443443,1152,763.9206586781266
2026-09-24 11:39:00-04:00,763.78,763.8827,763.53,763.78,42865.311096,1197,763.6735559420637
2026-09-24 11:40:00-04:00,763.7588,763.8275,763.61,763.61,37941.826766,1083,763.7026276561822
2026-09-24 11:41:00-04:00,763.615,763.82,763.565,763.6788,21781.889695,960,763.7004562466896
2026-09-24 11:42:00-04:00,763.6788,763.7876,763.58,763.71,56780.86591,981,763.6710607668825
2026-09-24 11:43:00-04:00,763.705,763.94,763.68,763.9188,24464.279967,1040,763.8148548426335
2026-09-24 11:44:00-04:00,763.9288,764.1788,763.7608,764.07,38902.785835,1168,764.052558927023
2026-09-24 11:45:00-04:00,764.0688,764.3088,764.065,764.2588,43153.779434,1404,764.2331770184381
2026-09-24 11:46:00-04:00,764.25,764.2676,764.05,764.0776,43873.601622,1165,764.111418054684
2026-09-24 11:47:00-04:00,764.0781,764.18,763.84,763.8688,28475.892935,1016,764.0157758012066
2026-09-24 11:48:00-04:00,763.8688,764.0878,763.59,763.6076,22697.399307,913,763.8182979093635
2026-09-24 11:49:00-04:00,763.6076,763.7842,763.4201,763.5688,58882.558156,1407,763.5273109991386
2026-09-24 11:50:00-04:00,763.57,764.0597,763.5,764.04,38695.236608,1285,763.741539367548
2026-09-24 11:51:00-04:00,764.042,764.27,763.7971,764.2176,70676.621843,1485,764.0878813836844
2026-09-24 11:52:00-04:00,764.2176,764.33,763.8142,764.26,16093.871756,946,764.253330757282
2026-09-24 11:53:00-04:00,764.252,764.43,764.18,764.1988,30837.930198,1172,764.3493343450705
2026-09-24 11:54:00-04:00,764.195,764.31,764.14,764.306,37090.402348,1160,764.2156012051131
2026-09-24 11:55:00-04:00,764.2888,764.3476,764.1005,764.11,23464.834906,940,764.2530638047292
2026-09-24 11:56:00-04:00,764.1,764.2188,763.96,764.2188,33493.012073,1154,764.0744023036866
2026-09-24 11:57:00-04:00,764.2188,764.2976,763.989,764.26,17899.003971,887,764.2079815203051
2026-09-24 11:58:00-04:00,764.26,764.3888,764.0217,764.35,20485.910741,873,764.3204256273565
2026-09-24 11:59:00-04:00,764.338,764.37,764.2757,764.2876,14499.849787,783,764.3154496032104
2026-09-24 12:00:00-04:00,764.27,764.32,763.75,763.786,72372.545662,1656,763.9815097096485
2026-09-24 12:01:00-04:00,763.78,764.01,763.7,763.9056,37779.090303,1256,763.8194024885468
2026-09-24 12:02:00-04:00,763.9,764.1217,763.846,763.9488,17310.287463,887,763.9205611456551
2026-09-24 12:03:00-04:00,763.9276,764.0823,763.75,763.9776,26262.137978,920,763.8752503455972
2026-09-24 12:04:00-04:00,763.938,764.1264,763.85,764.1088,17634.207567,907,763.9718524448175
2026-09-24 12:05:00-04:00,764.1,764.1976,763.97,764.18,27771.276635,1036,764.0948745682235
2026-09-24 12:06:00-04:00,764.1788,764.1788,763.855,763.96,23894.606178,968,764.0443514623254
2026-09-24 12:07:00-04:00,763.9788,764.017,763.75,763.8576,93160.810333,1184,763.8762149330296
2026-09-24 12:08:00-04:00,763.835,763.8899,763.748,763.8684,38280.035606,1057,763.798335742556
2026-09-24 12:09:00-04:00,763.87,763.92,763.7643,763.8888,21495.375002,854,763.8375872651741
2026-09-24 12:10:00-04:00,763.88,764.02,763.86,763.88,16210.449069,818,763.9515773717422
2026-09-24 12:11:00-04:00,763.8701,763.8799,763.65,763.716,20586.54545,616,763.7478006128714
2026-09-24 12:12:00-04:00,763.71,763.8942,763.7,763.725,14956.834078,472,763.7621481355596
2026-09-24 12:13:00-04:00,763.72,763.9864,763.675,763.9519,15541.992392,427,763.8157106266157
2026-09-24 12:14:00-04:00,763.948,764.69,763.8122,764.62,46632.255811,991,764.3719749680795
2026-09-24 12:15:00-04:00,764.61,766.05,764.44,765.92,323360.647158,5278,765.128773585628
2026-09-24 12:16:00-04:00,765.9,767.75,765.7,767.305,372493.340337,5611,766.782096361738
2026-09-24 12:17:00-04:00,767.315,767.965,765.6952,767.77,253767.690041,3801,767.539762858936
2026-09-24 12:18:00-04:00,767.76,768.41,766.2559,767.38,306956.524784,4375,767.871605221761
2026-09-24 12:19:00-04:00,767.35,767.67,766.56,766.85,224025.992521,3437,766.9514647501032
2026-09-24 12:20:00-04:00,766.85,767.34,766.7798,766.975,159221.635057,2346,767.0630437331872
2026-09-24 12:21:00-04:00,766.96,767.15,766.75,766.905,88874.231691,1545,766.9580711471051
2026-09-24 12:22:00-04:00,766.9164,767.25,766.8948,767.2,85964.547239,1308,767.0637838609382
2026-09-24 12:23:00-04:00,767.2,767.32,766.255,766.9,106456.441926,1739,767.0412102902935
2026-09-24 12:24:00-04:00,766.88,767.14,766.5901,766.98,73111.107796,1486,766.869894753246
2026-09-24 12:25:00-04:00,766.992,767.1699,766.39,766.4,59958.720928,1302,766.5772568516898
2026-09-24 12:26:00-04:00,766.4,767.2515,766.36,766.545,47118.084807,1062,766.515275677956
2026-09-24 12:27:00-04:00,766.55,767.1,766.28,767.02,63918.967551,1161,766.8115989255781
2026-09-24 12:28:00-04:00,767.01,767.358,766.6965,767.3088,38218.117163,852,767.1623948370301
2026-09-24 12:29:00-04:00,767.285,767.3252,767.07,767.165,32147.552464,776,767.2145227669255
2026-09-24 12:30:00-04:00,767.175,767.255,767.02,767.166,44239.619704,989,767.1215804307803
2026-09-24 12:31:00-04:00,767.17,767.25,766.59,766.59,41816.605088,983,767.0128790157278
2026-09-24 12:32:00-04:00,766.6,766.8818,766.39,766.5868,82447.849866,1111,766.5217641821406
2026-09-24 12:33:00-04:00,766.62,766.89,766.576,766.846,35519.898464,866,766.789980607258
2026-09-24 12:34:00-04:00,766.81,766.92,766.67,766.85,34192.869405,876,766.7991244021067
2026-09-24 12:35:00-04:00,766.8537,767.19,766.75,767.1261,39799.597663,765,766.9001303711423
2026-09-24 12:36:00-04:00,767.135,767.62,767.12,767.605,62521.017593,1124,767.4536325257332
2026-09-24 12:37:00-04:00,767.6023,767.752,767.58,767.59,72963.348298,1426,767.6641312299993
2026-09-24 12:38:00-04:00,767.589,767.7075,767.3219,767.55,43644.978095,870,767.6089972941895
2026-09-24 12:39:00-04:00,767.552,767.7899,767.1652,767.76,81725.239762,1019,767.6363205177827
2026-09-24 12:40:00-04:00,767.76,768.35,767.6,768.34,83613.908621,1495,767.9884993055277
2026-09-24 12:41:00-04:00,768.35,768.66,768.1615,768.612,110711.594451,2111,768.5244879023738
2026-09-24 12:42:00-04:00,768.62,768.88,768.0493,768.82,68340.192369,1612,768.7104159954847
2026-09-24 12:43:00-04:00,768.82,768.8832,767.9211,768.35,64255.624558,1514,768.565188867904
2026-09-24 12:44:00-04:00,768.33,768.37,767.61,767.63,117527.060073,1695,768.0044223390778
2026-09-24 12:45:00-04:00,767.64,767.682,767.21,767.41,108246.800872,1917,767.4648208631709
2026-09-24 12:46:00-04:00,767.41,767.69,767.33,767.6889,102700.706504,1779,767.512953587955
2026-09-24 12:47:00-04:00,767.672,767.7726,767.49,767.7,95338.901987,1501,767.6451413806235
2026-09-24 12:48:00-04:00,767.71,768.35,767.6776,768.2774,96489.774678,1782,768.0819875282077
2026-09-24 12:49:00-04:00,768.27,768.66,768.21,768.555,101505.996004,1750,768.4272254775299
2026-09-24 12:50:00-04:00,768.55,768.75,768.0976,768.39,65723.314715,1229,768.5788268869925
2026-09-24 12:51:00-04:00,768.41,768.735,768.0777,768.45,71434.572248,1299,768.5412626801665
2026-09-24 12:52:00-04:00,768.45,768.51,767.92,768.002,65356.016609,1312,768.1842135225004
2026-09-24 12:53:00-04:00,768.02,768.13,767.86,767.938,40813.206145000004,805,768.0118731673368
2026-09-24 12:54:00-04:00,767.9453,768.22,767.87,768.07,37007.948446,774,768.0431478117721
2026-09-24 12:55:00-04:00,768.08,768.4,768.0,768.23,211143.624983,1745,768.2561703815267
2026-09-24 12:56:00-04:00,768.236,768.67,768.146,768.6451,113328.787003,1276,768.4952458718842
2026-09-24 12:57:00-04:00,768.645,768.95,768.3496,768.59,99884.029512,1478,768.7864090545119
2026-09-24 12:58:00-04:00,768.5886,768.7755,768.418,768.54,70036.59796,1030,768.6349903817863
2026-09-24 12:59:00-04:00,768.526,768.723,768.26,768.26,71177.113433,1205,768.4108225434176
2026-09-24 13:00:00-04:00,768.26,768.49,767.718,767.83,95419.728395,1463,767.8693954678456
2026-09-24 13:01:00-04:00,767.828,768.2204,767.76,768.07,43096.116977,857,767.9522859877446
2026-09-24 13:02:00-04:00,768.07,768.11,767.53,768.0694,97769.646632,1214,767.8462249880118
2026-09-24 13:03:00-04:00,768.055,768.67,767.9959,768.325,161015.142732,2285,768.4332432210704
2026-09-24 13:04:00-04:00,768.36,768.39,767.91,768.24,162593.465164,2598,768.0822789728802
2026-09-24 13:05:00-04:00,768.26,768.66,768.118,768.18,129130.648959,2202,768.3804240809142
2026-09-24 13:06:00-04:00,768.19,768.53,768.1,768.34,111341.628865,1715,768.2886992671107
2026-09-24 13:07:00-04:00,768.33,768.52,768.19,768.195,81574.174774,1622,768.3344494793802
2026-09-24 13:08:00-04:00,768.21,768.38,768.02,768.3512,158801.006754,2574,768.2041213245219
2026-09-24 13:09:00-04:00,768.34,768.4599,768.16,768.216,38322.241683,829,768.3027993274245
2026-09-24 13:10:00-04:00,768.22,768.2593,767.68,767.84,186679.050977,3219,767.9100212069694
2026-09-24 13:11:00-04:00,767.84,767.91,767.65,767.865,59084.70523,1329,767.7509875645379
2026-09-24 13:12:00-04:00,767.88,768.1653,767.76,767.8,67339.728467,1379,767.8511891526246
2026-09-24 13:13:00-04:00,767.785,768.21,767.65,768.196,82396.985416,1434,767.9031028374973
2026-09-24 13:14:00-04:00,768.206,768.54,768.0687,768.385,78922.659957,1345,768.3654862011854
2026-09-24 13:15:00-04:00,768.39,768.42,768.0124,768.125,35619.346107,994,768.1878700092436
2026-09-24 13:16:00-04:00,768.14,768.332,768.07,768.096,48096.26189,873,768.2122870626508
2026-09-24 13:17:00-04:00,768.135,768.35,768.038,768.04,30920.293783,800,768.2266788500426
2026-09-24 13:18:00-04:00,768.04,768.348,768.04,768.21,34218.165373,854,768.2157346561861
2026-09-24 13:19:00-04:00,768.21,768.212,767.5,767.5077,82849.644677,1478,767.8651751708893
2026-09-24 13:20:00-04:00,767.5,767.8281,767.24,767.49,96315.632101,1825,767.3993987687924
2026-09-24 13:21:00-04:00,767.5,767.64,767.4,767.48,88691.92655199999,1496,767.5058328745997
2026-09-24 13:22:00-04:00,767.49,767.8135,767.44,767.7599,53252.642055,937,767.6765860360912
2026-09-24 13:23:00-04:00,767.74,767.85,767.58,767.68,38186.987372999996,891,767.6994079302731
2026-09-24 13:24:00-04:00,767.6771,767.865,767.33,767.3625,39635.090592,1022,767.5637591935026
2026-09-24 13:25:00-04:00,767.36,767.7667,767.07,767.0843,61116.33052,1198,767.2541906179662
2026-09-24 13:26:00-04:00,767.08,767.134,766.595,766.71,94099.896711,1734,766.8326398753276
2026-09-24 13:27:00-04:00,766.69,767.4952,766.66,766.86,49330.057435,1042,766.7974134758116
2026-09-24 13:28:00-04:00,766.86,767.29,766.8433,767.21,63025.413776,909,767.0403298242597
2026-09-24 13:29:00-04:00,767.2101,767.31,767.155,767.225,30965.125732,769,767.2253514743801
2026-09-24 13:30:00-04:00,767.22,767.55,767.18,767.48,94257.164155,1697,767.3849467959226
2026-09-24 13:31:00-04:00,767.48,767.66,767.0964,767.512,50032.702219,1151,767.5422096249567
2026-09-24 13:32:00-04:00,767.5,767.5534,767.198,767.288,63717.972031,1269,767.344991308641
2026-09-24 13:33:00-04:00,767.28,767.28,767.065,767.134,33560.925217,951,767.1797093931954
2026-09-24 13:34:00-04:00,767.1518,767.3191,766.81,766.86,38725.892194,833,766.9801799899458
2026-09-24 13:35:00-04:00,766.865,767.1543,766.77,766.77,42657.356099,1140,766.8577422254073
2026-09-24 13:36:00-04:00,766.77,767.1459,766.7364,766.86,39030.737312,873,766.8910649469866
2026-09-24 13:37:00-04:00,766.86,767.1458,766.6,767.1451,57190.870123,1145,766.7300077628547
2026-09-24 13:38:00-04:00,766.6268,766.78,766.53,766.67,51892.597501,963,766.6544428987324
2026-09-24 13:39:00-04:00,766.67,767.01,766.66,766.8745,54706.74348,861,766.9133134865401
2026-09-24 13:40:00-04:00,766.855,767.07,766.855,766.91,35067.871846,723,766.9997251499277
2026-09-24 13:41:00-04:00,766.9,767.02,766.67,766.81,60125.961705,1158,766.8657576435949
2026-09-24 13:42:00-04:00,766.805,767.0532,766.78,766.785,29094.599129,779,766.9327730059647
2026-09-24 13:43:00-04:00,766.79,766.804,766.15,766.245,100471.653076,1849,766.3924969165436
2026-09-24 13:44:00-04:00,766.25,766.3699,766.16,766.2045,39483.769609,965,766.2555223100975
2026-09-24 13:45:00-04:00,766.21,766.332,766.025,766.32,77636.855202,1640,766.1345289895726
2026-09-24 13:46:00-04:00,766.305,766.58,766.1509,766.4501,62056.147774,1048,766.4257591313182
2026-09-24 13:47:00-04:00,766.46,766.745,766.41,766.735,61173.683655,1285,766.5103670425623
2026-09-24 13:48:00-04:00,766.72,766.77,766.48,766.5586,67618.178079,1198,766.6149056432998
2026-09-24 13:49:00-04:00,766.548,766.83,766.52,766.67,37933.697112,826,766.6980913253575
2026-09-24 13:50:00-04:00,766.658,766.812,766.55,766.64,42446.863809,3552,766.6682094248064
2026-09-24 13:51:00-04:00,766.654,766.75,766.52,766.535,30136.967357,874,766.6369933726105
2026-09-24 13:52:00-04:00,766.54,766.744,766.4,766.51,39289.815953,980,766.5584590531976
2026-09-24 13:53:00-04:00,766.5,766.67,766.458,766.47,18515.911201,603,766.5423789808755
2026-09-24 13:54:00-04:00,766.48,766.61,766.4,766.54,57154.417424,1235,766.5136212560021
2026-09-24 13:55:00-04:00,766.535,766.72,766.438,766.438,36208.756919,913,766.5496156765478
2026-09-24 13:56:00-04:00,766.44,766.96,766.43,766.86,35755.697358,845,766.7887110773677
2026-09-24 13:57:00-04:00,766.86,766.86,766.62,766.76,40253.021359,1022,766.7236949940014
2026-09-24 13:58:00-04:00,766.77,766.82,766.6001,766.81,46309.588224,938,766.7245099782554
2026-09-24 13:59:00-04:00,766.81,767.09,766.6417,766.93,37953.230057,814,766.95728596634
2026-09-24 14:00:00-04:00,766.95,767.03,766.75,766.775,58601.400798,1242,766.8557232994225
2026-09-24 14:01:00-04:00,766.7795,766.82,766.21,766.365,64932.725554,1357,766.4287239895102
2026-09-24 14:02:00-04:00,766.38,766.573,766.0,766.03,86315.985483,1580,766.1295993725623
2026-09-24 14:03:00-04:00,766.035,766.2722,765.62,765.814,84248.480216,2049,765.8058359800893
2026-09-24 14:04:00-04:00,765.805,766.06,765.62,765.7,56099.994904,1480,765.8884754301404
2026-09-24 14:05:00-04:00,765.695,766.0,765.68,765.921,84678.702559,1735,765.8227156939103
2026-09-24 14:06:00-04:00,765.91,766.4839,765.79,766.42,70085.427063,1498,766.1647641916371
2026-09-24 14:07:00-04:00,766.44,766.68,766.0724,766.45,73604.934032,1588,766.458558709517
2026-09-24 14:08:00-04:00,766.46,766.972,766.0617,766.74,64365.004389,1490,766.7622750197287
2026-09-24 14:09:00-04:00,766.75,766.891,766.2697,766.76,36349.236394,1050,766.76703113091
2026-09-24 14:10:00-04:00,766.77,766.98,766.5941,766.68,50992.326343,1330,766.7787444911494
2026-09-24 14:11:00-04:00,766.6805,767.12,766.6805,766.865,49160.939205,1160,766.9801498594703
2026-09-24 14:12:00-04:00,766.865,766.9032,766.3036,766.68,25496.943799,982,766.7664885602666
2026-09-24 14:13:00-04:00,766.7665,766.8732,766.3228,766.82,20105.690308,784,766.7121438830712
2026-09-24 14:14:00-04:00,766.8,767.06,766.7868,767.03,24786.070049,752,766.9043422137195
2026-09-24 14:15:00-04:00,767.0,767.0791,766.8451,767.005,32221.995601,1017,766.9548159470233
2026-09-24 14:16:00-04:00,766.99,767.4,766.99,767.24,58326.749604,1050,767.2372585316419
2026-09-24 14:17:00-04:00,767.25,767.37,767.0328,767.32,48149.499324,872,767.2647822947532
2026-09-24 14:18:00-04:00,767.316,767.53,766.9657,767.21,31059.139861,880,767.3404538785085
2026-09-24 14:19:00-04:00,767.21,767.29,767.11,767.25,36429.106716,885,767.2045884267555
2026-09-24 14:20:00-04:00,767.26,767.312,766.825,766.86,41360.493343,1211,767.029842774708
2026-09-24 14:21:00-04:00,766.87,767.05,766.85,767.03,30037.994929,871,766.962438591283
2026-09-24 14:22:00-04:00,767.02,767.09,766.9763,766.985,29192.133786,783,767.032847575317
2026-09-24 14:23:00-04:00,766.985,767.28,766.94,767.22,15086.287252,507,767.1010765163138
2026-09-24 14:24:00-04:00,767.21,767.2259,767.098,767.194,15259.928687,643,767.1535364035316
2026-09-24 14:25:00-04:00,767.2,767.815,767.148,767.55,196738.556295,2730,767.5002601484995
2026-09-24 14:26:00-04:00,767.554,768.03,767.5296,767.83,76042.040787,1616,767.8408113403409
2026-09-24 14:27:00-04:00,767.82,767.884,767.66,767.69,55265.647898,1143,767.7916456111341
2026-09-24 14:28:00-04:00,767.697,767.9,767.63,767.7,62448.081962,1202,767.7160235520104
2026-09-24 14:29:00-04:00,767.695,767.76,767.4858,767.588,29337.423315,921,767.6611049325292
2026-09-24 14:30:00-04:00,767.6,767.7262,767.5043,767.6,33952.794326,1069,767.609705089419
2026-09-24 14:31:00-04:00,767.6,767.62,767.215,767.41,42859.925189,1081,767.3676517235205
2026-09-24 14:32:00-04:00,767.42,767.4517,767.12,767.2155,32951.949175,809,767.3247078461134
2026-09-24 14:33:00-04:00,767.23,767.572,767.22,767.295,41169.494336,816,767.340907550332
2026-09-24 14:34:00-04:00,767.3,767.5588,767.1,767.1,44388.208423000004,834,767.2514430043327
2026-09-24 14:35:00-04:00,767.1,767.18,766.905,766.97,49442.424487000004,1040,767.0734351376971
2026-09-24 14:36:00-04:00,766.955,767.2096,766.9,767.0,36749.772254,861,767.012331040721
2026-09-24 14:37:00-04:00,766.99,767.2,766.965,767.08,32261.400732,902,767.0835955114081
2026-09-24 14:38:00-04:00,767.09,768.02,767.08,767.96,145939.769267,2486,767.5104569388903
2026-09-24 14:39:00-04:00,767.97,768.38,767.68,767.83,155512.920366,2816,767.9970695493195
2026-09-24 14:40:00-04:00,767.81,767.826,767.42,767.52,45583.562954,1152,767.576274870132
2026-09-24 14:41:00-04:00,767.515,767.62,767.4,767.505,42359.644687,892,767.5179256970825
2026-09-24 14:42:00-04:00,767.505,767.7609,767.18,767.33,53350.274919,1180,767.3832395483007
2026-09-24 14:43:00-04:00,767.34,767.5119,767.19,767.36,33429.873268,874,767.2648309034181
2026-09-24 14:44:00-04:00,767.35,767.61,767.33,767.495,40584.883387,982,767.4561515890133
2026-09-24 14:45:00-04:00,767.5,767.692,767.474,767.54,51046.586266,866,767.5998005165719
2026-09-24 14:46:00-04:00,767.55,767.64,767.51,767.578,53979.327874,1066,767.5714721172957
2026-09-24 14:47:00-04:00,767.5705,767.64,767.44,767.4799,41552.279743,1028,767.5390378888306
2026-09-24 14:48:00-04:00,767.468,767.66,767.43,767.6,22969.085167,610,767.54587839288
2026-09-24 14:49:00-04:00,767.59,767.61,767.465,767.52,40383.046411,807,767.5419090221393
2026-09-24 14:50:00-04:00,767.53,767.97,767.485,767.82,57699.292932,1338,767.7263012535742
2026-09-24 14:51:00-04:00,767.83,767.85,767.6,767.7,54833.228737,1120,767.6988174715539
2026-09-24 14:52:00-04:00,767.71,768.06,767.71,767.972,60634.85016,1201,767.8953012571811
2026-09-24 14:53:00-04:00,767.975,767.98,767.6317,767.81,35865.316381,889,767.8780876520412
2026-09-24 14:54:00-04:00,767.815,767.84,767.7,767.74,63689.240378,1127,767.7521432128754
2026-09-24 14:55:00-04:00,767.74,767.97,767.7068,767.93,45479.219653,1103,767.8711805755412
2026-09-24 14:56:00-04:00,767.93,768.22,767.895,768.17,45510.010466,1120,768.0429001961276
2026-09-24 14:57:00-04:00,768.17,768.29,767.8806,768.225,37195.524756,1011,768.2113738672552
2026-09-24 14:58:00-04:00,768.225,768.25,767.8668,768.15,57287.323546,1290,768.1457533704029
2026-09-24 14:59:00-04:00,768.15,768.17,767.87,767.9504,40491.313586,1061,768.0475187164844
2026-09-24 15:00:00-04:00,767.9559,768.04,767.74,767.87,99511.187406,1837,767.8776765773284
2026-09-24 15:01:00-04:00,767.875,767.895,767.42,767.546278,137186.049524,2181,767.6890648939021
2026-09-24 15:02:00-04:00,767.56,767.64,767.27,767.31,50899.32199,1201,767.4465319689666
2026-09-24 15:03:00-04:00,767.33,767.3432,767.06,767.07,56356.421015,1337,767.2317405974227
2026-09-24 15:04:00-04:00,767.07,767.5244,767.05,767.205,41704.239387,1016,767.1193920221139
2026-09-24 15:05:00-04:00,767.205,767.7466,767.18,767.395,32047.970383,802,767.2829284542515
2026-09-24 15:06:00-04:00,767.38,767.54,767.29,767.38,40436.88871,1096,767.4102254909789
2026-09-24 15:07:00-04:00,767.385,767.502,767.29,767.428,30055.218158,955,767.4142248949129
2026-09-24 15:08:00-04:00,767.43,767.59,767.4172,767.4172,25986.864404,824,767.4780823216954
2026-09-24 15:09:00-04:00,767.42,767.5155,767.32,767.4455,32614.362892,864,767.4212892937942
2026-09-24 15:10:00-04:00,767.45,767.56,767.24,767.27,29481.493141,921,767.4101639760976
2026-09-24 15:11:00-04:00,767.2725,767.382,767.22,767.34,34427.227249,1020,767.2956940225997
2026-09-24 15:12:00-04:00,767.34,767.44,767.29,767.432,23051.435724,706,767.3456373534518
2026-09-24 15:13:00-04:00,767.41,767.58,767.35,767.48,43323.335307,1059,767.4383244241106
2026-09-24 15:14:00-04:00,767.49,767.5162,767.3,767.3,26347.919423,787,767.372228366682
2026-09-24 15:15:00-04:00,767.3,767.53,767.298,767.52,31960.331418,906,767.4305937037412
2026-09-24 15:16:00-04:00,767.52,767.68,767.31,767.65,37348.351571,837,767.5773005278776
2026-09-24 15:17:00-04:00,767.66,767.74,767.49,767.52,38077.544514,946,767.6297885475262
2026-09-24 15:18:00-04:00,767.53,767.74,767.53,767.645,24530.112389,647,767.6824893318866
2026-09-24 15:19:00-04:00,767.65,767.682,767.49,767.68,48962.189852,1064,767.5841603268819
2026-09-24 15:20:00-04:00,767.68,767.71,767.57,767.585,38642.997082,990,767.6432761283419
2026-09-24 15:21:00-04:00,767.585,767.75,767.5,767.736,31394.737327,809,767.5903122007821
2026-09-24 15:22:00-04:00,767.73,767.74,767.5595,767.68,36382.40606,899,767.6852609524174
2026-09-24 15:23:00-04:00,767.69,767.755,767.6,767.751,27338.925421,737,767.6578079428347
2026-09-24 15:24:00-04:00,767.742,767.88,767.715,767.81,30200.312177,869,767.7944837827355
2026-09-24 15:25:00-04:00,767.81,767.89,767.75,767.76,29083.679967,829,767.8145008246825
2026-09-24 15:26:00-04:00,767.76,767.87,767.67,767.845,38717.594966,834,767.758951600523
2026-09-24 15:27:00-04:00,767.84,767.84,767.68,767.68,38553.283094,865,767.7588083454759
2026-09-24 15:28:00-04:00,767.69,767.75,767.6,767.66,50157.457198,1077,767.6654211261849
2026-09-24 15:29:00-04:00,767.65,767.67,767.48,767.575,58911.214054,1306,767.6041926988879
2026-09-24 15:30:00-04:00,767.575,767.694,767.5,767.578,65807.535469,1530,767.5840703291052
2026-09-24 15:31:00-04:00,767.58,767.73,767.57,767.692,57109.47173,1234,767.6397117534632
2026-09-24 15:32:00-04:00,767.69,767.69,767.41,767.48,96752.893302,1398,767.5060873922613
2026-09-24 15:33:00-04:00,767.48,767.631,767.4345,767.575,46991.478976,870,767.505269629662
2026-09-24 15:34:00-04:00,767.57,767.76,767.49,767.75,108662.511155,1517,767.567861421004
2026-09-24 15:35:00-04:00,767.74,767.762,767.47,767.59,70207.085973,1286,767.6041484738358
2026-09-24 15:36:00-04:00,767.59,767.72,767.58,767.66,132826.602363,1449,767.6790104628325
2026-09-24 15:37:00-04:00,767.66,767.666,767.43,767.52,63841.755623,1339,767.5342951509912
2026-09-24 15:38:00-04:00,767.515,767.6,767.465,767.545,35329.574779,981,767.5352090661738
2026-09-24 15:39:00-04:00,767.55,767.774,767.54,767.762,46811.648773,1146,767.6597546879599
2026-09-24 15:40:00-04:00,767.765,767.89,767.57,767.57,74953.92081,1598,767.7189954320644
2026-09-24 15:41:00-04:00,767.575,767.772,767.57,767.75,137813.784492,1753,767.6463155699848
2026-09-24 15:42:00-04:00,767.75,767.75,767.578,767.595,60085.852303,1458,767.6813023017696
2026-09-24 15:43:00-04:00,767.58,767.72,767.53,767.66,80593.262176,1655,767.6068458726793
2026-09-24 15:44:00-04:00,767.659,767.752,767.55,767.585,114744.791627,1901,767.6469157530518
2026-09-24 15:45:00-04:00,767.58,767.71,767.41,767.51,177972.257119,2781,767.5595760300323
2026-09-24 15:46:00-04:00,767.52,767.67,767.5,767.62,201055.660523,2413,767.5814630791389
2026-09-24 15:47:00-04:00,767.62,767.72,767.57,767.59,76612.025523,1416,767.6371776382596
2026-09-24 15:48:00-04:00,767.6,767.62,767.46,767.51,167562.770449,2445,767.520518251166
2026-09-24 15:49:00-04:00,767.52,767.6,767.34,767.355,258796.584967,2790,767.4916378422319
2026-09-24 15:50:00-04:00,767.37,767.88,767.37,767.5,330948.029801,5329,767.6871638719437
2026-09-24 15:51:00-04:00,767.5045,768.05,767.46,767.958,259766.085977,3648,767.8757966132241
2026-09-24 15:52:00-04:00,767.97,767.99,767.85,767.93,177069.992914,2620,767.9161718089282
2026-09-24 15:53:00-04:00,767.9224,768.154,767.87,768.02,156848.152433,2313,768.0329065781118
2026-09-24 15:54:00-04:00,768.04,768.135,767.6942,767.98,271543.79138,4074,768.0344718259322
2026-09-24 15:55:00-04:00,767.97,767.982,767.59,767.73,351412.189119,4939,767.7075989122168
2026-09-24 15:56:00-04:00,767.73,767.8761,767.57,767.645,225422.04318,3581,767.6786245698275
2026-09-24 15:57:00-04:00,767.65,767.6765,767.45,767.478,198241.16581,3042,767.5387118746146
2026-09-24 15:58:00-04:00,767.48,767.59,767.35,767.375,390623.103727,4677,767.4782727347636
2026-09-24 15:59:00-04:00,767.37,767.65,767.22,767.25,1391393.194968,11569,767.4226368894756
2026-09-25 09:30:00-04:00,768.775,768.8,767.75,768.14,510048.361832,4891,768.3380180294542
2026-09-25 09:31:00-04:00,768.165,768.628,768.145,768.628,134908.190746,2117,768.3379286921011
2026-09-25 09:32:00-04:00,768.625,768.92,768.346,768.8095,60266.266246,1404,768.6846607731113
2026-09-25 09:33:00-04:00,768.79,769.12,768.7036,769.115,89825.736804,1761,768.9092199260118
2026-09-25 09:34:00-04:00,769.12,769.52,768.79,769.45,198409.226972,2759,769.3473887247874
2026-09-25 09:35:00-04:00,769.45,769.784,768.79,769.565,181526.035359,2878,769.5846317266944
2026-09-25 09:36:00-04:00,769.57,769.58,769.32,769.3236,109894.17114399999,2030,769.4443203138849
2026-09-25 09:37:00-04:00,769.3355,769.592,769.25,769.52,82568.463106,1817,769.4168045794983
2026-09-25 09:38:00-04:00,769.515,769.71,769.4418,769.63,60865.534109,1369,769.5481912092974
2026-09-25 09:39:00-04:00,769.63,769.77,769.38,769.7455,46374.666419,1170,769.5280688790289
2026-09-25 09:40:00-04:00,769.73,769.78,769.4001,769.635,63227.609309,1470,769.5395524391738
2026-09-25 09:41:00-04:00,769.635,770.044,769.2347,770.0265,81533.870026,1730,769.8812572543259
2026-09-25 09:42:00-04:00,770.02,770.06,769.81,769.98,61790.895901,1364,769.9438837764553
2026-09-25 09:43:00-04:00,769.98,770.01,769.35,769.424,64129.01929,1328,769.6955243296867
2026-09-25 09:44:00-04:00,769.43,769.6943,769.32,769.49,65186.715799,1392,769.4380550107337
2026-09-25 09:45:00-04:00,769.5,769.62,769.28,769.36,135415.746921,2202,769.4210051318936
2026-09-25 09:46:00-04:00,769.36,769.5188,769.18,769.45,100508.597512,2091,769.3341978632968
2026-09-25 09:47:00-04:00,769.46,769.584,769.32,769.54,103587.027043,1835,769.4739762811155
2026-09-25 09:48:00-04:00,769.535,769.66,769.0,769.035,110839.671724,1904,769.3486746951141
2026-09-25 09:49:00-04:00,769.04,769.549,769.04,769.495,129917.986323,2189,769.3227250632614
2026-09-25 09:50:00-04:00,769.5,769.7288,769.375,769.572,125707.459806,1987,769.5671001223025
2026-09-25 09:51:00-04:00,769.58,769.84,769.4548,769.7446,79518.662746,1455,769.6756216391873
2026-09-25 09:52:00-04:00,769.75,769.882,769.69,769.86,71080.382254,1493,769.7588721008617
2026-09-25 09:53:00-04:00,769.855,770.0,769.73,769.9696,63150.741803,1329,769.8797357878055
2026-09-25 09:54:00-04:00,769.98,770.27,769.8772,770.095,110969.01394799999,1912,770.1037782592758
2026-09-25 09:55:00-04:00,770.1,770.3,770.09,770.281,67880.359454,1605,770.1861784737024
2026-09-25 09:56:00-04:00,770.2824,770.3155,770.04,770.09,87310.722395,1633,770.1784449573045
2026-09-25 09:57:00-04:00,770.09,770.1816,769.638,769.695,100322.228035,1679,769.9014724307225
2026-09-25 09:58:00-04:00,769.7,769.89,769.68,769.75,223924.008014,1876,769.809842554789
2026-09-25 09:59:00-04:00,769.77,769.79,769.53,769.73,103750.899799,1480,769.6479346288096
2026-09-25 10:00:00-04:00,769.725,769.84,769.15,769.25,145443.547025,2244,769.4165559427196
2026-09-25 10:01:00-04:00,769.25,769.82,768.66,768.66,114803.973424,2377,768.928947993438
2026-09-25 10:02:00-04:00,768.665,768.76,768.296,768.47,114405.98813,2083,768.5193636260618
2026-09-25 10:03:00-04:00,768.48,768.48,768.04,768.3388,137727.968412,2311,768.1921643601353
2026-09-25 10:04:00-04:00,768.31,768.36,767.526,767.605,150892.979957,2274,767.8268068530165
2026-09-25 10:05:00-04:00,767.59,767.59,766.578,766.59,226837.174027,3831,766.9644396010424
2026-09-25 10:06:00-04:00,766.585,767.1,766.53,766.94,134154.136557,2295,766.8209824467417
2026-09-25 10:07:00-04:00,766.96,767.47,766.918,767.214,130141.245085,2019,767.1519104083112
2026-09-25 10:08:00-04:00,767.22,767.65,767.16,767.64,111472.438018,1754,767.3976382949953
2026-09-25 10:09:00-04:00,767.6236,767.75,767.33,767.6797,95736.370439,1843,767.5727555689205
2026-09-25 10:10:00-04:00,767.69,767.934,767.474,767.49,166361.994709,2303,767.6955803296523
2026-09-25 10:11:00-04:00,767.4888,767.75,767.23,767.6676,93003.026827,1682,767.4650791658312
2026-09-25 10:12:00-04:00,767.67,767.7064,767.379,767.465,64241.778258,1659,767.5299283980164
2026-09-25 10:13:00-04:00,767.47,767.58,767.12,767.1864,75166.293372,1912,767.3549616255027
2026-09-25 10:14:00-04:00,767.1694,767.3315,766.8,766.9088,64632.534854,1678,767.0059925693431
2026-09-25 10:15:00-04:00,766.93,767.22,766.29,767.0364,191314.834602,3332,766.7354246677107
2026-09-25 10:16:00-04:00,767.0,767.2352,766.56,766.62,85818.383754,1660,766.9277560931009
2026-09-25 10:17:00-04:00,766.6264,766.7376,766.4217,766.67,102072.53852,2251,766.5794351934761
2026-09-25 10:18:00-04:00,766.6776,766.9864,766.47,766.59,107479.009739,2212,766.7150070877562
2026-09-25 10:19:00-04:00,766.59,767.1082,766.33,767.0499,99412.573698,1924,766.7275912460166
2026-09-25 10:20:00-04:00,767.0664,767.4,766.8907,767.37,83976.031644,1694,767.115581624058
2026-09-25 10:21:00-04:00,767.345,767.4964,767.03,767.186,65805.744936,1686,767.3599981687244
2026-09-25 10:22:00-04:00,767.2,767.5276,766.915,767.4,51143.504471,1654,767.329567715239
2026-09-25 10:23:00-04:00,767.4276,767.66,767.28,767.4576,39558.941421,1388,767.4595353130129
2026-09-25 10:24:00-04:00,767.45,767.66,767.25,767.465,45058.479422,1474,767.3815177712966
2026-09-25 10:25:00-04:00,767.49,767.88,766.9387,767.865,53625.052186,1481,767.5680511970897
2026-09-25 10:26:00-04:00,767.87,767.97,767.0258,767.7388,75011.734348,1764,767.8207071819164
2026-09-25 10:27:00-04:00,767.7388,767.8,767.48,767.51,65552.06366,1676,767.6258586056289
2026-09-25 10:28:00-04:00,767.5176,767.6794,767.198,767.5664,77893.83908,1726,767.4463021293899
2026-09-25 10:29:00-04:00,767.54,767.81,767.3,767.382,54264.426893,1444,767.5420417465723
2026-09-25 10:30:00-04:00,767.39,767.5,767.21,767.42,31862.184563,1288,767.3369111784327
2026-09-25 10:31:00-04:00,767.4,767.58,767.24,767.58,35961.041441,1294,767.4053041865504
2026-09-25 10:32:00-04:00,767.575,767.7752,767.475,767.7376,41418.921221,1374,767.6297863058976
2026-09-25 10:33:00-04:00,767.728,767.82,767.58,767.6376,47806.527619,1591,767.7045681776646
2026-09-25 10:34:00-04:00,767.632,767.9876,767.6012,767.786,62429.199243,1374,767.7877496722544
2026-09-25 10:35:00-04:00,767.7876,768.0664,767.658,767.9664,46073.905698,1313,767.8263628144042
2026-09-25 10:36:00-04:00,767.94,768.0676,767.6271,767.8964,62855.478675,1487,767.8932572869904
2026-09-25 10:37:00-04:00,767.875,768.24,767.85,768.1976,61201.792691,1479,768.0909494156557
2026-09-25 10:38:00-04:00,768.1876,768.5352,768.075,768.136,93218.322085,1696,768.2991716976601
2026-09-25 10:39:00-04:00,768.1395,768.3,768.13,768.2476,46620.945549,1304,768.2379407663884
2026-09-25 10:40:00-04:00,768.24,768.3264,767.99,768.035,74841.813168,1790,768.1291711290704
2026-09-25 10:41:00-04:00,768.04,768.1976,767.66,767.6776,85786.977058,1791,767.9101373846092
2026-09-25 10:42:00-04:00,767.67,767.914,767.541,767.8276,47506.099818,1352,767.7271750291194
2026-09-25 10:43:00-04:00,767.8364,767.9076,767.52,767.58,49281.168,1459,767.6689185043381
2026-09-25 10:44:00-04:00,767.585,767.9706,767.4725,767.944,57501.049479,1406,767.6734808205802
2026-09-25 10:45:00-04:00,767.92,768.02,767.59,767.9701,53240.061843,1468,767.7929687324619
2026-09-25 10:46:00-04:00,767.972,768.28,767.6401,768.0076,114509.055661,2484,768.009691891571
2026-09-25 10:47:00-04:00,767.99,768.21,767.846,768.065,46238.3369,1287,768.0199223345868
2026-09-25 10:48:00-04:00,768.055,768.1264,767.61,767.6576,50287.295833000004,1331,767.7878661919225
2026-09-25 10:49:00-04:00,767.64,768.43,767.63,768.312,41091.767598,1117,768.1168510557394
2026-09-25 10:50:00-04:00,768.3164,768.33,768.045,768.14,63837.302436,1264,768.1602365856645
2026-09-25 10:51:00-04:00,768.15,768.23,767.668,767.6776,45598.815175,1344,768.0251539532286
2026-09-25 10:52:00-04:00,767.69,767.9537,767.52,767.67,69045.984465,1511,767.6256041470645
2026-09-25 10:53:00-04:00,767.6776,768.0472,767.6359,767.875,39375.455384,1165,767.8287462497104
2026-09-25 10:54:00-04:00,767.89,768.27,767.86,768.205,38315.352152,1038,768.0823965865486
2026-09-25 10:55:00-04:00,768.21,768.54,767.9465,768.515,48713.722652,1040,768.2931500881634
2026-09-25 10:56:00-04:00,768.5,768.79,768.2196,768.47,51549.272484,1435,768.6322175475942
2026-09-25 10:57:00-04:00,768.47,768.7276,768.0496,768.518,44734.225234,1241,768.5808320532046
2026-09-25 10:58:00-04:00,768.51,768.6576,768.2133,768.6488,69873.047773,1774,768.3850031349496
2026-09-25 10:59:00-04:00,768.6401,768.8664,768.3924,768.7754,55083.725384,1473,768.7415299828414
2026-09-25 11:00:00-04:00,768.77,768.952,768.635,768.865,82618.102651,1850,768.8323674313062
2026-09-25 11:01:00-04:00,768.87,769.19,768.7272,769.105,142309.523766,3175,769.03420597251
2026-09-25 11:02:00-04:00,769.11,769.43,769.0505,769.2188,54878.433122,1659,769.2993168610989
2026-09-25 11:03:00-04:00,769.22,769.45,769.2101,769.28,93110.875682,2150,769.3380860528865
2026-09-25 11:04:00-04:00,769.2788,769.61,768.8759,769.38,64061.671741,1906,769.446511733936
2026-09-25 11:05:00-04:00,769.37,769.71,769.3676,769.6,57800.119513,1730,769.5828455226259
2026-09-25 11:06:00-04:00,769.6076,769.8,769.58,769.7076,44304.845663,1503,769.687717050925
2026-09-25 11:07:00-04:00,769.695,769.81,769.47,769.4976,56398.213106,1436,769.5797142798208
2026-09-25 11:08:00-04:00,769.494,769.53,769.27,769.378,62738.502784,1691,769.3853937933133
2026-09-25 11:09:00-04:00,769.3876,769.42,769.068,769.0988,50157.210673,1473,769.1893253565659
2026-09-25 11:10:00-04:00,769.0988,769.171,768.6576,768.7776,69402.312647,1831,768.8969482357949
2026-09-25 11:11:00-04:00,768.7776,768.83,768.32,768.4681,63023.972277,1842,768.5775723388416
2026-09-25 11:12:00-04:00,768.465,769.2284,768.35,768.5882,42036.934558,1436,768.5013688296341
2026-09-25 11:13:00-04:00,768.585,768.8901,768.558,768.7801,46867.329688,1323,768.6833041288687
2026-09-25 11:14:00-04:00,768.7764,768.98,768.69,768.94,44145.383155,1331,768.8292248804988
2026-09-25 11:15:00-04:00,768.94,768.96,768.74,768.82,32336.839124000002,1333,768.8497543896345
2026-09-25 11:16:00-04:00,768.81,769.12,768.798,769.1164,29603.329005,1298,768.9141293803413
2026-09-25 11:17:00-04:00,769.1252,769.1799,768.8103,768.9776,27224.873639999998,1183,769.0475092856518
2026-09-25 11:18:00-04:00,768.976,769.0488,768.87,768.8788,16277.955792,1041,768.9617356459894
2026-09-25 11:19:00-04:00,768.8988,768.8988,768.43,768.52,51920.004426,1622,768.6160508842987
2026-09-25 11:20:00-04:00,768.5188,768.94,768.41,768.92,30601.939686,1362,768.6102694891497
2026-09-25 11:21:00-04:00,768.8988,769.32,768.71,769.03,76216.88191,1849,769.0211190511637
2026-09-25 11:22:00-04:00,769.03,769.17,768.97,769.125,27857.553905,991,769.0645790867808
2026-09-25 11:23:00-04:00,769.12,769.25,768.8497,768.99,82920.642245,1016,769.0712722454838
2026-09-25 11:24:00-04:00,769.0,769.0663,768.6,768.629,33484.864349,1283,768.7989172619931
2026-09-25 11:25:00-04:00,768.6188,768.8151,768.54,768.635,24005.147535,1092,768.6478123890016
2026-09-25 11:26:00-04:00,768.64,768.99,768.53,768.99,50817.928533,1340,768.7465508314805
2026-09-25 11:27:00-04:00,768.965,769.054,768.79,768.855,51960.69888,1526,768.9460611793014
2026-09-25 11:28:00-04:00,768.855,768.9264,768.715,768.812,28257.578022,1166,768.8049116093076
2026-09-25 11:29:00-04:00,768.82,768.99,768.71,768.7464,17613.725043,942,768.822470113595
2026-09-25 11:30:00-04:00,768.75,769.5,768.73,769.2676,233296.423765,4051,769.2027748759888
2026-09-25 11:31:00-04:00,769.255,769.59,769.1085,769.5224,40879.182115,1429,769.3304392461164
2026-09-25 11:32:00-04:00,769.575,769.79,769.3918,769.62,71291.108419,1582,769.6459290834476
2026-09-25 11:33:00-04:00,769.608,769.7,769.44,769.5864,47348.232936,1371,769.5536113055208
2026-09-25 11:34:00-04:00,769.57,769.6864,769.0,769.0876,147214.067368,2650,769.3224310767393
2026-09-25 11:35:00-04:00,769.08,769.4209,768.668,768.8852,51481.511422,1435,768.9457041629926
2026-09-25 11:36:00-04:00,768.8852,768.9421,768.54,768.6,36284.889973,1172,768.7061201912536
2026-09-25 11:37:00-04:00,768.605,769.2085,768.428,768.6676,43736.335903,1352,768.5577256999412
2026-09-25 11:38:00-04:00,768.6864,768.6864,768.188,768.2476,55866.362163,1455,768.3061334171218
2026-09-25 11:39:00-04:00,768.2476,768.3076,768.126,768.2,41748.300228,1391,768.1938378186813
2026-09-25 11:40:00-04:00,768.2,769.099,768.068,768.4376,41853.194921,1284,768.2221469940727
2026-09-25 11:41:00-04:00,768.45,768.5564,768.2619,768.4364,42877.284923,1201,768.436324335696
2026-09-25 11:42:00-04:00,768.43,768.58,768.1601,768.19,36430.686848,1138,768.3341847257701
2026-09-25 11:43:00-04:00,768.18,768.3746,767.99,768.005,78850.571475,1486,768.0565411986881
2026-09-25 11:44:00-04:00,768.004294,768.0503,767.685,767.74,56381.731492,1589,767.8236974888734
2026-09-25 11:45:00-04:00,767.74,767.9389,767.66,767.66,54829.669327,1401,767.7784487450333
2026-09-25 11:46:00-04:00,767.6676,768.165,767.445,768.0076,89498.927955,1801,767.721423303744
2026-09-25 11:47:00-04:00,768.0076,768.15,767.8471,768.0564,34264.694506,1027,768.0690191359594
2026-09-25 11:48:00-04:00,768.03,768.3464,767.9,768.1576,62344.324082,1182,768.0845865691861
2026-09-25 11:49:00-04:00,768.16,768.3,768.07,768.295,26070.7131,943,768.1811599912464
2026-09-25 11:50:00-04:00,768.295,768.39,768.15,768.2264,27860.65179,927,768.2732165949853
2026-09-25 11:51:00-04:00,768.2,768.2188,767.608,767.6388,75589.305266,1541,767.7847452382443
2026-09-25 11:52:00-04:00,767.605,767.9398,767.5,767.718,52945.657488,1379,767.6725196114073
2026-09-25 11:53:00-04:00,767.73,767.9206,767.72,767.826,40439.172408,997,767.7839272818276
2026-09-25 11:54:00-04:00,767.83,768.6264,767.78,768.4,140411.553867,2696,768.189086679872
2026-09-25 11:55:00-04:00,768.39,768.74,767.9649,768.6676,63325.118663,1564,768.603547919549
2026-09-25 11:56:00-04:00,768.66,768.9288,768.057,768.91,75718.570915,1639,768.7048914908652
2026-09-25 11:57:00-04:00,768.9081,769.0988,768.3074,769.08,52291.358419000004,1451,769.0055282105968
2026-09-25 11:58:00-04:00,769.0688,769.7076,768.2726,769.515,91662.138458,2120,769.4062272778076
2026-09-25 11:59:00-04:00,769.52,769.97,769.3292,769.952,106422.349947,2057,769.7447077858706
2026-09-25 12:00:00-04:00,769.94,770.5399,769.7483,770.4881,176918.320419,3014,770.1441496785453
2026-09-25 12:01:00-04:00,770.49,770.77,770.45,770.4888,183558.67903200001,3311,770.5749840378647
2026-09-25 12:02:00-04:00,770.4888,771.1,770.47,771.05,164726.241897,2674,770.9006023719927
2026-09-25 12:03:00-04:00,771.04,771.44,770.9164,771.41,139182.483784,2582,771.2194157962199
2026-09-25 12:04:00-04:00,771.39,771.43,770.935,771.2876,174422.325138,2805,771.1522396528916
2026-09-25 12:05:00-04:00,771.28,771.68,770.3294,771.59,180003.49917,3112,771.3968542105573
2026-09-25 12:06:00-04:00,771.58,771.71,771.25,771.655,163207.759376,2681,771.4988871461746
2026-09-25 12:07:00-04:00,771.67,771.76,771.3383,771.4476,114553.694699,2049,771.6119330004879
2026-09-25 12:08:00-04:00,771.4376,771.64,770.8644,771.365,102161.400196,2155,771.4249442258765
2026-09-25 12:09:00-04:00,771.37,771.5964,771.14,771.5088,73743.948747,1724,771.3556571655616
2026-09-25 12:10:00-04:00,771.5,771.98,771.3907,771.7264,126394.726725,2380,771.7549591133411
2026-09-25 12:11:00-04:00,771.6672,771.82,771.2726,771.7964,111386.430583,1656,771.6370140487317
2026-09-25 12:12:00-04:00,771.7964,771.9764,771.4046,771.65,77218.045887,1658,771.7827531970754
2026-09-25 12:13:00-04:00,771.65,771.7298,771.53,771.595,44071.899774,1332,771.6137002422383
2026-09-25 12:14:00-04:00,771.5976,771.7179,771.25,771.52,112610.650622,1609,771.4536700961512
2026-09-25 12:15:00-04:00,771.53,771.606,771.348,771.515,130742.275561,1621,771.4795089140988
2026-09-25 12:16:00-04:00,771.51,771.74,771.3372,771.71,85577.193675,1291,771.5986618364692
2026-09-25 12:17:00-04:00,771.71,771.834,771.16,771.19,62194.56129,1293,771.5421688990624
2026-09-25 12:18:00-04:00,771.2,771.5576,770.775,770.855,69729.086499,1394,770.9942018237969
2026-09-25 12:19:00-04:00,770.86,771.5298,770.72,770.9779,48823.759128,992,770.8861584586288
2026-09-25 12:20:00-04:00,770.99,771.08,770.56,770.58,93885.468453,1629,770.8241605460366
2026-09-25 12:21:00-04:00,770.57,771.3439,770.3,770.624,63822.150447,1237,770.4599123319418
2026-09-25 12:22:00-04:00,770.615,771.2563,770.24,770.46,60156.141705,1145,770.4397036029513
2026-09-25 12:23:00-04:00,770.445,771.0301,769.99,770.37,124199.496032,1684,770.3224956683168
2026-09-25 12:24:00-04:00,770.35,770.51,770.27,770.396,50026.735549,929,770.3803560327415
2026-09-25 12:25:00-04:00,770.44,770.765,770.33,770.64,61801.992826,1038,770.6236820821623
2026-09-25 12:26:00-04:00,770.645,771.37,770.4406,771.35,100057.278389,1492,771.0101098091585
2026-09-25 12:27:00-04:00,771.345,771.41,771.1876,771.245,48325.987406,813,771.329742552493
2026-09-25 12:28:00-04:00,771.24,771.399,770.7075,771.36,51320.289102,851,771.2658682597088
2026-09-25 12:29:00-04:00,771.37,771.602,770.7546,771.55,60460.652425,1011,771.4823692192846
2026-09-25 12:30:00-04:00,771.555,771.6,771.31,771.49,61354.51157,862,771.513435638222
2026-09-25 12:31:00-04:00,771.5,771.6,771.39,771.535,48399.117933,768,771.4654430754416
2026-09-25 12:32:00-04:00,771.535,771.7,771.48,771.59,45753.178122,869,771.6108684497393
2026-09-25 12:33:00-04:00,771.5999,771.7264,771.0814,771.7264,30178.082644000002,737,771.6260272846263
2026-09-25 12:34:00-04:00,771.72,771.73,770.36,770.664,580119.868893,8650,770.9055744791475
2026-09-25 12:35:00-04:00,770.665,771.1219,770.6576,771.0215,89446.919934,1366,770.9334090135691
2026-09-25 12:36:00-04:00,771.0417,771.05,770.64,770.798,44295.039777,980,770.8062443456685
2026-09-25 12:37:00-04:00,770.83,771.34,770.8063,771.0779,97522.646417,1467,771.2005289545526
2026-09-25 12:38:00-04:00,771.06,771.0864,770.7439,770.96,55215.289472,937,770.9186446547818
2026-09-25 12:39:00-04:00,770.96,771.15,770.9208,770.97,21930.580299,623,771.0582520257141
2026-09-25 12:40:00-04:00,770.975,771.09,770.82,770.854,43106.239115,778,771.0136804584573
2026-09-25 12:41:00-04:00,770.8699,771.0797,770.66,770.844,43066.05777,876,770.8281653643915
2026-09-25 12:42:00-04:00,770.86,771.25,770.82,770.9,66098.078481,1169,771.0700355281425
2026-09-25 12:43:00-04:00,770.9,771.3564,770.89,771.2564,39545.518751,870,771.2093785542875
2026-09-25 12:44:00-04:00,771.252,771.4464,770.9442,771.14,27304.971476,682,771.2892501755713
2026-09-25 12:45:00-04:00,771.1499,771.1566,770.805,770.985,39252.785551,968,770.9661380136785
2026-09-25 12:46:00-04:00,770.975,771.04,770.88,770.912,25824.842893,712,770.9477567617623
2026-09-25 12:47:00-04:00,770.905,771.0008,770.76,770.79,44108.082366,897,770.8192401992933
2026-09-25 12:48:00-04:00,770.77,770.9547,770.41,770.43,48328.00846,1047,770.6528356177756
2026-09-25 12:49:00-04:00,770.435,770.68,770.27,770.648,36103.001284,894,770.4221727352918
2026-09-25 12:50:00-04:00,770.674,770.78,770.4394,770.65,20673.796981,640,770.6669165105272
2026-09-25 12:51:00-04:00,770.67,770.8887,770.535,770.72,30664.100354,710,770.6395185410187
2026-09-25 12:52:00-04:00,770.725,770.83,770.6,770.7911,33580.710847,757,770.7031081675779
2026-09-25 12:53:00-04:00,770.79,770.8876,770.6338,770.71,42516.340538,765,770.752112120954
2026-09-25 12:54:00-04:00,770.71,770.87,770.6468,770.8376,26380.05338,530,770.7769710207456
2026-09-25 12:55:00-04:00,770.8432,771.0,770.7628,770.85,44300.058913,802,770.8565666370085
2026-09-25 12:56:00-04:00,770.855,770.9852,770.758,770.8262,17523.58755,577,770.8684501890914
2026-09-25 12:57:00-04:00,770.8151,770.816,770.5548,770.585,40701.555923,796,770.6112242599705
2026-09-25 12:58:00-04:00,770.58,770.6662,770.46,770.498,15651.390619,517,770.5693317002754
2026-09-25 12:59:00-04:00,770.49,770.65,770.14,770.438,129025.788952,2267,770.436739270162
2026-09-25 13:00:00-04:00,770.44,770.6286,770.31,770.4419,62544.239592,1120,770.4290575625042
2026-09-25 13:01:00-04:00,770.445,771.0,770.445,770.93,91129.573428,1540,770.6955431080439
2026-09-25 13:02:00-04:00,770.93,771.1695,770.531,771.046,30087.434581,785,771.0211104985636
2026-09-25 13:03:00-04:00,771.035,771.142,770.6353,771.0421,23265.366062,618,771.042122254598
2026-09-25 13:04:00-04:00,771.01,771.1,770.92,771.03,34466.647746,766,770.988606089106
2026-09-25 13:05:00-04:00,771.03,771.18,770.6633,771.0455,17489.901032,489,771.0821159661745
2026-09-25 13:06:00-04:00,771.04,771.16,770.95,770.975,13918.847849,456,771.0324369255025
2026-09-25 13:07:00-04:00,770.98,770.9961,770.71,770.838,29818.93563,720,770.8401908018153
2026-09-25 13:08:00-04:00,770.85,770.8899,770.535,770.7488,34891.413811,877,770.6757742823996
2026-09-25 13:09:00-04:00,770.765,771.11,770.6906,771.048,23800.481407,555,770.9638681851328
2026-09-25 13:10:00-04:00,771.04,771.1101,770.9645,771.015,38880.766864,668,771.0347316470032
2026-09-25 13:11:00-04:00,771.015,771.036,770.7601,770.81,19594.221019,587,770.8988655150569
2026-09-25 13:12:00-04:00,770.81,770.9712,770.675,770.92,66177.415521,978,770.8140518679808
2026-09-25 13:13:00-04:00,770.92,771.19,770.89,771.058,55111.897031,845,771.0404819710106
2026-09-25 13:14:00-04:00,771.06,771.28,770.9233,771.26,42345.917781,678,771.0877673290756
2026-09-25 13:15:00-04:00,771.27,771.3,770.9544,771.175,50962.508627,809,771.2055206530797
2026-09-25 13:16:00-04:00,771.18,771.182,771.028,771.028,38969.284642,598,771.1041795759795
2026-09-25 13:17:00-04:00,771.035,771.24,770.942,770.95,39500.094549,658,771.1074636084484
2026-09-25 13:18:00-04:00,770.95,771.1084,770.81,770.91,42171.954279,579,770.8916446654529
2026-09-25 13:19:00-04:00,770.92,771.016,770.83,770.9,25299.570066,524,770.9080362375283
2026-09-25 13:20:00-04:00,770.9018,770.992,770.81,770.94,24273.028318,596,770.8901029220248
2026-09-25 13:21:00-04:00,770.9324,770.9976,770.84,770.915,12700.366861,369,770.9056872961905
2026-09-25 13:22:00-04:00,770.9101,771.11,770.88,770.99,15891.076864,360,770.9968412504743
2026-09-25 13:23:00-04:00,770.995,771.162,770.9795,771.154,11524.323227,320,771.0721601839075
2026-09-25 13:24:00-04:00,771.14,771.23,771.08,771.2,32975.332566,527,771.2002624754447
2026-09-25 13:25:00-04:00,771.212,771.26,771.0382,771.17,20671.447906,487,771.2044730177535
2026-09-25 13:26:00-04:00,771.185,771.22,771.0296,771.16,12843.792511,382,771.16633885507
2026-09-25 13:27:00-04:00,771.155,771.2,771.11,771.16,21416.548728,429,771.1474606988081
2026-09-25 13:28:00-04:00,771.16,771.29,771.15,771.21,24903.67157,531,771.2496711839804
2026-09-25 13:29:00-04:00,771.21,771.29,771.18,771.26,11780.822392,339,771.2275798327512
2026-09-25 13:30:00-04:00,771.27,771.38,771.1634,771.3155,28994.987143,705,771.3062121863504
2026-09-25 13:31:00-04:00,771.3,771.309,770.92,770.9499,34181.251612,883,771.0585447921186
2026-09-25 13:32:00-04:00,770.9474,771.1632,770.9473,771.0713,24850.920425,555,771.0170625692159
2026-09-25 13:33:00-04:00,771.08,771.14,770.83,770.84,33845.514183,779,771.0457821661523
2026-09-25 13:34:00-04:00,770.84,770.86,770.58,770.76,33052.511695,695,770.6844025031169
2026-09-25 13:35:00-04:00,770.7774,770.7955,770.66,770.72,21823.762938,582,770.7291843718657
2026-09-25 13:36:00-04:00,770.7225,770.8301,770.55,770.58,22996.095476,600,770.7006555840094
2026-09-25 13:37:00-04:00,770.58,770.69,770.5059,770.655,20000.834889,538,770.5941155030865
2026-09-25 13:38:00-04:00,770.655,770.9615,770.6144,770.7,15823.479936,402,770.7171257505119
2026-09-25 13:39:00-04:00,770.7,771.16,770.69,770.89,59445.7772,1129,770.9270334365978
2026-09-25 13:40:00-04:00,770.9,771.2,770.88,770.976,24653.873662,653,771.0180191568894
2026-09-25 13:41:00-04:00,770.97,771.21,770.8652,771.12,15825.540256,499,771.0951109884357
2026-09-25 13:42:00-04:00,771.13,771.21,770.8634,771.17,26663.710127,573,771.1825856084731
2026-09-25 13:43:00-04:00,771.17,771.2,770.8769,771.08,15859.084398,520,771.1265113784349
2026-09-25 13:44:00-04:00,771.08,771.18,770.8605,770.945,17528.724942,558,771.0718852709115
2026-09-25 13:45:00-04:00,770.94,770.98,770.86,770.87,13150.093488,435,770.9047382431808
2026-09-25 13:46:00-04:00,770.8789,770.9499,770.85,770.89,11002.942975,410,770.8967654963434
2026-09-25 13:47:00-04:00,770.9,770.955,770.83,770.83,14487.158667,460,770.8703474796182
2026-09-25 13:48:00-04:00,770.83,770.962,770.81,770.92,37351.223253,680,770.8942377561187
2026-09-25 13:49:00-04:00,770.91,771.18,770.91,771.12,18343.326635,471,771.0635983213584
2026-09-25 13:50:00-04:00,771.1255,771.1402,770.9278,771.075,8467.864223,369,771.0857326986526
2026-09-25 13:51:00-04:00,771.08,771.09,770.96,771.02,23769.210365,350,771.0093723282176
2026-09-25 13:52:00-04:00,771.01,771.02,770.76,770.76,9669.206485,343,770.8706229156005
2026-09-25 13:53:00-04:00,770.75,770.9434,770.72,770.85,21540.106248,423,770.7886426441522
2026-09-25 13:54:00-04:00,770.84,770.9016,770.598,770.7801,21385.368171000002,563,770.6989169827481
2026-09-25 13:55:00-04:00,770.7802,770.85,770.71,770.835,17103.686663,5643,770.7751036428338
2026-09-25 13:56:00-04:00,770.835,770.94,770.768,770.906,12049.728636,456,770.8664308041306
2026-09-25 13:57:00-04:00,770.91,770.9401,770.8681,770.93,10818.890571,347,770.9127114877817
2026-09-25 13:58:00-04:00,770.93,771.1,770.93,771.025,20139.085394,533,771.0432937064878
2026-09-25 13:59:00-04:00,771.0299,771.162,770.9104,771.145,22560.144446,474,771.115426714492
2026-09-25 14:00:00-04:00,771.15,771.26,771.07,771.0899,36364.074035,661,771.1591571486451
2026-09-25 14:01:00-04:00,771.09,771.21,770.9688,771.185,31932.928449,623,771.1189749193859
2026-09-25 14:02:00-04:00,771.185,771.2,771.08,771.12,26875.704354,543,771.1557087289576
2026-09-25 14:03:00-04:00,771.13,771.1755,771.0272,771.11,24550.745681,491,771.1275833777592
2026-09-25 14:04:00-04:00,771.11,771.14,771.02,771.07,28019.577492,658,771.0806711668839
2026-09-25 14:05:00-04:00,771.07,771.13,770.966,770.99,46096.074862,845,771.0445107196512
2026-09-25 14:06:00-04:00,771.0445,771.0711,770.92,770.975,71468.946995,903,770.9857322534932
2026-09-25 14:07:00-04:00,770.97,771.0707,770.828,770.894,30649.967143,629,770.9015161820641
2026-09-25 14:08:00-04:00,770.9,771.1,770.895,771.07,13881.346911,423,771.0021101092207
2026-09-25 14:09:00-04:00,771.05,771.12,771.0157,771.08,16736.812892,408,771.0735630809786
2026-09-25 14:10:00-04:00,771.08,771.142,771.0541,771.085,10183.369812,405,771.1017096641228
2026-09-25 14:11:00-04:00,771.08,771.09,770.99,771.035,35039.374486,591,771.0341667254949
2026-09-25 14:12:00-04:00,771.04,771.212,770.935,771.195,21051.644065,576,771.0666717750571
2026-09-25 14:13:00-04:00,771.188,771.36,771.0275,771.35,15848.831694,530,771.2916879060258
2026-09-25 14:14:00-04:00,771.35,771.46,771.27,771.45,41765.00524,790,771.3636391072556
2026-09-25 14:15:00-04:00,771.4555,771.49,771.1236,771.42,49651.436621,846,771.4333906441042
2026-09-25 14:16:00-04:00,771.43,771.47,771.2017,771.365,47913.24124,870,771.3987787370688
2026-09-25 14:17:00-04:00,771.365,771.4,771.2246,771.3858,27416.652019,665,771.3651600350108
2026-09-25 14:18:00-04:00,771.376,771.51,771.348,771.35,52051.550659,790,771.4117544788335
2026-09-25 14:19:00-04:00,771.35,771.35,771.23,771.314,19174.211083,544,771.2682803567784
2026-09-25 14:20:00-04:00,771.32,771.36,771.24,771.3,18421.90807,549,771.2997323236681
2026-09-25 14:21:00-04:00,771.33,771.342,771.16,771.16,23885.403686999998,609,771.2533646055892
2026-09-25 14:22:00-04:00,771.168,771.25,771.1,771.13,24039.424533,536,771.1919356013369
2026-09-25 14:23:00-04:00,771.125,771.3514,771.12,771.23,17324.977344,525,771.167822474204
2026-09-25 14:24:00-04:00,771.24,771.36,771.22,771.31,35310.45524,768,771.2891463305599
2026-09-25 14:25:00-04:00,771.31,771.4,771.28,771.308,32797.468792,513,771.3464585158152
2026-09-25 14:26:00-04:00,771.31,771.33,770.71,770.84,200020.859072,2649,770.9625945070346
2026-09-25 14:27:00-04:00,770.845,770.9921,770.455,770.57,70967.376492,1246,770.7398208426442
2026-09-25 14:28:00-04:00,770.59,771.0781,770.42,770.635,82282.15857,1466,770.589001479342
2026-09-25 14:29:00-04:00,770.6399,770.96,770.5,770.9099,54548.631052,1334,770.7253028786087
2026-09-25 14:30:00-04:00,770.9,771.19,770.89,771.15,37872.475142,837,771.0780628775236
2026-09-25 14:31:00-04:00,771.15,771.35,771.14,771.22,97508.798396,1090,771.296414492217
2026-09-25 14:32:00-04:00,771.2165,771.33,771.18,771.1995,51202.179502,936,771.2473057567273
2026-09-25 14:33:00-04:00,771.19,771.346,771.175,771.3299,47047.842934,867,771.2647879770165
2026-09-25 14:34:00-04:00,771.332,771.344,771.0091,771.186,65678.425553,919,771.2585682818993
2026-09-25 14:35:00-04:00,771.18,771.2437,771.015,771.16,123924.764634,1278,771.1231805210472
2026-09-25 14:36:00-04:00,771.16,771.22,771.11,771.125,38592.178132,684,771.1882598924134
2026-09-25 14:37:00-04:00,771.12,771.1673,770.688,770.755,40620.627226,959,770.8579941290008
2026-09-25 14:38:00-04:00,770.77,771.0867,770.5,770.7,45902.147706,814,770.6519677296075
2026-09-25 14:39:00-04:00,770.69,770.73,770.57,770.62,59683.008715,791,770.6552866485143
2026-09-25 14:40:00-04:00,770.64,771.0597,770.49,770.602,37218.174229,740,770.5700413330298
2026-09-25 14:41:00-04:00,770.61,770.8,770.56,770.77,67168.838865,846,770.7339514061773
2026-09-25 14:42:00-04:00,770.78,771.01,770.678,770.97,40266.52062,781,770.9061527276145
2026-09-25 14:43:00-04:00,770.97,771.012,770.7327,770.9,28493.187446,552,770.9143899322581
2026-09-25 14:44:00-04:00,770.895,771.03,770.85,771.03,25694.739284,648,770.9419168822229
2026-09-25 14:45:00-04:00,771.025,771.1,770.8805,770.995,132128.328307,1340,771.0307957701068
2026-09-25 14:46:00-04:00,770.995,771.061,770.9,770.91,25333.656867,472,771.0020209608301
2026-09-25 14:47:00-04:00,770.9098,770.9911,770.69,770.74,23828.78966,731,770.7752075264448
2026-09-25 14:48:00-04:00,770.74,770.87,770.7,770.8316,27489.1737,570,770.8119125987402
2026-09-25 14:49:00-04:00,770.845,770.91,770.815,770.85,19052.022171,513,770.8580837910748
2026-09-25 14:50:00-04:00,770.845,770.9061,770.79,770.812,24186.829896,646,770.8266062456145
2026-09-25 14:51:00-04:00,770.815,770.89,770.718,770.81,22323.362773,506,770.783929611448
2026-09-25 14:52:00-04:00,770.81,770.89,770.76,770.875,18349.786169,521,770.8109470932292
2026-09-25 14:53:00-04:00,770.86,770.9256,770.798,770.82,24355.004829,597,770.8538942950266
2026-09-25 14:54:00-04:00,770.81,770.9125,770.62,770.625,29038.046671,838,770.7025685436522
2026-09-25 14:55:00-04:00,770.63,770.77,770.63,770.66,24798.254814,699,770.6869866133638
2026-09-25 14:56:00-04:00,770.66,770.71,770.6,770.6633,32924.024926,651,770.6609208996899
2026-09-25 14:57:00-04:00,770.65,770.7654,770.6,770.685,95619.099508,1227,770.6482938854562
2026-09-25 14:58:00-04:00,770.675,770.79,770.65,770.77,47965.383196,797,770.7109519501018
2026-09-25 14:59:00-04:00,770.77,770.834,770.63,770.67,28888.114099,616,770.7266969169754
2026-09-25 15:00:00-04:00,770.68,770.8834,770.68,770.745,63015.763239,1084,770.8098550691498
2026-09-25 15:01:00-04:00,770.75,771.0,770.64,770.66,85642.886078,1529,770.7873894137715
2026-09-25 15:02:00-04:00,770.67,770.7861,770.5175,770.5701,78752.831264,1177,770.5680510276679
2026-09-25 15:03:00-04:00,770.57,770.6948,770.4101,770.55,38178.989933,700,770.4958663551873
2026-09-25 15:04:00-04:00,770.55,770.6829,770.538,770.59,34187.269067,833,770.5846266252847
2026-09-25 15:05:00-04:00,770.595,770.702,770.5458,770.65,27954.26909,663,770.6232684568738
2026-09-25 15:06:00-04:00,770.66,770.702,770.54,770.59,25142.306687,606,770.6200361874279
2026-09-25 15:07:00-04:00,770.59,770.88,770.5748,770.795,40647.905128,809,770.7656622861425
2026-09-25 15:08:00-04:00,770.81,770.84,770.6852,770.7672,14647.952001,502,770.7632083441335
2026-09-25 15:09:00-04:00,770.77,770.79,770.66,770.695,12633.122355,441,770.7260092832657
2026-09-25 15:10:00-04:00,770.6982,770.77,770.6634,770.745,22318.679474,553,770.7181808218877
2026-09-25 15:11:00-04:00,770.75,770.77,770.63,770.755,33331.010539,595,770.7189044432619
2026-09-25 15:12:00-04:00,770.7302,770.97,770.73,770.932,35702.614315,735,770.862428349681
2026-09-25 15:13:00-04:00,770.9366,770.99,770.711,770.99,30729.889394,665,770.9266214635762
2026-09-25 15:14:00-04:00,770.9266,771.11,770.7365,771.09,48418.24114,702,771.0336217390934
2026-09-25 15:15:00-04:00,771.082,771.17,771.0,771.06,58587.749575,904,771.079124080892
2026-09-25 15:16:00-04:00,771.04,771.09,770.96,770.985,17744.685773,657,771.0183846440821
2026-09-25 15:17:00-04:00,770.99,771.03,770.88,770.905,24061.593967,775,770.9529025631634
2026-09-25 15:18:00-04:00,770.9299,771.01,770.908,770.99,40162.344923,647,770.9451386280226
2026-09-25 15:19:00-04:00,770.99,770.99,770.78,770.795,60097.575142,842,770.8474391663219
2026-09-25 15:20:00-04:00,770.8,770.9407,770.67,770.67,52720.329372,761,770.7972374387132
2026-09-25 15:21:00-04:00,770.675,770.81,770.668,770.72,69748.179202,779,770.7099578628784
2026-09-25 15:22:00-04:00,770.73,770.8744,770.54,770.5499,53963.421371,799,770.6611846865029
2026-09-25 15:23:00-04:00,770.55,770.8563,770.48,770.555,50433.853322,751,770.5314427536089
2026-09-25 15:24:00-04:00,770.56,770.69,770.5312,770.5534,19675.171819,554,770.6022974156735
2026-09-25 15:25:00-04:00,770.55,770.7788,770.37,770.44,71461.060714,1051,770.4483500101574
2026-09-25 15:26:00-04:00,770.445,770.47,770.2,770.318,44857.639313,905,770.3333051215807
2026-09-25 15:27:00-04:00,770.315,770.6539,770.28,770.36,51129.786702,825,770.3878410141986
2026-09-25 15:28:00-04:00,770.36,770.48,770.27,770.29,36694.854323,808,770.3555389487065
2026-09-25 15:29:00-04:00,770.3,770.5654,770.18,770.3295,45087.336183,957,770.2585777978765
2026-09-25 15:30:00-04:00,770.322,770.425,770.22,770.31,47778.627266,948,770.2905346069963
2026-09-25 15:31:00-04:00,770.31,770.48,770.22,770.47,76559.229229,1164,770.3567006445448
2026-09-25 15:32:00-04:00,770.47,770.47,770.36,770.44,29433.587815,731,770.4024687636644
2026-09-25 15:33:00-04:00,770.43,770.5,770.3825,770.43,50340.199469,823,770.4597306854062
2026-09-25 15:34:00-04:00,770.43,770.44,770.228,770.228,45037.609705,1152,770.3387201588229
2026-09-25 15:35:00-04:00,770.23,770.3954,770.2,770.33,44142.260884,998,770.2939472792365
2026-09-25 15:36:00-04:00,770.32,770.37,770.2,770.3201,45947.034112,951,770.3080543172103
2026-09-25 15:37:00-04:00,770.32,770.76,770.3079,770.73,120655.734608,1842,770.4969960731382
2026-09-25 15:38:00-04:00,770.74,770.94,770.4038,770.825,72223.805234,1230,770.8546535247959
2026-09-25 15:39:00-04:00,770.82,770.96,770.4629,770.935,81263.015796,985,770.9179411287574
2026-09-25 15:40:00-04:00,770.94,770.95,770.5417,770.8162,94207.711085,1331,770.858852955487
2026-09-25 15:41:00-04:00,770.81,771.01,770.5879,770.945,44412.247458,998,770.915496317951
2026-09-25 15:42:00-04:00,770.94,771.1,770.6353,771.05,76509.02687,1216,771.0092208480555
2026-09-25 15:43:00-04:00,771.06,771.265,771.05,771.24,60858.628001,1162,771.1635790948187
2026-09-25 15:44:00-04:00,771.25,771.33,771.13,771.18,66294.209889,1239,771.2320663891003
2026-09-25 15:45:00-04:00,771.19,771.83,771.1215,771.64,353315.045401,4016,771.6343039277778
2026-09-25 15:46:00-04:00,771.65,771.97,771.6,771.93,268644.888819,3172,771.780077716692
2026-09-25 15:47:00-04:00,771.93,771.955,771.4346,771.8,176569.979557,2547,771.8591222717777
2026-09-25 15:48:00-04:00,771.81,771.86,771.4736,771.7423,114807.067811,2055,771.7851203757283
2026-09-25 15:49:00-04:00,771.74,771.8,771.66,771.71,151207.069398,2599,771.7251421234121
2026-09-25 15:50:00-04:00,771.71,772.22,771.71,772.175,347468.28485,5078,772.0695534799738
2026-09-25 15:51:00-04:00,772.18,772.29,771.94,772.04,228752.117421,3147,772.1248017662208
2026-09-25 15:52:00-04:00,772.0445,772.08,771.834,771.845,174335.519286,2078,771.9775566935258
2026-09-25 15:53:00-04:00,771.8477,772.0361,771.78,771.9958,159068.327937,2112,771.9156976241852
2026-09-25 15:54:00-04:00,772.0,772.05,771.78,771.82,211436.679636,2620,771.9147616915849
2026-09-25 15:55:00-04:00,771.82,771.91,771.57,771.575,258038.406131,3525,771.7441111615761
2026-09-25 15:56:00-04:00,771.58,771.907,771.3801,771.47,231690.026411,3364,771.4749589923573
2026-09-25 15:57:00-04:00,771.48,771.7317,771.458,771.585,197416.531294,3085,771.5446176082254
2026-09-25 15:58:00-04:00,771.58,771.6631,771.42,771.515,286835.905041,4090,771.5597581915923
2026-09-25 15:59:00-04:00,771.52,771.55,771.15,771.3,885358.349072,9409,771.2835130133074
2026-09-28 09:30:00-04:00,768.35,768.48,767.65,767.656,705948.500759,8266,768.1274719114571
2026-09-28 09:31:00-04:00,767.64,768.48,767.49,767.98,353967.388635,4997,767.7940662718697
2026-09-28 09:32:00-04:00,767.98,768.61,767.98,768.286,271648.232355,4594,768.3316953242842
2026-09-28 09:33:00-04:00,768.27,768.334,767.63,767.79,103711.3166,2499,767.8964680058066
2026-09-28 09:34:00-04:00,767.7676,767.97,767.51,767.74,104190.403717,2113,767.7478983462764
2026-09-28 09:35:00-04:00,767.73,768.48,767.12,767.1899,162783.917706,2910,767.4186855914742
2026-09-28 09:36:00-04:00,767.1801,768.48,766.97,767.2881,201072.105686,3123,767.1757498609333
2026-09-28 09:37:00-04:00,767.285,768.48,767.1975,767.365,144207.251715,2331,767.3749907004693
2026-09-28 09:38:00-04:00,767.36,768.48,767.145,767.355,69622.286127,1638,767.3636125431761
2026-09-28 09:39:00-04:00,767.3523,767.62,767.3523,767.47,62485.844385,1304,767.4939913135628
2026-09-28 09:40:00-04:00,767.46,768.48,767.238,767.3932,58147.23548,1463,767.3940067926666
2026-09-28 09:41:00-04:00,767.38,767.6864,767.02,767.07,100623.892642,1899,767.2720572088288
2026-09-28 09:42:00-04:00,767.07,767.6332,767.05,767.495,66292.977316,1188,767.3125941590516
2026-09-28 09:43:00-04:00,767.495,767.78,767.3127,767.75,86156.119287,1610,767.663823097179
2026-09-28 09:44:00-04:00,767.73,767.76,767.33,767.63,98217.487245,1806,767.5857769349614
2026-09-28 09:45:00-04:00,767.615,767.6844,767.34,767.61,91698.86301,2200,767.5433166015156
2026-09-28 09:46:00-04:00,767.61,767.79,767.4797,767.726,110108.899006,2030,767.6427553210841
2026-09-28 09:47:00-04:00,767.734,768.15,767.64,767.91,123307.913395,1962,767.855381760214
2026-09-28 09:48:00-04:00,767.9,768.16,767.7966,768.09,97033.109195,1729,768.0233998683029
2026-09-28 09:49:00-04:00,768.0782,768.35,768.025,768.0407,120181.746453,2086,768.166123506486
2026-09-28 09:50:00-04:00,768.04,768.234,767.77,767.943,87461.4834,1474,768.0565501125733
2026-09-28 09:51:00-04:00,767.93,768.04,767.57,767.7,80145.510495,1581,767.7862254892052
2026-09-28 09:52:00-04:00,767.69,767.99,767.648,767.85,52340.127452,1056,767.8070983381233
2026-09-28 09:53:00-04:00,767.85,768.415,767.83,768.28,87915.532854,1499,768.1880752010607
2026-09-28 09:54:00-04:00,768.29,768.522,768.06,768.25,63743.079552,1228,768.2551667999209
2026-09-28 09:55:00-04:00,768.25,768.39,767.869,767.95,84695.047447,1798,768.1051732782109
2026-09-28 09:56:00-04:00,767.94,768.0982,767.636,767.64,72866.501977,1480,767.7718107937727
2026-09-28 09:57:00-04:00,767.64,768.082,767.63,768.075,89856.052957,1539,767.8019402984052
2026-09-28 09:58:00-04:00,768.0798,768.222,767.96,768.13,60731.514807,1230,768.0972025977524
2026-09-28 09:59:00-04:00,768.144,768.4,768.07,768.367,62014.124401,1591,768.256948974207
2026-09-28 10:00:00-04:00,768.34,768.39,768.0123,768.27,60804.338201,1461,768.211601875997
2026-09-28 10:01:00-04:00,768.265,768.29,768.038,768.2,39135.003978,1089,768.1831124345543
2026-09-28 10:02:00-04:00,768.195,768.42,768.14,768.292,55137.207923,1277,768.2720200944066
2026-09-28 10:03:00-04:00,768.3,768.33,767.98,768.11,34129.937922,1066,768.1515749737138
2026-09-28 10:04:00-04:00,768.09,768.1,767.676,767.712,70822.635023,1451,767.8994115407218
2026-09-28 10:05:00-04:00,767.71,767.78,767.4497,767.56,60841.159493,1449,767.6298063410961
2026-09-28 10:06:00-04:00,767.5567,767.91,767.5,767.892,69522.119273,1557,767.6356512555119
2026-09-28 10:07:00-04:00,767.895,768.01,767.6967,767.855,45322.922978,1148,767.882757004541
2026-09-28 10:08:00-04:00,767.8501,768.03,767.72,767.84,45973.622347,1180,767.8604420211312
2026-09-28 10:09:00-04:00,767.85,768.0,767.7424,767.748,39765.396192,884,767.8816383642943
2026-09-28 10:10:00-04:00,767.74,767.8158,767.55,767.74,47474.973643,1177,767.6953206043985
2026-09-28 10:11:00-04:00,767.75,767.75,767.31,767.3924,82138.344634,1480,767.4426561538327
2026-09-28 10:12:00-04:00,767.42,767.58,767.32,767.4788,72295.999615,1822,767.4552866114901
2026-09-28 10:13:00-04:00,767.44,767.5876,767.35,767.4464,42323.256688,1391,767.4726574442119
2026-09-28 10:14:00-04:00,767.4476,767.4853,766.98,767.2576,87439.681291,1915,767.1514314305217
2026-09-28 10:15:00-04:00,767.2501,767.4988,767.09,767.2976,85669.936338,1984,767.3384127651659
2026-09-28 10:16:00-04:00,767.2988,767.3411,767.03,767.2288,70662.854279,1521,767.1497219236536
2026-09-28 10:17:00-04:00,767.23,767.56,767.2,767.542,105900.382872,1782,767.3548615962723
2026-09-28 10:18:00-04:00,767.56,767.69,767.2732,767.5464,107637.206784,1524,767.5882459384877
2026-09-28 10:19:00-04:00,767.5355,767.6376,767.4,767.49,187674.153498,2672,767.4909351114243
2026-09-28 10:20:00-04:00,767.4799,767.7,767.28,767.57,106241.973236,1593,767.4818805498285
2026-09-28 10:21:00-04:00,767.4818,767.612,767.19,767.34,40441.385375,1278,767.3695383534578
2026-09-28 10:22:00-04:00,767.316,767.92,767.316,767.8788,57940.453204,1612,767.6554496946849
2026-09-28 10:23:00-04:00,767.875,767.89,767.5139,767.66,51926.260248,1410,767.7220521761348
2026-09-28 10:24:00-04:00,767.6588,767.7176,767.5286,767.7176,45281.857601,1425,767.630210122896
2026-09-28 10:25:00-04:00,767.7176,767.802,767.61,767.65,126000.887369,1518,767.6934599283244
2026-09-28 10:26:00-04:00,767.66,767.77,767.43,767.635,59486.222527,1543,767.6088844183477
2026-09-28 10:27:00-04:00,767.6576,767.84,767.63,767.6476,122517.020573,1616,767.6732137337477
2026-09-28 10:28:00-04:00,767.6732,767.7264,767.43,767.6776,52452.05244,1332,767.5659914776833
2026-09-28 10:29:00-04:00,767.68,767.69,767.332,767.46,34992.196687,1244,767.48512996929
2026-09-28 10:30:00-04:00,767.4964,767.4964,767.25,767.34,66638.144585,1516,767.3275273082262
2026-09-28 10:31:00-04:00,767.3482,767.5562,767.08,767.1988,48792.872082,1374,767.1940418458843
2026-09-28 10:32:00-04:00,767.1962,767.31,767.1201,767.27,67971.400083,1512,767.2082969311034
2026-09-28 10:33:00-04:00,767.2964,767.46,767.07,767.1876,73861.581597,1623,767.2902270550013
2026-09-28 10:34:00-04:00,767.19,767.4925,767.1,767.17,45597.116266,1365,767.172718310491
2026-09-28 10:35:00-04:00,767.165,767.4115,767.01,767.0576,59743.56579,1677,767.0831952851693
2026-09-28 10:36:00-04:00,767.06,767.2,767.0101,767.14,152861.463276,2407,767.095429501233
2026-09-28 10:37:00-04:00,767.14,767.24,766.77,766.7888,108774.690977,2203,767.0258680895937
2026-09-28 10:38:00-04:00,766.7888,767.1843,766.35,766.4988,109106.441517,2980,766.6234309951767
2026-09-28 10:39:00-04:00,766.49,767.0671,766.405,766.4377,96862.643925,1997,766.5272512899849
2026-09-28 10:40:00-04:00,766.435,766.5076,766.28,766.3699,116894.834945,2082,766.3709810859314
2026-09-28 10:41:00-04:00,766.37,766.562,766.19,766.42,87644.845019,1829,766.3593730119352
2026-09-28 10:42:00-04:00,766.415,766.44,766.08,766.1767,72613.080379,1593,766.1912730324748
2026-09-28 10:43:00-04:00,766.17,766.2199,765.3,765.5099,184145.468744,3563,765.7808813767347
2026-09-28 10:44:00-04:00,765.5076,765.5584,765.22,765.265,177498.00779,2792,765.3414335361985
2026-09-28 10:45:00-04:00,765.2666,765.34,764.7,764.8,120223.3408,2803,764.9339866719018
2026-09-28 10:46:00-04:00,764.82,764.9276,764.52,764.59,296629.722281,4218,764.6420857418293
2026-09-28 10:47:00-04:00,764.5888,764.5976,763.79,764.09,231502.1779,4046,764.1712656374361
2026-09-28 10:48:00-04:00,764.11,765.3129,763.91,764.08,158996.287071,2918,764.0666316508162
2026-09-28 10:49:00-04:00,764.09,764.35,764.0876,764.2608,91145.177122,2036,764.2485643198969
2026-09-28 10:50:00-04:00,764.26,764.82,764.215,764.7076,164983.063625,2856,764.5180602525725
2026-09-28 10:51:00-04:00,764.5181,764.75,764.2388,764.25,92133.224875,1647,764.5007504523313
2026-09-28 10:52:00-04:00,764.238,764.47,764.1306,764.2901,63908.262286,1686,764.3153779175879
2026-09-28 10:53:00-04:00,764.2976,764.6508,764.17,764.18,70901.561853,1653,764.3237853198381
2026-09-28 10:54:00-04:00,764.2,764.28,763.92,763.954,92807.863646,1752,764.0884578039868
2026-09-28 10:55:00-04:00,763.96,764.3409,763.71,763.755,129322.03383,2400,763.8104987438584
2026-09-28 10:56:00-04:00,763.76,764.3464,763.755,764.2988,131562.916952,2242,764.1212164855511
2026-09-28 10:57:00-04:00,764.28,764.44,764.0499,764.32,149574.907469,2425,764.2111352755139
2026-09-28 10:58:00-04:00,764.305,764.4676,764.058,764.1864,80592.967813,1737,764.260439624361
2026-09-28 10:59:00-04:00,764.185,764.2474,764.02,764.155,70712.921063,1550,764.1073693007961
2026-09-28 11:00:00-04:00,764.155,764.4,764.12,764.2601,119868.89225799999,2060,764.2069455227099
2026-09-28 11:01:00-04:00,764.29,764.53,764.15,764.3264,67624.325856,1653,764.3498446778125
2026-09-28 11:02:00-04:00,764.305,764.45,764.1553,764.3076,59091.826337,1173,764.3435613496174
2026-09-28 11:03:00-04:00,764.3,764.6776,764.1645,764.6681,85873.508948,1861,764.5291783547625
2026-09-28 11:04:00-04:00,764.66,764.7376,764.4135,764.5976,47473.173956,1473,764.6254279642361
2026-09-28 11:05:00-04:00,764.597,764.8,764.2083,764.6,72658.122915,1910,764.6394925127237
2026-09-28 11:06:00-04:00,764.6064,764.8976,764.3339,764.8465,77542.784941,1869,764.6271844352099
2026-09-28 11:07:00-04:00,764.87,765.3,764.85,765.28,144221.02854,2600,765.0671134988279
2026-09-28 11:08:00-04:00,765.285,765.45,764.8596,765.24,82587.907758,1999,765.3302737048384
2026-09-28 11:09:00-04:00,765.2464,765.66,765.21,765.6586,90004.280113,1789,765.4913655021745
2026-09-28 11:10:00-04:00,765.66,765.77,764.8161,765.46,112743.332981,2228,765.6503171367814
2026-09-28 11:11:00-04:00,765.4445,765.6688,765.3458,765.4293,49872.620995,1369,765.5132404030555
2026-09-28 11:12:00-04:00,765.43,765.5924,765.3323,765.48,37119.848277,1236,765.4072900330311
2026-09-28 11:13:00-04:00,765.4605,765.57,765.25,765.3464,32258.546248,1153,765.3762720303483
2026-09-28 11:14:00-04:00,765.3464,765.3464,765.04,765.15,69805.898479,1552,765.134044500929
2026-09-28 11:15:00-04:00,765.1476,765.3102,765.1,765.1676,63757.016218,1530,765.1612187282249
2026-09-28 11:16:00-04:00,765.16,765.2923,764.89,764.96,59809.534518,1593,764.9949518505047
2026-09-28 11:17:00-04:00,764.962,765.0766,764.75,764.9488,50789.410804,1492,764.8942297378935
2026-09-28 11:18:00-04:00,764.935,765.04,764.7924,764.92,45737.763947,1450,764.9414515991904
2026-09-28 11:19:00-04:00,764.9276,765.21,764.865,765.11,37062.833203,1348,764.9913940806482
2026-09-28 11:20:00-04:00,765.0876,765.0876,764.82,764.9301,20748.741988,1038,764.9238791084405
2026-09-28 11:21:00-04:00,764.94,764.94,764.61,764.72,37908.370157,1211,764.7380800402597
2026-09-28 11:22:00-04:00,764.7176,764.8718,764.628,764.7276,32912.862524,1216,764.692405320287
2026-09-28 11:23:00-04:00,764.72,764.9881,764.71,764.8488,39509.006841,1315,764.8092472548458
2026-09-28 11:24:00-04:00,764.8477,764.982,764.72,764.8276,37167.936391,1295,764.8095692181358
2026-09-28 11:25:00-04:00,764.83,765.25,764.62,764.9976,135463.267861,2843,764.917184390682
2026-09-28 11:26:00-04:00,764.98,765.09,764.77,765.0807,39964.178716,1231,764.9723621901546
2026-09-28 11:27:00-04:00,765.08,765.1064,764.86,764.982,101613.586888,1934,764.9976688325651
2026-09-28 11:28:00-04:00,764.9788,765.07,764.8836,764.9976,27829.252747,1205,764.9960532192525
2026-09-28 11:29:00-04:00,765.0064,765.1576,764.93,765.08,43098.949116,1271,765.0204927953341
2026-09-28 11:30:00-04:00,765.09,765.1976,764.908,765.06,43327.036591000004,1317,765.0482769142482
2026-09-28 11:31:00-04:00,765.048,765.08,764.72,764.8088,55097.195164,1475,764.8807477899361
2026-09-28 11:32:00-04:00,764.8042,765.12,764.8042,765.064,39567.8023,1316,764.981085879601
2026-09-28 11:33:00-04:00,765.06,765.14,764.77,764.8,46728.9387,1290,764.9657878848063
2026-09-28 11:34:00-04:00,764.8,765.0976,764.76,765.08,37660.962901,1180,764.8738765189653
2026-09-28 11:35:00-04:00,765.0576,765.17,764.9255,765.11,39343.603239000004,1142,765.0523512644852
2026-09-28 11:36:00-04:00,765.1176,765.56,765.09,765.5403,87631.04474,1704,765.3655532297817
2026-09-28 11:37:00-04:00,765.54,765.61,765.2121,765.51,68799.442682,1335,765.5247170325779
2026-09-28 11:38:00-04:00,765.51,765.71,765.196,765.605,109671.825946,1655,765.6282382123404
2026-09-28 11:39:00-04:00,765.61,765.73,765.2464,765.72,101297.442755,1628,765.6049986981309
2026-09-28 11:40:00-04:00,765.712,765.73,765.14,765.165,62959.335747,1622,765.3475138484066
2026-09-28 11:41:00-04:00,765.17,765.4851,764.8274,764.87,67316.110713,1587,764.9584975674454
2026-09-28 11:42:00-04:00,764.8764,765.3922,764.85,764.8862,42134.65625,1255,764.9407359106173
2026-09-28 11:43:00-04:00,764.8988,765.3097,764.66,764.69,44497.861981,1409,764.8006609235922
2026-09-28 11:44:00-04:00,764.69,764.9599,764.67,764.9576,20584.229128,982,764.8221902236363
2026-09-28 11:45:00-04:00,764.95,764.9588,764.72,764.92,25464.34407,1049,764.8465840262106
2026-09-28 11:46:00-04:00,764.92,765.01,764.76,764.9388,32061.897222,1133,764.8886000685507
2026-09-28 11:47:00-04:00,764.938,765.2561,764.85,764.9588,53867.98669,1124,764.917643864072
2026-09-28 11:48:00-04:00,764.9501,765.08,764.88,764.8888,32445.356098,1124,764.9818397602586
2026-09-28 11:49:00-04:00,764.9077,765.03,764.88,764.94,20800.265422,980,764.9416231630611
2026-09-28 11:50:00-04:00,764.94,765.17,764.888,765.025,30152.088417,1164,765.0250593015941
2026-09-28 11:51:00-04:00,765.03,765.05,764.865,764.9776,19604.91517,1014,764.9649895017149
2026-09-28 11:52:00-04:00,764.98,765.02,764.84,764.8899,21603.40769,1037,764.9588266177445
2026-09-28 11:53:00-04:00,764.8976,764.9623,764.818,764.88,26536.546135,993,764.8727825043949
2026-09-28 11:54:00-04:00,764.88,765.23,764.85,765.23,33010.552724,1149,765.0123067740404
2026-09-28 11:55:00-04:00,765.2288,765.44,765.1167,765.35,89214.800306,1989,765.3181017302496
2026-09-28 11:56:00-04:00,765.3588,765.4864,765.0735,765.44,29226.630021,1123,765.3755886689373
2026-09-28 11:57:00-04:00,765.44,765.5,765.2214,765.3388,25438.359855,1052,765.4247359108866
2026-09-28 11:58:00-04:00,765.35,765.45,765.33,765.41,28387.214394,942,765.3873790156321
2026-09-28 11:59:00-04:00,765.4176,765.57,765.378,765.505,24343.984163,939,765.4925296674469
2026-09-28 12:00:00-04:00,765.5,765.65,765.258,765.3962,64032.531649,1373,765.4768645246753
2026-09-28 12:01:00-04:00,765.4,765.4976,765.2,765.2888,26542.049129,991,765.3252419758969
2026-09-28 12:02:00-04:00,765.2876,765.314,765.19,765.25,19260.694583,939,765.2501786602829
2026-09-28 12:03:00-04:00,765.2476,765.3963,765.1502,765.25,21817.817942,988,765.2643906730925
2026-09-28 12:04:00-04:00,765.25,765.3657,765.165,765.2976,19067.209595,953,765.2563623676477
2026-09-28 12:05:00-04:00,765.29,765.3,765.1328,765.2,20374.041268,965,765.2135398671468
2026-09-28 12:06:00-04:00,765.2,765.41,765.12,765.39,16673.533145,880,765.3072382363287
2026-09-28 12:07:00-04:00,765.378,765.5864,765.2784,765.4976,28670.461029,1013,765.462867137551
2026-09-28 12:08:00-04:00,765.4976,765.6988,765.381,765.6,26335.643689,1007,765.566887124508
2026-09-28 12:09:00-04:00,765.6,765.6376,765.47,765.6076,14811.598585,814,765.5668638069739
2026-09-28 12:10:00-04:00,765.6199,765.8388,765.4126,765.685,45958.238327,1204,765.714744232589
2026-09-28 12:11:00-04:00,765.69,765.81,765.57,765.6,42807.385892,1201,765.7182715190712
2026-09-28 12:12:00-04:00,765.6176,765.6588,765.31,765.41,27549.591049,1052,765.4917262185655
2026-09-28 12:13:00-04:00,765.4276,765.6319,765.318,765.36,19804.845774,784,765.3562995665534
2026-09-28 12:14:00-04:00,765.3688,765.5152,765.32,765.4076,32798.280106,865,765.3653931003081
2026-09-28 12:15:00-04:00,765.39,765.5262,765.33,765.428,20740.367885,888,765.4482263855299
2026-09-28 12:16:00-04:00,765.45,766.6,765.3488,766.4801,195790.75791,3720,766.0037077623886
2026-09-28 12:17:00-04:00,766.5164,766.87,765.9523,766.425,156210.85787,2515,766.5153797260949
2026-09-28 12:18:00-04:00,766.44,766.8,766.182,766.436,67078.742591,1465,766.602157100989
2026-09-28 12:19:00-04:00,766.4399,766.57,766.17,766.555,54636.450236,1231,766.2782450713653
2026-09-28 12:20:00-04:00,766.54,767.54,766.3184,767.4388,158663.54661,2778,767.0243666885079
2026-09-28 12:21:00-04:00,767.438,767.5876,766.657,767.38,125218.635099,2259,767.4561932089196
2026-09-28 12:22:00-04:00,767.41,767.596,766.6133,767.4376,101232.636579,1792,767.4857793941178
2026-09-28 12:23:00-04:00,767.42,767.55,766.7134,767.358,98189.28467,1394,767.253005513611
2026-09-28 12:24:00-04:00,767.3659,767.95,766.7162,767.825,132516.228605,1789,767.6953368432967
2026-09-28 12:25:00-04:00,767.81,768.23,767.5121,768.2,159215.930522,1876,767.9410920000878
2026-09-28 12:26:00-04:00,768.17,769.372,767.4994,769.11,391718.126946,5325,768.7850897279911
2026-09-28 12:27:00-04:00,769.1,769.55,767.9804,769.0975,218072.897805,3470,769.2056490675326
2026-09-28 12:28:00-04:00,769.09,769.33,768.1253,768.9,133639.39982299999,2078,769.0634510344491
2026-09-28 12:29:00-04:00,768.89,769.14,768.56,768.698,146874.161251,1827,768.827107278334
2026-09-28 12:30:00-04:00,768.7,768.9368,768.14,768.25,192369.997922,2405,768.484722082035
2026-09-28 12:31:00-04:00,768.25,768.6153,768.085,768.284,93935.48387,1417,768.2265749912426
2026-09-28 12:32:00-04:00,768.2964,768.376,767.5,767.53,257053.55021,4075,767.788424700917
2026-09-28 12:33:00-04:00,767.53,768.1641,767.44,767.79,148366.012516,2209,767.6902239092004
2026-09-28 12:34:00-04:00,767.7927,768.4629,767.68,767.824,67396.929836,1111,767.8934053853991
2026-09-28 12:35:00-04:00,767.83,767.97,767.755,767.85,93073.167987,1596,767.8779973444692
2026-09-28 12:36:00-04:00,767.86,768.1685,767.825,768.145,98449.059415,1470,768.0337142360337
2026-09-28 12:37:00-04:00,768.15,768.19,767.855,768.072,45649.273463,1087,767.9778749976963
2026-09-28 12:38:00-04:00,768.08,768.0846,767.43,767.474,67137.363607,1134,767.6317351255092
2026-09-28 12:39:00-04:00,767.47,767.8653,767.36,767.48,39417.644218,837,767.4480848480223
2026-09-28 12:40:00-04:00,767.484,767.67,767.25,767.31,40990.728281,894,767.4258193407402
2026-09-28 12:41:00-04:00,767.305,767.8258,767.03,767.0576,52321.555725,929,767.2183943005112
2026-09-28 12:42:00-04:00,767.05,767.2344,766.77,766.785,85090.924569,1314,767.0304066853522
2026-09-28 12:43:00-04:00,766.785,767.635,766.64,766.915,45639.526498,975,766.8196126731455
2026-09-28 12:44:00-04:00,766.93,767.581,766.876,766.99,52909.5575,1004,767.0065705218963
2026-09-28 12:45:00-04:00,766.988,767.45,766.98,766.99,92441.063082,1672,767.1805213346056
2026-09-28 12:46:00-04:00,766.99,767.3889,766.815,767.085,46522.308876,1143,767.1141283171462
2026-09-28 12:47:00-04:00,767.07,767.17,766.87,766.98,53062.562982,1065,767.0243755681158
2026-09-28 12:48:00-04:00,766.97,767.0923,766.67,766.674,31649.280434,653,766.8088071109331
2026-09-28 12:49:00-04:00,766.696,767.0597,766.67,766.88,24279.573653,682,766.8353427331342
2026-09-28 12:50:00-04:00,766.88,767.0697,766.8312,766.9076,36388.279784,888,766.9585871795227
2026-09-28 12:51:00-04:00,766.89,767.0325,766.68,766.85,40080.262539,793,766.8257726394913
2026-09-28 12:52:00-04:00,766.86,767.04,766.685,767.0,25744.719786999998,746,766.8391651514085
2026-09-28 12:53:00-04:00,767.002,767.142,766.8301,767.131,24783.102485,708,767.0245405977463
2026-09-28 12:54:00-04:00,767.13,767.3,766.9181,767.22,30329.945419,733,767.2111888360467
2026-09-28 12:55:00-04:00,767.215,767.3,767.1274,767.24,22856.275126,600,767.2186079525909
2026-09-28 12:56:00-04:00,767.242,767.3199,766.9895,767.235,15238.658165,545,767.2568379877367
2026-09-28 12:57:00-04:00,767.234,767.3,767.128,767.23,23192.241864,685,767.2114123227088
2026-09-28 12:58:00-04:00,767.23,767.2955,767.11,767.14,15236.546002,553,767.2209891272719
2026-09-28 12:59:00-04:00,767.146,767.222,767.03,767.13,29865.46796,718,767.148730052419
2026-09-28 13:00:00-04:00,767.12,767.1664,766.67,766.815,29533.634531,751,766.8923871149456
2026-09-28 13:01:00-04:00,766.806,767.0575,766.745,766.91,15545.270008,534,766.893146125053
2026-09-28 13:02:00-04:00,766.9,767.0647,766.63,766.75,32788.145712,720,766.703754796285
2026-09-28 13:03:00-04:00,766.7672,766.84,766.7007,766.776,18008.410800999998,519,766.7652499278754
2026-09-28 13:04:00-04:00,766.76,767.0273,766.748,766.87,30066.14268,683,766.851104012053
2026-09-28 13:05:00-04:00,766.87,766.92,766.688,766.7001,16220.183412,557,766.811157099494
2026-09-28 13:06:00-04:00,766.7,766.939,766.5214,766.77,19537.187696,589,766.6573821345895
2026-09-28 13:07:00-04:00,766.77,766.8981,766.48,766.51,20855.701929,660,766.7033754096424
2026-09-28 13:08:00-04:00,766.5199,766.6826,766.46,766.6,23359.660314,614,766.5467240832731
2026-09-28 13:09:00-04:00,766.59,766.74,766.545,766.6266,18077.641764,563,766.6602573068014
2026-09-28 13:10:00-04:00,766.63,766.7032,766.58,766.652,17243.941653,551,766.6342305850015
2026-09-28 13:11:00-04:00,766.65,769.07,766.625,768.925,459852.947876,7437,768.0343081588335
2026-09-28 13:12:00-04:00,768.93,769.3,767.9095,768.54,214186.935823,3877,768.7014106183207
2026-09-28 13:13:00-04:00,768.515,769.03,768.0616,768.88,170994.258952,2888,768.7452356298612
2026-09-28 13:14:00-04:00,768.8904,768.9,768.43,768.895,115778.83596899999,1871,768.6885262530938
2026-09-28 13:15:00-04:00,768.895,768.895,767.9724,768.51,147007.491514,2244,768.3820545813359
2026-09-28 13:16:00-04:00,768.51,768.69,768.3581,768.55,78685.319229,1209,768.5013694804657
2026-09-28 13:17:00-04:00,768.55,768.625,767.7,768.03,254839.944875,2966,768.1977897164716
2026-09-28 13:18:00-04:00,768.03,768.1,767.57,767.585,83610.700652,1473,767.7870509058016
2026-09-28 13:19:00-04:00,767.58,767.9822,767.28,767.285,54727.182054,1033,767.5011139460001
2026-09-28 13:20:00-04:00,767.285,767.4394,767.06,767.21,63467.226679,1113,767.1571693084205
2026-09-28 13:21:00-04:00,767.2352,767.8841,767.1423,767.26,27404.499349,732,767.2746932887894
2026-09-28 13:22:00-04:00,767.24,768.2242,767.22,767.28,31695.879084,740,767.3514846142047
2026-09-28 13:23:00-04:00,767.28,768.0869,767.17,767.24,18054.029076,684,767.358096899616
2026-09-28 13:24:00-04:00,767.24,767.46,767.23,767.3145,26809.371608,673,767.3619211227018
2026-09-28 13:25:00-04:00,767.33,767.8693,767.28,767.4,24783.322044,643,767.4059464047602
2026-09-28 13:26:00-04:00,767.405,767.44,766.93,766.94,70780.113525,1006,767.1716780949534
2026-09-28 13:27:00-04:00,766.96,767.5786,766.88,766.924,26900.891814,716,766.9791921905901
2026-09-28 13:28:00-04:00,766.93,767.112,766.93,767.058,38157.515125,809,767.0176908980038
2026-09-28 13:29:00-04:00,767.06,767.16,766.946,767.0665,26081.135073,662,767.0794870385931
2026-09-28 13:30:00-04:00,767.06,767.32,767.04,767.285,61886.520565,1186,767.2172324498623
2026-09-28 13:31:00-04:00,767.285,767.44,767.1729,767.42,77026.437239,1275,767.3525386999892
2026-09-28 13:32:00-04:00,767.415,767.52,767.2777,767.31,54429.657215,1015,767.4127485185825
2026-09-28 13:33:00-04:00,767.32,767.3898,767.055,767.06,13595.26408,581,767.2657083424931
2026-09-28 13:34:00-04:00,767.079,767.22,766.9154,767.19,20025.256827,745,767.0653417489666
2026-09-28 13:35:00-04:00,767.19,767.39,767.111,767.37,30183.341386,792,767.2985367913409
2026-09-28 13:36:00-04:00,767.3781,767.452,767.2208,767.33,28375.32941,798,767.3200529451251
2026-09-28 13:37:00-04:00,767.34,767.42,766.8406,766.8773,102360.646901,1371,767.1832489444514
2026-09-28 13:38:00-04:00,766.87,767.17,766.86,767.14,21772.771805,705,767.0375712469945
2026-09-28 13:39:00-04:00,767.1372,767.22,767.1,767.204,29286.110581,757,767.1647791102234
2026-09-28 13:40:00-04:00,767.2,767.2677,767.118,767.212,26633.511093,753,767.1961660794201
2026-09-28 13:41:00-04:00,767.2081,767.352,767.14,767.33,33281.101316,835,767.2556090872349
2026-09-28 13:42:00-04:00,767.2323,767.328,767.035,767.22,50907.275286,966,767.2017612779238
2026-09-28 13:43:00-04:00,767.2282,767.282,767.1701,767.1979,32382.550167,663,767.2279858369495
2026-09-28 13:44:00-04:00,767.21,767.23,767.1,767.175,30228.475928,784,767.1806052085343
2026-09-28 13:45:00-04:00,767.18,767.3977,767.128,767.185,23833.30475,668,767.2536060717101
2026-09-28 13:46:00-04:00,767.185,767.27,767.108,767.23,32858.201464,720,767.1756857061332
2026-09-28 13:47:00-04:00,767.22,767.23,767.05,767.05,28823.656166,657,767.1583539098287
2026-09-28 13:48:00-04:00,767.09,767.417,767.0,767.417,42887.692437,798,767.207625233861
2026-09-28 13:49:00-04:00,767.41,767.45,767.19,767.38,23748.71338,605,767.3602407851645
2026-09-28 13:50:00-04:00,767.365,767.4,767.2199,767.248,28244.908381,6713,767.3212223163681
2026-09-28 13:51:00-04:00,767.255,767.325,767.128,767.3115,19600.037881,597,767.2332441241996
2026-09-28 13:52:00-04:00,767.305,767.38,767.21,767.306,17325.391685,535,767.3105799191618
2026-09-28 13:53:00-04:00,767.29,767.35,767.265,767.28,16213.410326,506,767.3086274755273
2026-09-28 13:54:00-04:00,767.29,767.49,767.2405,767.445,21854.939926,583,767.4148946859298
2026-09-28 13:55:00-04:00,767.45,767.492,767.04,767.342,88843.479023,1677,767.2711366823066
2026-09-28 13:56:00-04:00,767.33,767.372,767.198,767.222,26710.571507,636,767.2960223013336
2026-09-28 13:57:00-04:00,767.229,767.36,767.16,767.185,22426.76307,545,767.2590978874749
2026-09-28 13:58:00-04:00,767.204,767.36,767.11,767.235,14073.300826,496,767.2260858996285
2026-09-28 13:59:00-04:00,767.24,767.32,767.18,767.3,30524.252648,493,767.276090532597
2026-09-28 14:00:00-04:00,767.3,767.4,767.056,767.15,42375.983916,947,767.2276898514731
2026-09-28 14:01:00-04:00,767.151,767.18,766.88,767.04,62537.893093,1062,767.0274573426234
2026-09-28 14:02:00-04:00,767.0625,767.27,767.03,767.25,25615.183806,583,767.1203405283841
2026-09-28 14:03:00-04:00,767.2545,767.344,767.1571,767.27,23444.340371,620,767.2725081010094
2026-09-28 14:04:00-04:00,767.29,767.48,767.1398,767.42,36714.088744,753,767.3811220199943
2026-09-28 14:05:00-04:00,767.43,767.472,767.1858,767.35,26223.658075,659,767.377703545905
2026-09-28 14:06:00-04:00,767.34,767.37,767.148,767.27,27449.911288,554,767.257240397732
2026-09-28 14:07:00-04:00,767.25,767.3206,767.13,767.215,20054.978199,567,767.2216792685954
2026-09-28 14:08:00-04:00,767.212,767.28,767.11,767.255,15170.321971,424,767.1920403903919
2026-09-28 14:09:00-04:00,767.255,767.37,767.215,767.2899,22178.829942,591,767.3121024747196
2026-09-28 14:10:00-04:00,767.285,767.53,767.2215,767.395,29862.248322,719,767.4369443236026
2026-09-28 14:11:00-04:00,767.39,767.46,767.268,767.345,18426.818346,532,767.3501565978414
2026-09-28 14:12:00-04:00,767.34,767.46,767.2484,767.29,33013.248053,777,767.3888040771163
2026-09-28 14:13:00-04:00,767.29,767.32,767.19,767.295,49037.943968,782,767.2487758112846
2026-09-28 14:14:00-04:00,767.3,767.48,767.2839,767.45,29506.377164,569,767.3850987002199
2026-09-28 14:15:00-04:00,767.45,767.56,767.3208,767.439,41466.640298,742,767.4926179933158
2026-09-28 14:16:00-04:00,767.42,767.47,767.35,767.46,15310.344212,393,767.4056164822267
2026-09-28 14:17:00-04:00,767.47,767.51,767.14,767.15,14783.404386,471,767.3480833438374
2026-09-28 14:18:00-04:00,767.13,767.3627,767.0331,767.1528,39787.247145,697,767.1508341492869
2026-09-28 14:19:00-04:00,767.156,767.311,767.01,767.02,23169.710268,393,767.135810327096
2026-09-28 14:20:00-04:00,767.02,767.3199,767.02,767.11,15124.608948,459,767.1281652052097
2026-09-28 14:21:00-04:00,767.105,767.195,767.06,767.1782,17875.719832,477,767.1247408126932
2026-09-28 14:22:00-04:00,767.18,767.26,767.1335,767.21,47461.598772,610,767.197421305063
2026-09-28 14:23:00-04:00,767.2,767.209,766.8,766.82,29191.720432000002,659,766.97821281293
2026-09-28 14:24:00-04:00,766.81,767.0311,766.68,766.852,44232.741581,786,766.770635702763
2026-09-28 14:25:00-04:00,766.87,767.1375,766.83,766.915,20532.816993,610,766.8906805828576
2026-09-28 14:26:00-04:00,766.91,767.0,766.8169,766.9501,24244.980403,506,766.94438754068
2026-09-28 14:27:00-04:00,766.955,767.06,766.9103,766.93,26286.965475,476,766.984406986637
2026-09-28 14:28:00-04:00,766.94,767.0246,766.91,766.97,21268.363787,428,766.9819269828611
2026-09-28 14:29:00-04:00,766.965,766.9819,766.85,766.91,19028.816311,484,766.9277666418037
2026-09-28 14:30:00-04:00,766.92,767.07,766.63,766.815,75755.227079,1467,766.8335001148226
2026-09-28 14:31:00-04:00,766.8,766.87,766.548,766.665,25391.845178,649,766.6360690091603
2026-09-28 14:32:00-04:00,766.66,766.8791,766.52,766.62,24667.502667,581,766.5781714918519
2026-09-28 14:33:00-04:00,766.625,766.81,766.5,766.74,64177.409227,1109,766.6895978327037
2026-09-28 14:34:00-04:00,766.738,766.8955,766.666,766.79,25716.957823,546,766.7773067935065
2026-09-28 14:35:00-04:00,766.788,766.88,766.6758,766.86,35194.095248,627,766.8174053006005
2026-09-28 14:36:00-04:00,766.86,766.902,766.7,766.811,73865.68859,993,766.8217795349756
2026-09-28 14:37:00-04:00,766.8317,766.92,766.7761,766.79,18120.345918,509,766.8459247918704
2026-09-28 14:38:00-04:00,766.81,766.8325,766.598,766.63,22246.727916,598,766.7335729117154
2026-09-28 14:39:00-04:00,766.63,766.7976,766.33,766.4,36790.07656,861,766.4881446429348
2026-09-28 14:40:00-04:00,766.4101,766.7197,766.32,766.61,32418.306877,722,766.4921037766375
2026-09-28 14:41:00-04:00,766.6,766.802,766.5026,766.78,23580.869458,588,766.6585346595897
2026-09-28 14:42:00-04:00,766.7808,766.8599,766.6027,766.7751,28774.653828,531,766.7420314830589
2026-09-28 14:43:00-04:00,766.77,766.95,766.6595,766.92,30900.193425,612,766.8471669041977
2026-09-28 14:44:00-04:00,766.94,767.155,766.7776,767.112,34570.525423,749,767.0622096198258
2026-09-28 14:45:00-04:00,767.12,767.15,766.7834,766.94,34796.196706,760,767.0546802193572
2026-09-28 14:46:00-04:00,766.94,767.032,766.89,766.9,21808.046335,549,766.9472165577238
2026-09-28 14:47:00-04:00,766.9,767.01,766.79,767.005,38233.708281,695,766.9384649168484
2026-09-28 14:48:00-04:00,767.01,767.22,766.8,767.0018,69658.990139,1361,767.0018209286169
2026-09-28 14:49:00-04:00,767.046,767.26,766.93,767.15,30301.644468,785,767.1187995370948
2026-09-28 14:50:00-04:00,767.15,767.212,766.9516,767.0277,27050.183698,737,767.0968846020303
2026-09-28 14:51:00-04:00,767.025,767.0346,766.8,767.0,45297.216177,738,766.9049960948577
2026-09-28 14:52:00-04:00,767.005,767.11212,766.98,767.02,21722.649972,671,767.0339589905834
2026-09-28 14:53:00-04:00,767.02,767.32,766.94,767.022,96842.170877,1734,767.086928239939
2026-09-28 14:54:00-04:00,767.0243,767.0864,766.75,767.04,29944.954977,798,766.9113068871188
2026-09-28 14:55:00-04:00,767.04,767.08,766.86,766.97,29630.40486,833,766.970018025663
2026-09-28 14:56:00-04:00,766.985,767.07,766.95,767.0077,35440.975561,664,766.9902945134365
2026-09-28 14:57:00-04:00,767.0,767.09,766.92,766.9618,27935.940106,692,767.0144600792413
2026-09-28 14:58:00-04:00,766.95,767.18,766.92,767.0801,40456.374433,689,767.0788121478597
2026-09-28 14:59:00-04:00,767.086,767.122,766.948,766.992,45497.101143,663,767.0201552679938
2026-09-28 15:00:00-04:00,767.0,767.03,766.47,766.57,44994.320716,953,766.6517918928331
2026-09-28 15:01:00-04:00,766.575,766.953,766.41,766.41,48636.653455,791,766.5306044443678
2026-09-28 15:02:00-04:00,766.4201,766.8254,766.25,766.41,101097.827078,1515,766.3858823522543
2026-09-28 15:03:00-04:00,766.405,766.64,766.34,766.5796,65258.757552,1091,766.4898637534596
2026-09-28 15:04:00-04:00,766.57,766.7101,766.4521,766.552,52482.617506,737,766.5440910154146
2026-09-28 15:05:00-04:00,766.54,766.6647,766.53,766.59,30675.689796,720,766.5805623673289
2026-09-28 15:06:00-04:00,766.58,766.665,766.41,766.465,50774.407932,960,766.5899890167385
2026-09-28 15:07:00-04:00,766.48,766.5864,766.28,766.37,57622.388478,903,766.3701276097288
2026-09-28 15:08:00-04:00,766.39,766.5815,766.29,766.368,55539.534702,911,766.3540150039548
2026-09-28 15:09:00-04:00,766.37,766.48,766.27,766.28,42404.772596,785,766.3192954783245
2026-09-28 15:10:00-04:00,766.2901,766.4427,766.11,766.1682,66736.403353,1049,766.1826391861504
2026-09-28 15:11:00-04:00,766.1525,766.3894,766.03,766.03,78270.49378,1050,766.1508621669907
2026-09-28 15:12:00-04:00,766.045,766.2296,765.97,766.04,85792.521322,1240,766.0636795209527
2026-09-28 15:13:00-04:00,766.05,766.142,765.86,765.915,98335.473974,1413,765.9980883808671
2026-09-28 15:14:00-04:00,765.91,766.1152,765.78,765.87,70688.889242,1278,765.8610078965323
2026-09-28 15:15:00-04:00,765.85,766.1658,765.63,765.81,230629.960789,2618,765.7491619163007
2026-09-28 15:16:00-04:00,765.815,766.03,765.77,765.81,153832.643443,1923,765.8773586812503
2026-09-28 15:17:00-04:00,765.8151,766.02,765.75,765.99,122926.793499,1619,765.8744183850765
2026-09-28 15:18:00-04:00,765.99,766.075,765.8498,766.055,88473.909392,1447,766.0180073365458
2026-09-28 15:19:00-04:00,766.06,766.095,765.83,765.9145,71246.403684,1338,765.9895097827327
2026-09-28 15:20:00-04:00,765.92,766.065,765.84,765.92,85834.406803,1169,765.9588214713598
2026-09-28 15:21:00-04:00,765.9,766.11,765.81,766.0274,86775.568653,1316,765.937554815217
2026-09-28 15:22:00-04:00,766.02,766.0497,765.85,765.92,84254.490144,1022,765.9688248178662
2026-09-28 15:23:00-04:00,765.92,765.98,765.85,765.94,43617.813405,817,765.9151902291051
2026-09-28 15:24:00-04:00,765.94,766.055,765.87,766.045,58545.305221,883,765.9474107540797
2026-09-28 15:25:00-04:00,766.04,766.24,765.9106,766.18,84883.269973,1403,766.1277000299311
2026-09-28 15:26:00-04:00,766.19,766.23,766.0236,766.12,61035.912269,1023,766.1458226873244
2026-09-28 15:27:00-04:00,766.115,766.1352,765.93,766.015,62712.086403,991,766.0235376605891
2026-09-28 15:28:00-04:00,766.01,766.112,765.89,766.0799,115784.396416,1456,766.012348165849
2026-09-28 15:29:00-04:00,766.079,766.08,765.82,765.99,58361.005317,1126,765.9108303559389
2026-09-28 15:30:00-04:00,765.99,766.055,765.6868,765.7,74991.3313,1439,765.8542159477809
2026-09-28 15:31:00-04:00,765.705,765.9858,765.66,765.79,72450.392658,1120,765.7559029251071
2026-09-28 15:32:00-04:00,765.8,766.04,765.56,765.79,128640.071565,1935,765.8078379746305
2026-09-28 15:33:00-04:00,765.79,765.99,765.63,765.77,174858.960187,2219,765.7961621704176
2026-09-28 15:34:00-04:00,765.77,765.98,765.67,765.865,116660.740061,1490,765.8063514132987
2026-09-28 15:35:00-04:00,765.865,766.045,765.778,765.837,94414.149709,1403,765.9168711580194
2026-09-28 15:36:00-04:00,765.84,765.8774,765.58,765.65,96911.56407000001,1565,765.6944025945578
2026-09-28 15:37:00-04:00,765.64,765.8461,765.48,765.53,126684.831245,1783,765.5611060669792
2026-09-28 15:38:00-04:00,765.53,765.8007,765.29,765.3324,91611.326917,1461,765.4320412632686
2026-09-28 15:39:00-04:00,765.33,765.7334,765.12,765.185,121691.908358,2002,765.1913818904684
2026-09-28 15:40:00-04:00,765.19,765.31,765.13,765.17,130820.293611,2134,765.2200811668308
2026-09-28 15:41:00-04:00,765.17,765.6085,765.163279,765.365,214959.514995,2635,765.317422099094
2026-09-28 15:42:00-04:00,765.365,765.5484,765.27,765.47,99814.222144,1561,765.3939883882482
2026-09-28 15:43:00-04:00,765.48,765.58,765.3149,765.39,126649.845043,1688,765.4833321983069
2026-09-28 15:44:00-04:00,765.4,765.48,765.3209,765.4083,133172.494791,1770,765.4091611199086
2026-09-28 15:45:00-04:00,765.44,765.555,765.3919,765.52,112945.487393,1926,765.4834145864118
2026-09-28 15:46:00-04:00,765.51,765.69,765.4194,765.64,137977.480637,2185,765.6196014344333
2026-09-28 15:47:00-04:00,765.635,765.692,765.4123,765.6552,140388.579488,1807,765.6186850269695
2026-09-28 15:48:00-04:00,765.65,765.658,765.39,765.5,227261.094322,2531,765.4799786079125
2026-09-28 15:49:00-04:00,765.48,765.5258,765.22,765.29,169275.592291,2303,765.3373702755968
2026-09-28 15:50:00-04:00,765.28,765.57,765.04,765.18,730466.281689,7555,765.4092100411822
2026-09-28 15:51:00-04:00,765.18,765.5,765.15,765.42,101871.675056,1738,765.2670693554259
2026-09-28 15:52:00-04:00,765.42,765.42,765.13,765.255,122082.872051,1843,765.2091244368253
2026-09-28 15:53:00-04:00,765.255,765.354,765.15,765.19,112127.485795,1748,765.2118375435481
2026-09-28 15:54:00-04:00,765.18,765.3868,764.86,764.8655,161417.835852,2396,765.0075340143011
2026-09-28 15:55:00-04:00,764.86,765.2885,764.83,764.93,193926.246564,2855,764.9735000852505
2026-09-28 15:56:00-04:00,764.93,765.21,764.888,765.16,242812.197593,3328,765.0940200683868
2026-09-28 15:57:00-04:00,765.165,765.41,765.1157,765.41,337354.162591,4738,765.2780970732543
2026-09-28 15:58:00-04:00,765.415,765.63,765.2059,765.62,541833.290349,6613,765.4822116300395
2026-09-28 15:59:00-04:00,765.625,765.68,765.26,765.56,1041061.900747,10546,765.5291557607708
2026-09-29 09:30:00-04:00,766.83,766.98,766.03,766.085,614765.904585,5338,766.7052019815317
2026-09-29 09:31:00-04:00,766.1,766.95,765.85,765.992,149761.762047,2508,766.2082796342212
2026-09-29 09:32:00-04:00,765.995,766.2012,765.75,765.77,99433.41641600001,2391,766.0214831487434
2026-09-29 09:33:00-04:00,765.775,765.9004,765.18,765.19,130583.302985,2888,765.6080124240158
2026-09-29 09:34:00-04:00,765.1922,766.95,765.12,765.385,157657.560465,1767,765.3268940282115
2026-09-29 09:35:00-04:00,765.39,766.95,765.34,765.48,113966.834339,2035,765.4525239569489
2026-09-29 09:36:00-04:00,765.47,765.6779,765.38,765.5428,53458.93875,1391,765.5450274673607
2026-09-29 09:37:00-04:00,765.54,765.79,765.42,765.435,66677.177772,1362,765.6574343953233
2026-09-29 09:38:00-04:00,765.417,765.65,765.29,765.59,118782.006518,2048,765.4165332247483
2026-09-29 09:39:00-04:00,765.58,765.835,765.45,765.834,65985.790442,1321,765.6241519900027
2026-09-29 09:40:00-04:00,765.844,765.9355,765.35,765.5,95773.485492,2000,765.6408537680791
2026-09-29 09:41:00-04:00,765.49,765.8,765.42,765.68,78044.773909,1309,765.6313746999524
2026-09-29 09:42:00-04:00,765.68,765.7832,765.31,765.35,64782.75891,1370,765.5657172135985
2026-09-29 09:43:00-04:00,765.3795,765.524,765.08,765.09,62414.989846,1087,765.321925418794
2026-09-29 09:44:00-04:00,765.095,765.2284,764.935,765.115,77745.450201,1435,765.0441972417452
2026-09-29 09:45:00-04:00,765.115,765.4142,765.02,765.22,66257.717034,1215,765.1550761863772
2026-09-29 09:46:00-04:00,765.21,765.47,765.08,765.089,42863.271377,1250,765.281138136239
2026-09-29 09:47:00-04:00,765.08,765.52,765.0,765.082,104897.429417,1628,765.1958460071136
2026-09-29 09:48:00-04:00,765.09,765.21,764.83,764.865,44137.207875,1093,765.0093077174174
2026-09-29 09:49:00-04:00,764.85,765.03,764.64,765.0076,109188.778559,1732,764.8262646536583
2026-09-29 09:50:00-04:00,765.01,765.228,764.8565,765.066,101290.489009,1547,765.0330152231251
2026-09-29 09:51:00-04:00,765.06,765.2795,765.035,765.096,38356.824614,972,765.1716416482469
2026-09-29 09:52:00-04:00,765.1176,765.42,765.032,765.41,89337.823013,1224,765.2078123475774
2026-09-29 09:53:00-04:00,765.42,765.53,765.0348,765.42,89062.825575,1664,765.3936078184851
2026-09-29 09:54:00-04:00,765.4,765.4176,765.12,765.255,93761.382993,1483,765.2910598353018
2026-09-29 09:55:00-04:00,765.26,765.635,765.21,765.619,90859.796339,1579,765.3890387563239
2026-09-29 09:56:00-04:00,765.61,765.66,765.4,765.4399,112156.708665,1525,765.5362264652002
2026-09-29 09:57:00-04:00,765.44,765.45,765.21,765.31,87818.83121,1558,765.331733423114
2026-09-29 09:58:00-04:00,765.31,765.3934,765.1,765.228,90413.594085,1399,765.2142138459958
2026-09-29 09:59:00-04:00,765.22,765.3211,764.59,764.715,91717.953377,1601,764.8870019417476
2026-09-29 10:00:00-04:00,764.69,765.63,764.67,765.31,157827.064982,1918,765.100797342987
2026-09-29 10:01:00-04:00,765.29,765.46,765.12,765.2197,76143.966535,1400,765.285021146862
2026-09-29 10:02:00-04:00,765.2288,765.28,764.85,765.0023,133768.427021,1995,765.0513636295678
2026-09-29 10:03:00-04:00,764.99,765.1,764.86,765.03,72319.434136,1399,764.9645673118143
2026-09-29 10:04:00-04:00,765.01,765.03,764.76,764.9099,46110.079106,1169,764.8650767383114
2026-09-29 10:05:00-04:00,764.89,765.122,764.75,765.028,85641.47903,1604,764.9818967175507
2026-09-29 10:06:00-04:00,765.02,765.0605,764.83,764.94,39682.816229,1001,764.9360569795364
2026-09-29 10:07:00-04:00,764.926,765.02,764.6,764.7088,44011.392842,1069,764.7386594035257
2026-09-29 10:08:00-04:00,764.71,765.02,764.71,764.93,46848.408457,1060,764.8582379007505
2026-09-29 10:09:00-04:00,764.91,765.03,764.75,765.03,32083.274584,904,764.8636987251956
2026-09-29 10:10:00-04:00,765.03,765.22,764.9024,765.076,49423.735903,1151,765.0560609217869
2026-09-29 10:11:00-04:00,765.065,765.19,764.748,764.8,53050.0819,1161,765.0084223762383
2026-09-29 10:12:00-04:00,764.79,765.03,764.666,765.014,64777.934788,1478,764.7963209045273
2026-09-29 10:13:00-04:00,765.0264,765.48,765.01,765.1164,56397.532476,1523,765.2515698073219
2026-09-29 10:14:00-04:00,765.12,765.3276,765.048,765.1688,32775.767561,1135,765.1752606613411
2026-09-29 10:15:00-04:00,765.17,765.2576,764.82,764.84,37187.812777,1290,765.0577733516465
2026-09-29 10:16:00-04:00,764.83,765.44,764.81,765.34,119151.312088,2593,765.1554843360672
2026-09-29 10:17:00-04:00,765.35,765.434,765.1797,765.33,45150.562309,1399,765.3389762002339
2026-09-29 10:18:00-04:00,765.34,765.49,765.2,765.3768,48494.209313,1411,765.3581710176073
2026-09-29 10:19:00-04:00,765.37,765.55,765.19,765.3864,33936.674966,1222,765.3396287446772
2026-09-29 10:20:00-04:00,765.41,765.5451,764.76,764.84,157329.453472,2801,765.121922134726
2026-09-29 10:21:00-04:00,764.85,765.1776,764.77,765.0364,83348.117636,1961,764.9072582437036
2026-09-29 10:22:00-04:00,765.0476,765.34,764.9182,765.33,107301.667377,2179,765.0819268369073
2026-09-29 10:23:00-04:00,765.34,765.455,764.844,765.14,102859.37271,2223,765.1556005573927
2026-09-29 10:24:00-04:00,765.14,765.1776,764.9,765.03,54285.161677,1454,765.0422255888125
2026-09-29 10:25:00-04:00,765.1311,765.3876,764.94,765.31,57053.060175,1419,765.1587894941766
2026-09-29 10:26:00-04:00,765.31,765.5488,765.1282,765.545,55540.163748,1517,765.3445185518249
2026-09-29 10:27:00-04:00,765.545,765.76,765.2696,765.538,89504.866557,1989,765.6163711416743
2026-09-29 10:28:00-04:00,765.55,765.6074,765.07,765.11,53334.213301,1546,765.3142924641971
2026-09-29 10:29:00-04:00,765.09,765.312,765.06,765.2976,49851.473448,1524,765.1582126099411
2026-09-29 10:30:00-04:00,765.305,765.6564,765.3,765.5576,48241.423396,1436,765.4322985408298
2026-09-29 10:31:00-04:00,765.4323,765.5564,765.29,765.4376,47871.164336,1471,765.4245341360308
2026-09-29 10:32:00-04:00,765.43,765.5588,764.9301,765.1152,60641.039501,1560,765.2035211699836
2026-09-29 10:33:00-04:00,765.1064,765.26,765.01,765.2457,63218.971138,1524,765.1639583486894
2026-09-29 10:34:00-04:00,765.2576,765.39,765.195,765.325,69829.790935,1632,765.2942777032824
2026-09-29 10:35:00-04:00,765.325,765.45,765.2112,765.39,60638.653627,1460,765.3355492659434
2026-09-29 10:36:00-04:00,765.3812,765.4676,765.2753,765.33,58896.505462,1443,765.3912157305605
2026-09-29 10:37:00-04:00,765.33,765.3528,764.95,765.0988,50030.565019,1548,765.1293110863879
2026-09-29 10:38:00-04:00,765.11,765.3676,765.05,765.3482,62981.874173,1664,765.1755560060094
2026-09-29 10:39:00-04:00,765.3676,765.4476,765.1551,765.3632,34009.437492,1224,765.3373590280529
2026-09-29 10:40:00-04:00,765.35,765.76,764.91,765.045,117200.66783399999,2475,765.4320567768469
2026-09-29 10:41:00-04:00,765.045,765.2688,764.91,764.98,83325.728195,1843,765.0662729242007
2026-09-29 10:42:00-04:00,764.9973,765.1664,764.8,765.1588,70186.512932,1627,765.0093860975029
2026-09-29 10:43:00-04:00,765.15,765.2188,764.99,765.05,28524.293998,1064,765.107439828424
2026-09-29 10:44:00-04:00,765.05,765.1888,764.92,765.08,55511.405285,1433,765.024097750503
2026-09-29 10:45:00-04:00,765.215,765.215,765.008,765.1701,57058.896442,1545,765.1012172294431
2026-09-29 10:46:00-04:00,765.17,765.1776,764.91,765.1264,37574.427078,1325,765.0269003646563
2026-09-29 10:47:00-04:00,765.12,765.15,764.98,765.088,42354.154824,1306,765.0757116861821
2026-09-29 10:48:00-04:00,765.09,765.28,764.808,764.84,49776.68749,1483,765.0604072532192
2026-09-29 10:49:00-04:00,764.84,765.1485,764.49,764.52,139052.777136,2416,764.6008853832059
2026-09-29 10:50:00-04:00,764.52,765.0276,764.5,765.01,78084.286706,1478,764.7178581935369
2026-09-29 10:51:00-04:00,765.02,765.42,764.7512,765.36,108985.118623,1789,765.1309789624944
2026-09-29 10:52:00-04:00,764.958,765.45,764.958,765.3876,46840.974944,1261,765.3678854837192
2026-09-29 10:53:00-04:00,765.39,765.41,764.8817,765.32,50031.375717,1366,765.227911410619
2026-09-29 10:54:00-04:00,765.315,765.56,765.2657,765.528,29533.520945,1079,765.4029164188263
2026-09-29 10:55:00-04:00,765.53,765.58,765.0058,765.49,80277.298588,1717,765.4353991332058
2026-09-29 10:56:00-04:00,765.49,765.5476,765.0443,765.425,66603.219543,1590,765.4305476987983
2026-09-29 10:57:00-04:00,765.4364,765.55,765.298,765.455,60828.160706,1330,765.4474272844416
2026-09-29 10:58:00-04:00,765.45,765.4576,764.99,765.0388,52532.067403,1334,765.1795322566294
2026-09-29 10:59:00-04:00,765.0476,765.15,764.8117,764.86,60749.391676,1524,764.955735598467
2026-09-29 11:00:00-04:00,764.87,765.2439,764.37,764.41,78306.970898,1869,764.5828300540242
2026-09-29 11:01:00-04:00,764.42,764.9217,764.39,764.5764,73668.970979,1473,764.4877042424397
2026-09-29 11:02:00-04:00,764.574,765.1124,764.19,764.4364,46264.973607,1372,764.3825620683606
2026-09-29 11:03:00-04:00,764.42,764.48,764.33,764.44,38733.873849999996,1154,764.4101922230226
2026-09-29 11:04:00-04:00,764.435,764.9549,764.22,764.2376,39950.615001,1310,764.3805415855272
2026-09-29 11:05:00-04:00,764.23,764.3915,764.06,764.16,88073.089782,1914,764.1574322594809
2026-09-29 11:06:00-04:00,764.1588,764.7386,764.155,764.3,63451.054728,1423,764.3036664917072
2026-09-29 11:07:00-04:00,764.2764,764.31,764.15,764.28,40109.157073,1207,764.2348817612113
2026-09-29 11:08:00-04:00,764.27,764.29,763.85,764.1076,67556.565635,1757,764.0479922909802
2026-09-29 11:09:00-04:00,764.1076,764.22,763.87,764.05,64181.43793,1368,764.0640514533168
2026-09-29 11:10:00-04:00,764.05,764.2865,764.0119,764.096,49183.074737,1229,764.1489219671378
2026-09-29 11:11:00-04:00,764.0976,764.2042,763.9412,764.008,44982.008083,1234,764.0104896515284
2026-09-29 11:12:00-04:00,764.0288,764.1954,763.576,763.6876,64580.708936,1593,763.7294098909992
2026-09-29 11:13:00-04:00,763.6976,764.0951,763.655,763.98,45103.34188,1226,763.7859457597438
2026-09-29 11:14:00-04:00,763.97,764.1899,763.8886,764.1664,58855.30077,1470,764.0556379151233
2026-09-29 11:15:00-04:00,764.16,764.3376,763.9662,764.156,64064.989493,1538,764.2347353855135
2026-09-29 11:16:00-04:00,764.16,764.27,763.9923,764.1864,37999.919416,1157,764.1885706224743
2026-09-29 11:17:00-04:00,764.1864,764.22,763.89,763.928,58370.292318,1211,764.0218623462441
2026-09-29 11:18:00-04:00,763.9376,764.0574,763.37,763.46,80567.283392,1756,763.6094003852647
2026-09-29 11:19:00-04:00,763.4664,763.6,763.28,763.2972,74497.016108,1474,763.4257547374831
2026-09-29 11:20:00-04:00,763.2999,763.7152,763.12,763.1364,60785.591,1515,763.2801492605863
2026-09-29 11:21:00-04:00,763.14,763.7173,763.0721,763.2064,74457.32158,1554,763.1816004171362
2026-09-29 11:22:00-04:00,763.209,763.3185,763.0,763.3147,103428.758605,1607,763.1113598240845
2026-09-29 11:23:00-04:00,763.11,763.5591,762.76,762.8,95186.062451,1857,762.9239302370285
2026-09-29 11:24:00-04:00,762.81,763.3939,762.635,762.895,74295.36346,1548,762.7750357923969
2026-09-29 11:25:00-04:00,762.9,763.3311,762.78,762.9876,68353.464271,1491,762.9220576059336
2026-09-29 11:26:00-04:00,762.99,763.13,762.7,762.7513,71658.00075199999,1541,762.9838763242833
2026-09-29 11:27:00-04:00,762.745,763.1897,762.56,762.8387,134503.211956,2148,762.713421949488
2026-09-29 11:28:00-04:00,762.835,763.01,762.7143,762.8064,38864.706038,1108,762.8932000577803
2026-09-29 11:29:00-04:00,762.7875,762.99,762.725,762.9408,53610.366682,1229,762.8598338423232
2026-09-29 11:30:00-04:00,762.94,763.17,757.39,762.9899,99187.249971,1846,763.0561169720639
2026-09-29 11:31:00-04:00,762.96,763.0788,762.86,763.04,55559.885388,1315,762.9904669103569
2026-09-29 11:32:00-04:00,763.05,763.26,763.0271,763.2388,88606.889219,1897,763.1813232168673
2026-09-29 11:33:00-04:00,763.2288,763.61,762.9268,763.61,68368.101503,1604,763.4285363979938
2026-09-29 11:34:00-04:00,763.585,763.87,763.57,763.784,131624.567285,1926,763.7035580454433
2026-09-29 11:35:00-04:00,763.8064,763.88,763.109,763.7876,65195.677526,1597,763.7833115114599
2026-09-29 11:36:00-04:00,763.77,763.962,763.71,763.8876,51534.814271,1360,763.845624687261
2026-09-29 11:37:00-04:00,763.87,763.8964,763.65,763.7576,44985.380428,1208,763.7602904995365
2026-09-29 11:38:00-04:00,763.75,764.06,763.4064,764.0576,54203.268805,1412,763.7665802735568
2026-09-29 11:39:00-04:00,764.06,764.13,763.793,763.84,52486.480859,1164,763.9542784866238
2026-09-29 11:40:00-04:00,763.8476,763.8771,763.5704,763.7868,26161.467847,1023,763.7778013657012
2026-09-29 11:41:00-04:00,763.81,763.9176,763.44,763.5,59770.521867,1127,763.7239158500295
2026-09-29 11:42:00-04:00,763.5076,763.8964,763.46,763.73,27738.118815,994,763.6875962259401
2026-09-29 11:43:00-04:00,763.73,763.7612,763.48,763.64,31540.107331,917,763.5467928369836
2026-09-29 11:44:00-04:00,763.6476,763.9,763.56,763.7464,24510.70555,1026,763.7306091019424
2026-09-29 11:45:00-04:00,763.742,763.8776,763.6576,763.684,24457.417167,899,763.793615459208
2026-09-29 11:46:00-04:00,763.7,763.7926,763.3115,763.376,68744.062092,1282,763.5187069618079
2026-09-29 11:47:00-04:00,763.375,764.29,763.31,763.96,334398.617284,5255,763.9356948730131
2026-09-29 11:48:00-04:00,763.94,763.9888,763.5588,763.87,176859.05464,2168,763.754556193154
2026-09-29 11:49:00-04:00,763.86,764.15,763.806,763.905,54680.208594,1305,763.9670640407915
2026-09-29 11:50:00-04:00,763.905,764.1,763.58,763.6688,66677.594919,1557,763.8169975662967
2026-09-29 11:51:00-04:00,763.675,763.8405,763.296,763.402,54396.517983,1324,763.4472670902951
2026-09-29 11:52:00-04:00,763.4176,763.8441,763.17,763.235,70472.990507,1441,763.3123114158498
2026-09-29 11:53:00-04:00,763.235,763.7538,763.06,763.1476,32867.841306,1150,763.2096241539388
2026-09-29 11:54:00-04:00,763.12,763.5591,762.895,763.1057,58562.194685,1330,763.0652122342269
2026-09-29 11:55:00-04:00,763.12,763.387,762.96,762.9876,58871.13438,1180,763.0779143428156
2026-09-29 11:56:00-04:00,763.0,763.5114,762.9876,763.24,29736.803506,939,763.1690297083248
2026-09-29 11:57:00-04:00,763.25,763.31,763.03,763.1,47022.272942,1140,763.1383003507535
2026-09-29 11:58:00-04:00,763.1064,763.33,763.065,763.1876,43177.905502,1039,763.2169458884856
2026-09-29 11:59:00-04:00,763.19,763.3264,763.123,763.3176,22341.851821,855,763.1780824437363
2026-09-29 12:00:00-04:00,763.31,763.3176,763.068,763.1,25970.896298,1012,763.1720514325523
2026-09-29 12:01:00-04:00,763.09,763.2,762.988,763.0691,36746.692599,1191,763.0676767743906
2026-09-29 12:02:00-04:00,763.06,763.0822,762.66,762.8576,79709.994883,1767,762.809559872657
2026-09-29 12:03:00-04:00,762.8564,762.9464,762.778,762.9076,47200.338835,1153,762.8615686777863
2026-09-29 12:04:00-04:00,762.92,763.0412,762.71,762.7876,28878.912941,1013,762.8454723721311
2026-09-29 12:05:00-04:00,762.77,762.9064,762.708,762.73,67777.734978,1282,762.8108723690515
2026-09-29 12:06:00-04:00,762.726,762.9794,762.65,762.905,29083.494046,984,762.8012652784503
2026-09-29 12:07:00-04:00,762.895,763.12,762.84,763.08,57866.12121,1254,763.0153114432599
2026-09-29 12:08:00-04:00,763.07,763.25,762.675,763.17,25043.703521,1126,763.0963793473915
2026-09-29 12:09:00-04:00,763.19,763.3576,762.9226,763.2764,23631.237244,1013,763.210750920129
2026-09-29 12:10:00-04:00,763.2676,763.38,762.9298,763.2164,29958.079997,1015,763.302989669265
2026-09-29 12:11:00-04:00,763.23,763.46,763.0555,763.3676,26492.255302,780,763.2611913413166
2026-09-29 12:12:00-04:00,763.36,763.39,763.17,763.226,50887.152428,855,763.3232368065037
2026-09-29 12:13:00-04:00,763.22,763.319,762.94,762.97,26973.604513,694,763.1501838193028
2026-09-29 12:14:00-04:00,762.97,763.072,762.856,762.98,26821.330677,722,762.9718620170439
2026-09-29 12:15:00-04:00,762.99,763.1983,762.896,763.08,28406.654454,664,762.9902248769176
2026-09-29 12:16:00-04:00,763.08,763.21,762.97,763.14,25925.646193,571,763.06978533736
2026-09-29 12:17:00-04:00,763.12,763.192,763.04,763.065,19206.214248,539,763.1044903315662
2026-09-29 12:18:00-04:00,763.07,763.1654,762.97,763.075,18735.705645,497,763.0426432253513
2026-09-29 12:19:00-04:00,763.08,763.17,762.91,763.15,19814.403986,546,763.0191031224356
2026-09-29 12:20:00-04:00,763.165,763.2988,763.0459,763.2,21763.982443,601,763.2413268263955
2026-09-29 12:21:00-04:00,763.2088,763.43,762.93,762.98,38163.891922,903,763.2668052900583
2026-09-29 12:22:00-04:00,762.968,763.2053,762.8706,763.2053,13402.563847,529,763.0302833409213
2026-09-29 12:23:00-04:00,763.0689,763.13,762.94,763.13,27471.787005,662,762.9964033381194
2026-09-29 12:24:00-04:00,763.12,763.28,763.0491,763.13,16330.59148,466,763.1921150281916
2026-09-29 12:25:00-04:00,763.135,763.32,763.0713,763.29,17539.599238,520,763.2329711142758
2026-09-29 12:26:00-04:00,763.28,763.39,763.19,763.38,26279.978738,475,763.2963224770556
2026-09-29 12:27:00-04:00,763.37,763.454,763.2949,763.45,30819.349301,549,763.398948881681
2026-09-29 12:28:00-04:00,763.42,763.56,763.2361,763.48,31852.419742,682,763.4849583407471
2026-09-29 12:29:00-04:00,763.48,763.5128,763.38,763.395,27018.125252,522,763.4423315960277
2026-09-29 12:30:00-04:00,763.3795,763.4176,763.24,763.305,23582.203155,654,763.322108250309
2026-09-29 12:31:00-04:00,763.3,763.3909,763.09,763.1897,27962.981658,654,763.2632212741617
2026-09-29 12:32:00-04:00,763.19,763.264,763.09,763.14,23625.388665,560,763.1665498630758
2026-09-29 12:33:00-04:00,763.2911,763.3342,763.13,763.2476,14374.120573,489,763.2054557523618
2026-09-29 12:34:00-04:00,763.245,763.2699,763.195,763.23,47915.847347,632,763.2266255905121
2026-09-29 12:35:00-04:00,763.22,763.475,763.21,763.305,20556.871289,621,763.3740553879095
2026-09-29 12:36:00-04:00,763.3,763.46,763.228,763.3901,18689.401795,508,763.3567846184982
2026-09-29 12:37:00-04:00,763.398,763.4,763.2501,763.342,13772.29567,458,763.3402421681641
2026-09-29 12:38:00-04:00,763.345,763.49,763.2893,763.47,21871.986002999998,544,763.3829458676911
2026-09-29 12:39:00-04:00,763.455,763.4699,763.295,763.414,13791.235183,500,763.3453202167674
2026-09-29 12:40:00-04:00,763.41,763.4264,763.03,763.07,40357.234669,934,763.1815622283941
2026-09-29 12:41:00-04:00,763.0601,763.2628,762.88,762.88,32437.298342,869,763.0228993906793
2026-09-29 12:42:00-04:00,762.88,763.1946,762.81,763.04,78271.980214,1193,762.9375148224775
2026-09-29 12:43:00-04:00,763.05,763.1597,762.82,762.87,42695.209829,889,762.9730465802405
2026-09-29 12:44:00-04:00,762.86,763.0913,762.6548,762.675,33861.84422,857,762.7777961255574
2026-09-29 12:45:00-04:00,762.68,762.892,762.4,762.52,160215.741878,2106,762.5428231667703
2026-09-29 12:46:00-04:00,762.52,762.8254,762.458,762.812,80871.431866,1185,762.561252768008
2026-09-29 12:47:00-04:00,762.8132,763.04,762.6755,762.87,65668.98382,1071,762.9136878845792
2026-09-29 12:48:00-04:00,762.88,763.14,762.6509,763.076,39014.199241,826,762.9220077652618
2026-09-29 12:49:00-04:00,763.085,763.1,762.83,763.02,22209.311459,643,762.945557941706
2026-09-29 12:50:00-04:00,763.02,763.24,762.6786,763.225,43735.301047,809,763.0872216543102
2026-09-29 12:51:00-04:00,763.225,763.33,762.797,762.988,40686.278852,823,763.1843189580111
2026-09-29 12:52:00-04:00,762.98,763.08,762.7925,762.9799,22203.593389,583,762.9740369141674
2026-09-29 12:53:00-04:00,762.9737,763.112,762.7874,763.025,17320.665254,492,763.046222107636
2026-09-29 12:54:00-04:00,763.02,763.09,762.96,763.07,45447.232419,460,763.0210807655544
2026-09-29 12:55:00-04:00,763.074,763.08,762.774,762.8,69685.691033,1206,762.9219466859869
2026-09-29 12:56:00-04:00,762.8,762.8,762.57,762.685,38014.879054,765,762.6835492102329
2026-09-29 12:57:00-04:00,762.69,762.79,762.6477,762.7,42767.706797,786,762.7164007455536
2026-09-29 12:58:00-04:00,762.71,762.942,762.68,762.838,28979.703142,636,762.7544474109784
2026-09-29 12:59:00-04:00,762.83,763.04,762.79,762.99,19107.748694,548,762.8997328414671
2026-09-29 13:00:00-04:00,762.99,762.99,762.638,762.64,48561.640686,1012,762.8756885595012
2026-09-29 13:01:00-04:00,762.64,762.8851,762.58,762.646867,26431.670667,753,762.6855157724841
2026-09-29 13:02:00-04:00,762.63,762.8431,762.52,762.55,27168.257312,689,762.6271119907071
2026-09-29 13:03:00-04:00,762.535,762.8015,762.364,762.65,82563.088901,1294,762.4879962112402
2026-09-29 13:04:00-04:00,762.645,762.7188,762.4989,762.69,30346.661265,698,762.63404517107
2026-09-29 13:05:00-04:00,762.686,762.81,762.5758,762.75,30368.076526,606,762.7238282134705
2026-09-29 13:06:00-04:00,762.74,762.79,762.5911,762.65,21560.304293,547,762.692732808068
2026-09-29 13:07:00-04:00,762.66,762.672,762.51,762.62,31813.610343,682,762.5782657235757
2026-09-29 13:08:00-04:00,762.622,762.755,762.5436,762.65,18354.220922,520,762.6567470635639
2026-09-29 13:09:00-04:00,762.646,762.7,762.52,762.5379,15126.742718,453,762.6062371069222
2026-09-29 13:10:00-04:00,762.54,762.73,762.47,762.66,40697.845874,831,762.5875189673478
2026-09-29 13:11:00-04:00,762.67,762.89,762.6077,762.62,75577.551915,1289,762.7987920033236
2026-09-29 13:12:00-04:00,762.62,762.723,762.5,762.5755,31872.120128,663,762.5817966386969
2026-09-29 13:13:00-04:00,762.58,762.6782,762.54,762.644,32592.630698,701,762.5975933717374
2026-09-29 13:14:00-04:00,762.65,762.8,762.59,762.78,21585.232326,557,762.7047004628555
2026-09-29 13:15:00-04:00,762.77,762.8455,762.66,762.6851,26717.559809,656,762.7446801570131
2026-09-29 13:16:00-04:00,762.6995,762.7599,762.35,762.49,46675.725661,930,762.5137726431212
2026-09-29 13:17:00-04:00,762.48,762.64,762.4486,762.53,24876.748488,644,762.5201274454994
2026-09-29 13:18:00-04:00,762.53,762.6004,762.46,762.508,17404.771565,509,762.5082258617884
2026-09-29 13:19:00-04:00,762.5,762.64,762.43,762.57,22254.569385,570,762.5581030479268
2026-09-29 13:20:00-04:00,762.58,762.64,762.42,762.5512,38237.300256,871,762.5256619507129
2026-09-29 13:21:00-04:00,762.56,762.71,762.49,762.545,38119.118059,839,762.611204256239
2026-09-29 13:22:00-04:00,762.58,762.67,762.5,762.61,32873.701979,572,762.5795333405503
2026-09-29 13:23:00-04:00,762.59,762.86,762.56,762.798,36031.991745,799,762.7206468545262
2026-09-29 13:24:00-04:00,762.795,763.03,762.6088,763.0225,30883.591947,694,762.9157341187089
2026-09-29 13:25:00-04:00,763.03,763.14,762.6485,762.99,42082.010727,787,763.0531682798893
2026-09-29 13:26:00-04:00,762.99,763.0513,762.8383,763.005,38774.708306,671,762.9636856786223
2026-09-29 13:27:00-04:00,762.99,763.16,762.7578,763.115,24762.057847,596,763.0326918911419
2026-09-29 13:28:00-04:00,763.11,763.1797,762.89,763.055,15117.589277,453,763.0157789420739
2026-09-29 13:29:00-04:00,763.05,763.16,763.022,763.08,12907.514082,448,763.1046451518895
2026-09-29 13:30:00-04:00,763.09,763.18,762.91,762.944,16459.996874,612,763.0527962140906
2026-09-29 13:31:00-04:00,762.95,763.14,762.8865,763.1104,20193.597132,654,763.0004778137849
2026-09-29 13:32:00-04:00,763.1,763.1556,762.9305,763.08,14923.260957,553,763.0731168089303
2026-09-29 13:33:00-04:00,763.075,763.26,763.03,763.12,17199.872402,610,763.1543001339793
2026-09-29 13:34:00-04:00,763.115,763.22,763.0802,763.2173,10323.780734,458,763.15068350159
2026-09-29 13:35:00-04:00,763.21,763.3,763.1336,763.21,41946.532524,918,763.2533870715274
2026-09-29 13:36:00-04:00,763.23,763.27,763.118,763.2054,18114.930969,658,763.2051958636272
2026-09-29 13:37:00-04:00,763.2385,763.296,763.13,763.14,10656.35404,483,763.1976171153467
2026-09-29 13:38:00-04:00,763.135,763.27,763.0768,763.12,14828.490122,518,763.180908767808
2026-09-29 13:39:00-04:00,763.115,763.21,763.03,763.1845,11990.282786,502,763.1207394841862
2026-09-29 13:40:00-04:00,763.1869,763.24,763.125,763.184,27763.227328,702,763.1721050657601
2026-09-29 13:41:00-04:00,763.188,763.242,763.044,763.062,8749.038546,423,763.145755030615
2026-09-29 13:42:00-04:00,763.035,763.1723,762.795,762.918,30246.6859,648,762.9544457804574
2026-09-29 13:43:00-04:00,762.915,763.07,762.8495,763.056,16255.122401,516,762.9504403699124
2026-09-29 13:44:00-04:00,763.08,763.33,762.9564,763.2701,37085.315811,648,763.207948769395
2026-09-29 13:45:00-04:00,763.29,763.4288,763.29,763.3,74494.341721,953,763.3690033112713
2026-09-29 13:46:00-04:00,763.3,763.47,763.175,763.175,34892.412704,999,763.332077284908
2026-09-29 13:47:00-04:00,763.19,763.3,763.14,763.225,19002.670031999998,539,763.2158549788081
2026-09-29 13:48:00-04:00,763.23,763.24,763.06,763.116,16947.319591,524,763.1805064555441
2026-09-29 13:49:00-04:00,763.1,763.1724,763.0,763.05,14143.746991,432,763.0653571329049
2026-09-29 13:50:00-04:00,763.06,763.14,763.025,763.058,16973.972801,468,763.0830705032015
2026-09-29 13:51:00-04:00,763.055,763.2092,762.95,763.0032,18778.872687,3623,763.0094515501896
2026-09-29 13:52:00-04:00,762.99,763.0599,762.808,762.82,22475.92543,661,762.9264254555782
2026-09-29 13:53:00-04:00,762.82,763.1597,762.57,762.65,37322.059831,893,762.6785475520909
2026-09-29 13:54:00-04:00,762.645,762.78,762.62,762.748,27163.835863,557,762.7218745845005
2026-09-29 13:55:00-04:00,762.75,763.1025,762.63,762.6871,36523.193377,856,762.6871422356311
2026-09-29 13:56:00-04:00,762.67,762.756,762.58,762.672,28294.46987,692,762.6662455802843
2026-09-29 13:57:00-04:00,762.665,762.74,762.49,762.535,25528.457477,679,762.5929982238381
2026-09-29 13:58:00-04:00,762.525,762.59,762.385,762.4311,42390.068996,815,762.4554610203764
2026-09-29 13:59:00-04:00,762.4299,762.7,762.4105,762.61,47370.925082,827,762.5933693592161
2026-09-29 14:00:00-04:00,762.632,763.88,762.632,763.56,483160.986003,6876,763.271700305095
2026-09-29 14:01:00-04:00,763.58,763.73,763.2266,763.306,152944.264833,2335,763.4731322078966
2026-09-29 14:02:00-04:00,763.3,763.65,763.138,763.61,98036.296554,1923,763.5031573512258
2026-09-29 14:03:00-04:00,763.58,763.61,763.285,763.43,56985.985736,1054,763.3872361179456
2026-09-29 14:04:00-04:00,763.42,763.74,763.1978,763.705,71445.549145,1265,763.5426936278592
2026-09-29 14:05:00-04:00,763.72,763.83,763.4432,763.7,61328.260184,1185,763.7215799960165
2026-09-29 14:06:00-04:00,763.71,763.97,763.675,763.8894,56766.941864,988,763.7495387652538
2026-09-29 14:07:00-04:00,763.885,764.03,763.438,763.614,87316.244448,1669,763.7272631377525
2026-09-29 14:08:00-04:00,763.62,763.73,763.33,763.384,55778.03437,837,763.5312196748515
2026-09-29 14:09:00-04:00,763.3944,763.46,762.97,763.035,46873.155564,952,763.1902598207768
2026-09-29 14:10:00-04:00,763.03,763.5953,763.028,763.13,42561.832506,891,763.1505805233094
2026-09-29 14:11:00-04:00,763.13,763.5117,762.98,763.06,21703.545746,698,763.0860378111782
2026-09-29 14:12:00-04:00,763.06,763.15,763.02,763.11,69546.939562,830,763.0864132209252
2026-09-29 14:13:00-04:00,763.095,763.625,763.08,763.5632,33965.529208,853,763.4284333769625
2026-09-29 14:14:00-04:00,763.57,763.84,763.4753,763.75,54011.166089,1039,763.7109042847676
2026-09-29 14:15:00-04:00,763.75,763.805,763.6563,763.73,58387.475666,636,763.7212829547695
2026-09-29 14:16:00-04:00,763.73,763.85,763.4333,763.74,59941.600993,909,763.7856535582458
2026-09-29 14:17:00-04:00,763.77,763.84,763.678,763.7701,25975.849156,625,763.7571557199693
2026-09-29 14:18:00-04:00,763.79,763.86,763.4764,763.83,43192.533245,799,763.8052453290447
2026-09-29 14:19:00-04:00,763.84,763.97,763.5284,763.9,46434.769856,892,763.8722585300266
2026-09-29 14:20:00-04:00,763.9,764.05,763.798,764.0024,32167.389022,876,763.914919057898
2026-09-29 14:21:00-04:00,764.005,764.12,763.653,764.055,44149.44665,1056,764.0186700946084
2026-09-29 14:22:00-04:00,764.0624,764.33,763.8227,764.2838,67963.850715,1324,764.119580816518
2026-09-29 14:23:00-04:00,764.28,764.4,764.11,764.126,101867.51298,1626,764.261069383546
2026-09-29 14:24:00-04:00,764.13,764.21,763.88,763.9001,36096.987869,814,764.0309253013962
2026-09-29 14:25:00-04:00,763.92,764.017,763.83,763.84,19288.99243,622,763.9501896544672
2026-09-29 14:26:00-04:00,763.84,764.1219,763.84,763.91,41063.077492,789,763.944936030856
2026-09-29 14:27:00-04:00,763.91,764.024,763.85,763.95,18141.56897,511,763.9577026304478
2026-09-29 14:28:00-04:00,763.958,764.215,763.9423,764.04,41936.017539,814,764.0928349719925
2026-09-29 14:29:00-04:00,764.05,764.0751,763.93,763.948,37011.27485,760,763.9892925518881
2026-09-29 14:30:00-04:00,763.965,764.4,763.69,763.7877,156927.062121,2546,764.0799767262672
2026-09-29 14:31:00-04:00,763.79,764.0772,763.56,763.702,51719.424667,848,763.7228734369817
2026-09-29 14:32:00-04:00,763.7,764.0361,763.678,763.76,32404.936349,741,763.7816324967987
2026-09-29 14:33:00-04:00,763.7455,763.92,763.688,763.72,36409.075502,851,763.815219280816
2026-09-29 14:34:00-04:00,763.71,763.95,763.69,763.88,81379.790603,1222,763.8498752909976
2026-09-29 14:35:00-04:00,763.88,764.06,763.795,764.04,63505.408099,1019,763.9186433349638
2026-09-29 14:36:00-04:00,764.04,764.1327,763.9166,764.078,120599.747062,1391,764.0491810881045
2026-09-29 14:37:00-04:00,764.08,764.205,764.046,764.14,31597.998864,613,764.1228117665985
2026-09-29 14:38:00-04:00,764.15,764.675,763.9713,764.67,92998.838929,1576,764.4764895112932
2026-09-29 14:39:00-04:00,764.66,764.96,764.6441,764.88,105785.548274,1601,764.837080440319
2026-09-29 14:40:00-04:00,764.88,765.14,764.84,765.1223,119760.612137,1662,764.9624053889702
2026-09-29 14:41:00-04:00,765.125,765.31,764.9987,765.1255,98712.711634,1615,765.1458332315632
2026-09-29 14:42:00-04:00,765.122,765.185,764.5079,764.99,116683.147513,1270,765.0370438201671
2026-09-29 14:43:00-04:00,764.988,764.999,764.5399,764.81,42043.437109,863,764.8480388258453
2026-09-29 14:44:00-04:00,764.81,764.91,764.63,764.848,89665.724389,1226,764.816023215388
2026-09-29 14:45:00-04:00,764.845,764.984,764.828,764.9,56980.531237,952,764.9227444599154
2026-09-29 14:46:00-04:00,764.884,764.9,764.75,764.8,45435.557797,733,764.8515167697512
2026-09-29 14:47:00-04:00,764.79,764.796,764.39,764.49,85047.20256399999,1086,764.5428735162672
2026-09-29 14:48:00-04:00,764.5,764.63,764.4401,764.63,21970.291131,577,764.5277467445832
2026-09-29 14:49:00-04:00,764.64,764.74,764.59,764.66,23762.855792,575,764.652242558463
2026-09-29 14:50:00-04:00,764.66,764.732,764.53,764.63,38519.872013,721,764.6653896891776
2026-09-29 14:51:00-04:00,764.63,764.78,764.6134,764.7101,41701.567251,766,764.6875832477663
2026-09-29 14:52:00-04:00,764.71,764.83,764.628,764.78,32414.542519,772,764.7333705899465
2026-09-29 14:53:00-04:00,764.79,764.82,764.695,764.79,24665.515379,628,764.758752985756
2026-09-29 14:54:00-04:00,764.78,764.782,764.608,764.63,25776.515401,701,764.7066116158464
2026-09-29 14:55:00-04:00,764.62,764.72,764.55,764.69,35918.823295,808,764.6431902210157
2026-09-29 14:56:00-04:00,764.695,764.71,764.62,764.6245,42209.63668,727,764.6571971340164
2026-09-29 14:57:00-04:00,764.63,764.71,764.51,764.59,33773.015273,843,764.5809604669942
2026-09-29 14:58:00-04:00,764.59,764.88,764.55,764.78,25476.917861,822,764.7464819158405
2026-09-29 14:59:00-04:00,764.78,764.92,764.74,764.86,38686.168586,887,764.8434488854158
2026-09-29 15:00:00-04:00,764.85,765.049,764.8033,764.89,90616.528618,1513,764.9397130904944
2026-09-29 15:01:00-04:00,764.89,764.945,764.79,764.846,42547.615932,1076,764.8510087790814
2026-09-29 15:02:00-04:00,764.84,764.906,764.765,764.845,36529.136882,893,764.8259158478123
2026-09-29 15:03:00-04:00,764.845,764.96,764.81,764.825,62438.641028,1016,764.8713741742188
2026-09-29 15:04:00-04:00,764.83,765.05,764.706,765.0101,72285.638226,1155,764.8794760099048
2026-09-29 15:05:00-04:00,765.02,765.062,764.85,764.95,59179.152197,1163,764.9525423203421
2026-09-29 15:06:00-04:00,764.96,765.01,764.84,764.94,90063.990718,757,764.939760176137
2026-09-29 15:07:00-04:00,764.934,764.95,764.8,764.9066,61289.679521,817,764.8815053081199
2026-09-29 15:08:00-04:00,764.91,764.99,764.808,764.8299,37830.210218,819,764.8948380200557
2026-09-29 15:09:00-04:00,764.84,764.89,764.72,764.73,42778.517722,819,764.7838764315056
2026-09-29 15:10:00-04:00,764.728,764.8904,764.69,764.745,54095.122682,973,764.7373085751856
2026-09-29 15:11:00-04:00,764.745,764.8645,764.68,764.73,51370.217854,1063,764.7384479689068
2026-09-29 15:12:00-04:00,764.73,764.852,764.47,764.525,53669.15992,1009,764.6054099581851
2026-09-29 15:13:00-04:00,764.53,764.62,764.47,764.48,78520.766273,995,764.5619966918812
2026-09-29 15:14:00-04:00,764.47,764.7981,764.33,764.372,36618.482021,881,764.4175156055974
2026-09-29 15:15:00-04:00,764.37,764.5969,764.28,764.342,61342.21281,1090,764.3432352838103
2026-09-29 15:16:00-04:00,764.34,764.6991,764.3,764.4,86805.754455,1234,764.3663923492236
2026-09-29 15:17:00-04:00,764.4,764.42,764.31,764.385,62741.826956,1159,764.3800935254628
2026-09-29 15:18:00-04:00,764.385,764.56,764.37,764.5,76236.774733,1443,764.4714579452511
2026-09-29 15:19:00-04:00,764.5,764.58,764.39,764.53,48614.769671,1027,764.4910540448773
2026-09-29 15:20:00-04:00,764.52,764.55,764.38,764.475,65961.919214,1180,764.4739930605971
2026-09-29 15:21:00-04:00,764.475,764.64,764.47,764.625,60027.631568,1147,764.5516795073869
2026-09-29 15:22:00-04:00,764.6399,764.75,764.466,764.71,57609.059886,1039,764.6714199216012
2026-09-29 15:23:00-04:00,764.725,764.832,764.68,764.74,57159.294013,1049,764.7653812122794
2026-09-29 15:24:00-04:00,764.75,764.798,764.49,764.5916,55486.819988,1063,764.5888029371107
2026-09-29 15:25:00-04:00,764.56,764.655,764.45,764.558,67203.650761,1133,764.5654878907566
2026-09-29 15:26:00-04:00,764.56,764.68,764.51,764.5651,76539.474247,1111,764.5962765114137
2026-09-29 15:27:00-04:00,764.565,764.64,764.54,764.5644,53457.270063,931,764.6024185761
2026-09-29 15:28:00-04:00,764.56,764.5918,764.4,764.49,43983.276621,741,764.4708339325572
2026-09-29 15:29:00-04:00,764.49,764.61,764.42,764.57,51340.377474,871,764.4728753772588
2026-09-29 15:30:00-04:00,764.58,764.65,764.385,764.44,74559.763896,1243,764.4741657907502
2026-09-29 15:31:00-04:00,764.435,764.65,764.435,764.645,47750.729329,970,764.5404794132412
2026-09-29 15:32:00-04:00,764.65,764.802,764.57,764.765,42031.978348,998,764.6862888499776
2026-09-29 15:33:00-04:00,764.77,764.83,764.5657,764.68,51337.455332,977,764.7306920743583
2026-09-29 15:34:00-04:00,764.68,764.68,764.5,764.545,56771.714998,1118,764.5543472612327
2026-09-29 15:35:00-04:00,764.55,764.5967,764.43,764.445,122889.109033,1647,764.5034476297758
2026-09-29 15:36:00-04:00,764.4475,764.5513,764.42,764.49,109964.27075,1411,764.4811153758171
2026-09-29 15:37:00-04:00,764.49,764.64,764.47,764.6,34991.427103,807,764.5552312867886
2026-09-29 15:38:00-04:00,764.58,764.67,686.54,764.64,52005.812088,962,764.5764114145951
2026-09-29 15:39:00-04:00,764.65,764.682,764.47,764.495,48615.16219,1168,764.6116082091163
2026-09-29 15:40:00-04:00,764.495,764.547,764.38,764.425,52779.805645,1114,764.4651977861971
2026-09-29 15:41:00-04:00,764.425,764.5518,764.26,764.375,86983.372859,1308,764.3411861506761
2026-09-29 15:42:00-04:00,764.3785,764.38,764.28,764.29,94931.70922799999,1334,764.3279507548662
2026-09-29 15:43:00-04:00,764.28,764.4326,764.05,764.065,150577.709838,1811,764.1697955144491
2026-09-29 15:44:00-04:00,764.0659,764.4149,764.016,764.11,117261.077526,1479,764.1030293477961
2026-09-29 15:45:00-04:00,764.12,764.3376,763.91,763.97,155767.791776,2130,764.0123284202241
2026-09-29 15:46:00-04:00,763.98,764.2297,763.975,764.11,144770.590003,1858,764.0659610175973
2026-09-29 15:47:00-04:00,764.11,764.36,764.09,764.3,191342.442687,2410,764.2467623849955
2026-09-29 15:48:00-04:00,764.31,764.36,764.15,764.22,171751.290329,1849,764.2370214735055
2026-09-29 15:49:00-04:00,764.23,764.32,764.19,764.22,79472.738673,1465,764.2600386503863
2026-09-29 15:50:00-04:00,764.21,764.39,764.16,764.29,128898.980099,2128,764.2503461912601
2026-09-29 15:51:00-04:00,764.285,764.48,764.189,764.42,76329.945961,1451,764.382426915756
2026-09-29 15:52:00-04:00,764.4299,764.55,764.28,764.495,106903.50308,1846,764.446968755774
2026-09-29 15:53:00-04:00,764.49,764.6,764.2045,764.53,109714.872801,1627,764.4967711406586
2026-09-29 15:54:00-04:00,764.53,764.8,764.4755,764.57,162271.002726,2248,764.6185027419147
2026-09-29 15:55:00-04:00,764.58,764.59,763.96,764.11,372267.039809,4735,764.1422775055529
2026-09-29 15:56:00-04:00,764.115,764.2766,763.76,763.965,222792.733027,3111,763.9448920337468
2026-09-29 15:57:00-04:00,763.95,764.35,763.91,764.34,249904.618186,3523,764.1523062786558
2026-09-29 15:58:00-04:00,764.32,764.38,764.13,764.172,486941.911607,5232,764.2693905260708
2026-09-29 15:59:00-04:00,764.18,764.42,763.78,764.27,1261203.780129,10945,764.1505353062033
2026-09-30 09:30:00-04:00,766.45,766.66,766.16,766.515,464369.394069,4268,766.4685221932261
2026-09-30 09:31:00-04:00,766.5,767.13,766.0,767.0968,291012.82887800003,3276,766.4878026373044
2026-09-30 09:32:00-04:00,767.11,767.29,766.6,766.685,138549.361789,2746,767.043310443842
2026-09-30 09:33:00-04:00,766.685,766.78,766.24,766.6851,93059.295377,2119,766.5454243561526
2026-09-30 09:34:00-04:00,766.67,766.964,766.48,766.754,73778.615206,2292,766.8055574228803
2026-09-30 09:35:00-04:00,766.73,766.8188,766.42,766.604,130778.151976,2923,766.6380563930458
2026-09-30 09:36:00-04:00,766.604,766.84,766.4,766.804,68462.949065,1912,766.6149202126124
2026-09-30 09:37:00-04:00,766.804,766.94,766.586,766.665,46737.538115,1850,766.7608415224709
2026-09-30 09:38:00-04:00,766.674,766.6973,766.13,766.4,142538.577055,2546,766.3879154153672
2026-09-30 09:39:00-04:00,766.396,766.944,766.375,766.85,127682.716853,2349,766.6399378769133
2026-09-30 09:40:00-04:00,766.86,766.86,766.42,766.482,66801.830846,2035,766.5791422431421
2026-09-30 09:41:00-04:00,766.4414,766.93,766.4406,766.8501,84338.278148,1945,766.6505129030128
2026-09-30 09:42:00-04:00,766.8675,766.96,766.72,766.822,46792.588075,2009,766.8385471172037
2026-09-30 09:43:00-04:00,766.822,767.08,766.748,766.748,46127.786444,1845,766.9502942424889
2026-09-30 09:44:00-04:00,766.772,766.92,766.42,766.646,53591.532906,1941,766.5937599076861
2026-09-30 09:45:00-04:00,766.664,767.0,766.224,766.234,78044.970962,2346,766.561082611027
2026-09-30 09:46:00-04:00,766.225,766.3,766.078,766.2,54734.027887,2190,766.1888864517946
2026-09-30 09:47:00-04:00,766.203,766.41,766.056,766.316,38110.790784,1810,766.2396846475423
2026-09-30 09:48:00-04:00,766.316,766.73,766.2,766.412,95900.720638,2182,766.4767969272464
2026-09-30 09:49:00-04:00,766.4,767.186,766.3897,767.118,87372.117558,2201,766.984980223674
2026-09-30 09:50:00-04:00,767.12,767.34,767.0,767.184,60539.542289,2125,767.1542380078781
2026-09-30 09:51:00-04:00,767.184,767.33,766.95,767.06,42434.943108,1746,767.1635652549685
2026-09-30 09:52:00-04:00,767.056,767.064,766.7005,766.836,68951.803258,2142,766.8546097452262
2026-09-30 09:53:00-04:00,766.852,767.086,766.51,766.972,57491.050979,1885,766.7625204056408
2026-09-30 09:54:00-04:00,766.966,767.39,766.835,767.314,39704.249054,1571,767.1064167383475
2026-09-30 09:55:00-04:00,767.314,767.59,767.31,767.326,61758.644717999996,1978,767.4426041717933
2026-09-30 09:56:00-04:00,767.326,767.469,767.23,767.336,44810.752516,1823,767.3420742139563
2026-09-30 09:57:00-04:00,767.34,767.47,767.24,767.265,33095.221648,1591,767.3304704187506
2026-09-30 09:58:00-04:00,767.27,767.4988,767.06,767.438,87423.760824,2265,767.2734204780401
2026-09-30 09:59:00-04:00,767.44,767.988,767.3,767.97,127581.588444,2934,767.6981551709622
2026-09-30 10:00:00-04:00,767.95,768.216,767.95,768.068,177112.085064,3408,768.1052715157433
2026-09-30 10:01:00-04:00,768.07,768.64,768.06,768.496,136596.839743,3003,768.4097169934779
2026-09-30 10:02:00-04:00,768.49,768.542,768.09,768.3876,88175.153323,2465,768.4384043522882
2026-09-30 10:03:00-04:00,768.3888,768.58,768.26,768.54,49669.36519,1715,768.429050220765
2026-09-30 10:04:00-04:00,768.55,768.67,768.43,768.5988,84539.946192,2209,768.5449630409288
2026-09-30 10:05:00-04:00,768.59,768.87,768.58,768.85,130616.803053,2769,768.7076513030983
2026-09-30 10:06:00-04:00,768.855,769.16,768.83,769.07,120104.822016,2755,769.0362461109443
2026-09-30 10:07:00-04:00,769.074,769.1,768.7506,768.836,122928.13467,2805,768.9389618081905
2026-09-30 10:08:00-04:00,768.816,768.86,768.68,768.806,75694.288877,2204,768.7684738533519
2026-09-30 10:09:00-04:00,768.82,768.82,768.415,768.564,78240.641483,2407,768.5982572969953
2026-09-30 10:10:00-04:00,768.55,768.59,768.16,768.214,75187.365373,2440,768.4099926073275
2026-09-30 10:11:00-04:00,768.214,768.6638,767.9901,768.098,54681.25352,1956,768.0996942932013
2026-09-30 10:12:00-04:00,768.096,768.52,768.05,768.388,39250.218523,1940,768.299528226489
2026-09-30 10:13:00-04:00,768.388,768.4452,768.09,768.1164,43038.028727,2165,768.2397104850668
2026-09-30 10:14:00-04:00,768.1164,768.256,767.95,768.166,56558.27816,2186,768.0982375189279
2026-09-30 10:15:00-04:00,768.16,768.48,768.154,768.3776,56657.477543,2171,768.3016895595496
2026-09-30 10:16:00-04:00,768.3776,768.5864,768.28,768.5076,57508.334804,2282,768.4167818515639
2026-09-30 10:17:00-04:00,768.502,768.58,768.18,768.4976,44100.492307,2127,768.4189649800952
2026-09-30 10:18:00-04:00,768.506,768.8064,768.485,768.524,73631.611845,2737,768.6654764479212
2026-09-30 10:19:00-04:00,768.515,768.766,768.495,768.766,42877.69576,2170,768.6509016703616
2026-09-30 10:20:00-04:00,768.754,769.05,768.69,768.93,54175.099632,2166,768.8796222629345
2026-09-30 10:21:00-04:00,768.93,769.11,768.4684,768.984,43061.253581,2162,769.000535057291
2026-09-30 10:22:00-04:00,768.9601,769.0164,768.73,768.75,50749.951149,2276,768.8632657225023
2026-09-30 10:23:00-04:00,768.744,768.7564,768.45,768.696,127701.198881,2516,768.626081843853
2026-09-30 10:24:00-04:00,768.696,768.73,768.38,768.436,42881.247295,2020,768.5382429131809
2026-09-30 10:25:00-04:00,768.436,768.46,768.1025,768.265,66698.10047,2343,768.266465139942
2026-09-30 10:26:00-04:00,768.25,768.43,767.98,768.0364,47681.074383,2206,768.18453181651
2026-09-30 10:27:00-04:00,768.04,768.14,767.91,768.128,52499.671267,2186,768.0189103976621
2026-09-30 10:28:00-04:00,768.122,768.1564,767.47,767.64,102146.136458,2856,767.7428999079002
2026-09-30 10:29:00-04:00,767.612,767.9052,767.58,767.864,75712.15876,2273,767.7595641186729
2026-09-30 10:30:00-04:00,767.864,767.9988,767.62,767.972,98934.665667,2192,767.8697835272085
2026-09-30 10:31:00-04:00,767.954,768.15,767.68,768.0864,67962.365551,2462,767.9927476267742
2026-09-30 10:32:00-04:00,768.096,768.27,767.73,767.764,63916.69592,2230,767.9747833032978
2026-09-30 10:33:00-04:00,767.764,767.87,767.61,767.7864,59379.062509,2418,767.704424954612
2026-09-30 10:34:00-04:00,767.776,767.9354,767.398,767.554,110637.482107,2657,767.5349755943295
2026-09-30 10:35:00-04:00,767.554,767.62,767.46,767.53,53252.528007,2210,767.534701465375
2026-09-30 10:36:00-04:00,767.542,767.7052,767.36,767.4076,50992.122764,2118,767.5516078222494
2026-09-30 10:37:00-04:00,767.42,767.714,767.4164,767.664,40080.612543,1919,767.5440461046956
2026-09-30 10:38:00-04:00,767.67,767.91,767.25,767.8864,99165.980817,3000,767.6018411384662
2026-09-30 10:39:00-04:00,767.868,768.01,767.65,767.72,60255.567451,2149,767.8443748017871
2026-09-30 10:40:00-04:00,767.7132,767.824,767.36,767.816,27090.917598,1929,767.573020530709
2026-09-30 10:41:00-04:00,767.816,768.06,767.62,768.03,51405.533849,1845,767.8565362114814
2026-09-30 10:42:00-04:00,768.04,768.39,767.945,768.366,73409.634017,2377,768.2095080889785
2026-09-30 10:43:00-04:00,768.366,768.42,767.864,768.062,78582.167131,2706,768.1844869146943
2026-09-30 10:44:00-04:00,768.052,768.1364,767.6301,767.64,43844.48886,2126,767.8713912224897
2026-09-30 10:45:00-04:00,767.633,768.03,767.57,767.9276,38061.18182,1874,767.792073841221
2026-09-30 10:46:00-04:00,767.92,768.0664,767.76,767.984,30824.383988,1823,767.9172702749435
2026-09-30 10:47:00-04:00,767.98,768.344,767.956,768.3076,43378.795553,2171,768.2121873601551
2026-09-30 10:48:00-04:00,768.298,768.57,768.22,768.405,62307.710035,2259,768.3708035020221
2026-09-30 10:49:00-04:00,768.4,768.684,768.0661,768.684,33983.389402,1885,768.4939025851412
2026-09-30 10:50:00-04:00,768.684,768.6991,768.4401,768.484,43587.028728,2208,768.5289959514477
2026-09-30 10:51:00-04:00,768.484,768.71,768.48,768.546,63035.528652,2034,768.6076539502361
2026-09-30 10:52:00-04:00,768.546,768.9,768.542,768.868,46122.406089,1964,768.6461620299647
2026-09-30 10:53:00-04:00,768.866,769.1276,768.8212,769.0552,61699.366994,2089,769.0063681546828
2026-09-30 10:54:00-04:00,769.06,769.45,769.018,769.24,123461.713988,3243,769.2583714289074
2026-09-30 10:55:00-04:00,769.24,769.3652,769.1,769.156,57244.008746,2197,769.2310594073291
2026-09-30 10:56:00-04:00,769.156,769.1676,768.7782,769.014,48962.930731,2182,769.0498510596917
2026-09-30 10:57:00-04:00,769.0076,769.28,768.92,769.2188,52062.254453,2065,769.1630195216153
2026-09-30 10:58:00-04:00,769.2188,769.24,768.668,768.74,51414.59917,2232,768.9209805712192
2026-09-30 10:59:00-04:00,768.74,768.8,768.511,768.536,41255.892481,1871,768.6870882608179
2026-09-30 11:00:00-04:00,768.52,768.59,768.23,768.314,58912.150144,2313,768.3957897044791
2026-09-30 11:01:00-04:00,768.314,768.41,768.07,768.31,32647.840961,1948,768.2840226805247
2026-09-30 11:02:00-04:00,768.284,768.52,768.006,768.064,28365.210822,2057,768.343367167602
2026-09-30 11:03:00-04:00,768.064,768.398,768.01,768.396,27011.139376,1673,768.1945583798621
2026-09-30 11:04:00-04:00,768.3976,768.8303,768.1558,768.5364,41511.867795,2028,768.3604394602829
2026-09-30 11:05:00-04:00,768.54,768.5464,768.145,768.23,28216.416916,1941,768.3808283597108
2026-09-30 11:06:00-04:00,768.2088,768.366,768.06,768.244,30888.396758,1958,768.1883855069893
2026-09-30 11:07:00-04:00,768.2464,768.31,767.87,768.008,39105.97297,1905,768.0011881702884
2026-09-30 11:08:00-04:00,768.01,768.368,767.95,768.1982,33775.122692,1867,768.0831616717667
2026-09-30 11:09:00-04:00,768.2169,768.6,768.12,768.526,34696.10032,1719,768.3373556519743
2026-09-30 11:10:00-04:00,768.526,768.57,768.2545,768.54,21988.006349,1774,768.4999743554623
2026-09-30 11:11:00-04:00,768.548,768.69,768.14,768.216,77951.264073,2723,768.4278904609171
2026-09-30 11:12:00-04:00,768.2164,768.354,767.73,768.112,67057.033536,2480,768.0652924741524
2026-09-30 11:13:00-04:00,768.0999,768.37,768.0653,768.256,58444.340846,2167,768.2686825652092
2026-09-30 11:14:00-04:00,768.24,768.3364,768.005,768.206,33937.862907,1958,768.1500089027808
2026-09-30 11:15:00-04:00,768.204,768.68,768.149,768.634,30540.215737,1905,768.4832308554409
2026-09-30 11:16:00-04:00,768.634,768.95,768.5397,768.76,55466.355772,2057,768.7816969545522
2026-09-30 11:17:00-04:00,768.76,768.774,768.59,768.6888,77577.468758,2211,768.6680981120016
2026-09-30 11:18:00-04:00,768.688,768.6888,768.404,768.524,33473.512456,1814,768.5409980739142
2026-09-30 11:19:00-04:00,768.524,768.68,768.41,768.4864,18513.838457,1516,768.5313872110335
2026-09-30 11:20:00-04:00,768.49,768.5376,768.188,768.228,30105.291318,1669,768.3702801142017
2026-09-30 11:21:00-04:00,768.228,768.3027,768.08,768.14,34738.712144,1787,768.1868194754763
2026-09-30 11:22:00-04:00,768.156,768.19,767.9,767.9264,40098.190228,1938,768.0793212085201
2026-09-30 11:23:00-04:00,767.934,768.1815,767.918,768.046,40664.287566,1776,767.9752833636535
2026-09-30 11:24:00-04:00,768.06,768.4064,767.948,768.1198,31689.981478,1844,768.0448019481244
2026-09-30 11:25:00-04:00,768.1051,768.3,767.97,767.994,34875.119305,1797,768.1424704773024
2026-09-30 11:26:00-04:00,767.9964,768.17,767.9,767.975,51882.660169999996,2081,768.0210570192758
2026-09-30 11:27:00-04:00,767.97,768.34,767.9023,768.33,38862.57326,1875,768.1053138414995
2026-09-30 11:28:00-04:00,768.34,768.47,768.288,768.45,34654.981201,1768,768.3691551435061
2026-09-30 11:29:00-04:00,768.47,768.77,768.465,768.7501,56267.664334,2063,768.599802905166
2026-09-30 11:30:00-04:00,768.77,768.84,768.6701,768.8399,46644.176385,2001,768.7822451852473
2026-09-30 11:31:00-04:00,768.83,768.9,768.6291,768.9,44807.070225,2014,768.7853550530672
2026-09-30 11:32:00-04:00,768.885,769.02,768.7801,768.908,74181.138385,2167,768.9021801313113
2026-09-30 11:33:00-04:00,768.908,768.91,768.7,768.7976,37687.695727,1860,768.7836781056402
2026-09-30 11:34:00-04:00,768.784,768.99,768.5268,768.634,53406.478137,2065,768.7612165340586
2026-09-30 11:35:00-04:00,768.6476,768.84,768.546,768.63,35544.649978,1861,768.6688733513535
2026-09-30 11:36:00-04:00,768.6476,768.6564,768.4605,768.524,45634.836678,1890,768.5567946078168
2026-09-30 11:37:00-04:00,768.526,768.68,768.296,768.6776,37671.80884,1941,768.468739889607
2026-09-30 11:38:00-04:00,768.6629,768.74,768.6263,768.72,24172.301589,1538,768.679241513908
2026-09-30 11:39:00-04:00,768.724,768.77,768.64,768.6588,31079.321517,1945,768.7027558614545
2026-09-30 11:40:00-04:00,768.6577,768.67,768.5245,768.6076,63583.620036,2202,768.5949753985941
2026-09-30 11:41:00-04:00,768.626,768.86,768.59,768.62,29963.876174,1870,768.6996872820147
2026-09-30 11:42:00-04:00,768.6176,768.75,768.586,768.616,29572.00707,1820,768.6801000177084
2026-09-30 11:43:00-04:00,768.616,768.644,768.09,768.105,35911.930862,2079,768.3677845859461
2026-09-30 11:44:00-04:00,768.1,768.5752,767.88,768.032,85959.170745,2466,768.0407035186288
2026-09-30 11:45:00-04:00,768.0,768.1,767.884,768.064,43289.642012,1803,768.0010992268428
2026-09-30 11:46:00-04:00,768.0627,768.15,767.975,768.036,39101.761461,1935,768.0644937695537
2026-09-30 11:47:00-04:00,768.035,768.1464,767.988,768.116,24603.369499,1756,768.0713665527552
2026-09-30 11:48:00-04:00,768.1364,768.65,768.13,768.6376,80360.002652,2085,768.4481435346255
2026-09-30 11:49:00-04:00,768.624,769.22,768.56,769.1876,56583.309924,2171,768.9107387248505
2026-09-30 11:50:00-04:00,769.186,769.2488,768.4632,769.1064,76296.709349,2099,769.1378060682433
2026-09-30 11:51:00-04:00,769.106,769.12,768.8,768.8799,52898.517512,2158,769.0154491454119
2026-09-30 11:52:00-04:00,768.8764,768.8764,768.518,768.568,45212.419073,1894,768.6506831424067
2026-09-30 11:53:00-04:00,768.584,768.7364,768.56,768.674,22321.64911,1490,768.6411327498164
2026-09-30 11:54:00-04:00,768.674,768.77,768.23,768.2386,42239.173362,1981,768.5096513777913
2026-09-30 11:55:00-04:00,768.245,768.6602,768.1,768.2,34488.164691,2065,768.2373870823333
2026-09-30 11:56:00-04:00,768.205,768.394,768.205,768.27,20374.711461,1570,768.2931878825494
2026-09-30 11:57:00-04:00,768.264,768.51,768.25,768.5076,30602.686691,1599,768.3609081837263
2026-09-30 11:58:00-04:00,768.51,768.59,768.3559,768.458,47175.751088,1838,768.5038346262703
2026-09-30 11:59:00-04:00,768.458,768.736,768.374,768.726,33276.857985,1602,768.6091662964577
2026-09-30 12:00:00-04:00,768.72,768.7376,768.474,768.6752,94944.470829,2406,768.6203718110476
2026-09-30 12:01:00-04:00,768.66,768.76,768.586,768.6964,37035.560064,1939,768.6650644082214
2026-09-30 12:02:00-04:00,768.7,769.02,768.684,768.948,45531.263208,1902,768.8864050580114
2026-09-30 12:03:00-04:00,768.948,768.95,768.5693,768.895,41142.971034,1952,768.8754294319866
2026-09-30 12:04:00-04:00,768.9076,768.9176,768.6116,768.8825,68397.281568,2789,768.8161600091067
2026-09-30 12:05:00-04:00,768.9,769.05,768.6776,768.946,54760.231114,2254,768.9473641448182
2026-09-30 12:06:00-04:00,768.946,769.08,768.934,769.008,35990.326457,1754,769.0129810911156
2026-09-30 12:07:00-04:00,769.0,769.0476,768.74,768.756,59169.854327,2242,768.8897769483398
2026-09-30 12:08:00-04:00,768.756,768.9237,768.73,768.79,26692.822057,1832,768.7829653506404
2026-09-30 12:09:00-04:00,768.8064,768.844,768.738,768.8076,35027.402135,1723,768.7779277650075
2026-09-30 12:10:00-04:00,768.8,768.85,768.7,768.8276,40386.913592,2059,768.776223497951
2026-09-30 12:11:00-04:00,768.82,769.1,768.748,768.936,67914.990971,2297,768.8883645712641
2026-09-30 12:12:00-04:00,768.9564,768.9564,768.67,768.7076,35672.807545,1945,768.7886820077724
2026-09-30 12:13:00-04:00,768.7,769.024,768.678,768.958,37085.747906,1853,768.8954807201679
2026-09-30 12:14:00-04:00,768.958,769.02,768.8757,769.01,42159.147324,1485,768.9658307067505
2026-09-30 12:15:00-04:00,768.99,769.04,768.78,768.854,45279.398254,1635,768.915050717247
2026-09-30 12:16:00-04:00,768.866,768.87,768.73,768.768,35651.614208,1623,768.8058128093776
2026-09-30 12:17:00-04:00,768.768,768.78,768.29,768.318,55050.100872,2004,768.4925819297811
2026-09-30 12:18:00-04:00,768.318,768.3588,768.18,768.348,53970.617687,1696,768.2832335125702
2026-09-30 12:19:00-04:00,768.348,768.7343,768.34,768.466,33566.950348,1550,768.3989857391945
2026-09-30 12:20:00-04:00,768.46,768.6931,768.33,768.406,43166.016707,1621,768.39037894242
2026-09-30 12:21:00-04:00,768.4,768.6753,768.3819,768.438,31720.321681,1589,768.4395986596037
2026-09-30 12:22:00-04:00,768.43,768.6083,768.4238,768.438,41295.999021,1685,768.4750619589547
2026-09-30 12:23:00-04:00,768.438,768.47,768.308,768.436,41202.373505999996,1572,768.3855297694978
2026-09-30 12:24:00-04:00,768.436,768.5117,768.29,768.326,43689.001001,1608,768.353582566561
2026-09-30 12:25:00-04:00,768.326,768.4374,768.29,768.346,22354.315102,1566,768.3403611381682
2026-09-30 12:26:00-04:00,768.346,768.3944,768.22,768.246,38044.849218,1693,768.3048586261004
2026-09-30 12:27:00-04:00,768.24,768.2464,768.12,768.18,34964.814785,1508,768.17606548654
2026-09-30 12:28:00-04:00,768.188,768.2681,768.11,768.16,37752.922397,1621,768.1627384861438
2026-09-30 12:29:00-04:00,768.155,768.23,768.03,768.07,49918.602267,1598,768.1642960552024
2026-09-30 12:30:00-04:00,768.062,768.1,767.8353,767.866,82500.750694,2216,767.9591221261294
2026-09-30 12:31:00-04:00,767.86,768.1892,767.78,767.856,54724.619404,1877,767.8563896028511
2026-09-30 12:32:00-04:00,767.856,767.95,767.775,767.856,25593.640916,1620,767.8789987951543
2026-09-30 12:33:00-04:00,767.856,767.958,767.794,767.896,37233.049882,1646,767.875822014852
2026-09-30 12:34:00-04:00,767.896,768.05,767.858,768.024,25069.818504,1455,767.9545640996893
2026-09-30 12:35:00-04:00,768.024,768.086,767.89,767.976,34154.695592,1623,767.9985186547601
2026-09-30 12:36:00-04:00,767.976,768.01,767.67,767.696,29352.870902,1599,767.8655701678157
2026-09-30 12:37:00-04:00,767.696,767.98,767.6838,767.856,28446.221099,1501,767.8310168391197
2026-09-30 12:38:00-04:00,767.856,768.03,767.7958,767.978,34868.278238,1459,767.9596272459213
2026-09-30 12:39:00-04:00,767.978,767.978,767.8,767.92,22323.883359,1493,767.9032001495619
2026-09-30 12:40:00-04:00,767.9,768.03,767.86,768.03,23662.034013,1368,767.9296110866377
2026-09-30 12:41:00-04:00,768.034,768.31,768.016,768.1976,42494.932259,1593,768.227566465404
2026-09-30 12:42:00-04:00,768.166,768.234,767.9667,768.134,21125.225253,1468,768.1297023273618
2026-09-30 12:43:00-04:00,768.1325,768.4364,767.9822,768.4,40333.426144,1399,768.2982466270797
2026-09-30 12:44:00-04:00,768.394,768.51,768.2727,768.384,32657.280368,1516,768.4351876848054
2026-09-30 12:45:00-04:00,768.374,768.374,768.07,768.094,19601.693971,1469,768.2256019779313
2026-09-30 12:46:00-04:00,768.1,768.21,768.05,768.1445,16583.50349,1420,768.1167920329283
2026-09-30 12:47:00-04:00,768.16,768.324,768.15,768.166,17460.870186,1320,768.2412203293566
2026-09-30 12:48:00-04:00,768.166,768.166,767.768,767.8001,48955.275304,1730,767.8749257752343
2026-09-30 12:49:00-04:00,767.804,767.858,767.71,767.846,25948.6387,1299,767.7724121177104
2026-09-30 12:50:00-04:00,767.846,768.1158,767.82,767.96,25641.354805,1311,767.8779865380669
2026-09-30 12:51:00-04:00,767.968,768.04,767.85,767.894,22159.224792,1299,767.97260598167
2026-09-30 12:52:00-04:00,767.87,768.12,767.87,767.956,19193.350556,1423,768.0029369469154
2026-09-30 12:53:00-04:00,767.956,768.09,767.93,768.028,20085.400859,1240,768.0127902273105
2026-09-30 12:54:00-04:00,768.028,768.034,767.934,767.964,17980.725748,1269,767.9855572454412
2026-09-30 12:55:00-04:00,767.98,768.076,767.84,767.898,17001.968052,1402,767.9836810522442
2026-09-30 12:56:00-04:00,767.898,768.03,767.86,768.024,14651.111519,1376,767.9267754391494
2026-09-30 12:57:00-04:00,768.02,768.2399,768.02,768.116,72814.431638,1801,768.1239894364935
2026-09-30 12:58:00-04:00,768.12,768.3,768.088,768.1624,38913.598482,1460,768.1407646895465
2026-09-30 12:59:00-04:00,768.178,768.3,768.15,768.26,19246.337385,1371,768.2387229008522
2026-09-30 13:00:00-04:00,768.26,768.382,768.0937,768.284,41291.437921,1778,768.2748986232635
2026-09-30 13:01:00-04:00,768.284,768.41,768.175,768.384,22013.87952,1329,768.3129217689
2026-09-30 13:02:00-04:00,768.384,768.465,768.1466,768.298,16451.069141,1358,768.3774714639923
2026-09-30 13:03:00-04:00,768.298,768.34,768.195,768.336,14579.236411,1357,768.264835628103
2026-09-30 13:04:00-04:00,768.336,768.37,768.24,768.258,10073.110476,1126,768.2968193250258
2026-09-30 13:05:00-04:00,768.258,768.42,768.22,768.306,13675.52149,1272,768.2909574301403
2026-09-30 13:06:00-04:00,768.3159,768.444,768.26,768.3847,10905.009962,1010,768.3693738078338
2026-09-30 13:07:00-04:00,768.386,768.47,768.31,768.4,15457.463947,1274,768.3820759533378
2026-09-30 13:08:00-04:00,768.4,768.47,768.33,768.43,9278.198275,1187,768.4062084224867
2026-09-30 13:09:00-04:00,768.416,768.44,768.22,768.24,8619.448782,1144,768.3210687248782
2026-09-30 13:10:00-04:00,768.26,768.3255,768.13,768.1431,16761.688098,1199,768.2305527984539
2026-09-30 13:11:00-04:00,768.164,768.23,768.07,768.134,12796.545716,1210,768.1384212608726
2026-09-30 13:12:00-04:00,768.134,768.2819,768.04,768.056,26160.639361,1383,768.1340254998979
2026-09-30 13:13:00-04:00,768.05,768.2589,767.62,767.648,81023.342494,2194,767.8186291227329
2026-09-30 13:14:00-04:00,767.648,768.069,767.5901,767.702,40436.295426,1641,767.6683958047475
2026-09-30 13:15:00-04:00,767.702,767.702,767.19,767.196,51066.471516,2044,767.3846421090332
2026-09-30 13:16:00-04:00,767.18,767.216,766.98,767.216,125280.571714,2601,767.1043274122334
2026-09-30 13:17:00-04:00,767.216,767.35,767.07,767.2368,74405.080264,2175,767.2323849794161
2026-09-30 13:18:00-04:00,767.252,767.4616,767.055,767.116,54545.725517,1559,767.117118745741
2026-09-30 13:19:00-04:00,767.116,767.18,766.8,766.818,43523.465314,1871,767.0287288982274
2026-09-30 13:20:00-04:00,766.818,767.3284,766.64,766.81,80678.173043,2257,766.7861478730922
2026-09-30 13:21:00-04:00,766.82,767.2727,766.814,767.052,44065.399772,1541,766.9710537511355
2026-09-30 13:22:00-04:00,767.06,767.2291,766.89,766.936,37915.791526,1574,767.0682903504834
2026-09-30 13:23:00-04:00,766.954,767.1149,766.77,766.866,31634.819501,1359,766.8588574643987
2026-09-30 13:24:00-04:00,766.866,767.0907,766.846,767.01,27409.620192,1173,766.9484160116098
2026-09-30 13:25:00-04:00,767.0199,767.0549,766.76,766.834,44065.414081,1755,766.9209563439953
2026-09-30 13:26:00-04:00,766.834,766.905,766.26,766.376,61203.814927,2145,766.5438624487704
2026-09-30 13:27:00-04:00,766.376,766.7,766.34,766.648,103769.079387,2352,766.5077927483622
2026-09-30 13:28:00-04:00,766.648,766.84,766.62,766.792,48704.635462,1586,766.7110888766273
2026-09-30 13:29:00-04:00,766.795,767.04,766.7229,767.0,42147.242552,1669,766.9692498647382
2026-09-30 13:30:00-04:00,766.99,767.1,766.97,767.08,39594.372282,1650,767.029126983043
2026-09-30 13:31:00-04:00,767.09,767.25,766.966,767.196,37562.562705,1763,767.1355498199972
2026-09-30 13:32:00-04:00,767.2,767.37,767.16,767.346,32315.657275,1528,767.2615191158943
2026-09-30 13:33:00-04:00,767.3329,767.35,766.816,767.216,26704.247141,1466,767.2464266734079
2026-09-30 13:34:00-04:00,767.216,767.31,766.8318,767.1942,33905.703208,1501,767.1805260109143
2026-09-30 13:35:00-04:00,767.21,767.4,766.8564,767.27,73168.277883,1816,767.2865777939112
2026-09-30 13:36:00-04:00,767.278,767.4299,767.156,767.184,36205.88552,1426,767.2866915839539
2026-09-30 13:37:00-04:00,767.192,767.22,767.01,767.098,24501.376853,1352,767.0995819826809
2026-09-30 13:38:00-04:00,767.098,767.38,767.062,767.346,17427.755724,1270,767.2468253145935
2026-09-30 13:39:00-04:00,767.338,767.51,767.296,767.476,37092.239086,1674,767.4124856932228
2026-09-30 13:40:00-04:00,767.476,767.52,767.37,767.388,22020.380009,1510,767.4409425030998
2026-09-30 13:41:00-04:00,767.39,767.652,767.35,767.586,57757.196447,1861,767.5405467897612
2026-09-30 13:42:00-04:00,767.58,767.702,767.46,767.67,18036.421582,1422,767.5841167377604
2026-09-30 13:43:00-04:00,767.678,767.72,767.3456,767.488,16923.727985,1294,767.5935771317307
2026-09-30 13:44:00-04:00,767.488,767.5,767.31,767.494,20120.553542,1393,767.4309375326028
2026-09-30 13:45:00-04:00,767.494,767.52,767.25,767.3,26186.793188,1484,767.3216906546397
2026-09-30 13:46:00-04:00,767.31,767.4076,767.2,767.324,39472.767058,1546,767.272601603894
2026-09-30 13:47:00-04:00,767.322,767.77,767.204,767.459,45209.679326,3722,767.5165995206548
2026-09-30 13:48:00-04:00,767.46,767.775,767.378,767.76,25520.895639,3490,767.5437138262188
2026-09-30 13:49:00-04:00,767.76,767.86,767.4865,767.844,29699.520209,1459,767.8007074477764
2026-09-30 13:50:00-04:00,767.86,767.97,767.814,767.8501,25720.258133,1560,767.8938478235088
2026-09-30 13:51:00-04:00,767.86,767.924,767.788,767.834,27939.326106,1597,767.8624333323703
2026-09-30 13:52:00-04:00,767.834,767.908,767.6,767.624,25248.850126,1654,767.8070264203899
2026-09-30 13:53:00-04:00,767.615,767.7,767.556,767.7,34547.013954,1245,767.6044177760926
2026-09-30 13:54:00-04:00,767.67,767.74,767.6,767.7339,17769.964906,1290,767.6704161399254
2026-09-30 13:55:00-04:00,767.732,767.7552,767.524,767.61,29574.110452,1429,767.6255012879019
2026-09-30 13:56:00-04:00,767.605,767.706,767.605,767.685,19451.287545,1342,767.6565215175311
2026-09-30 13:57:00-04:00,767.69,767.73,767.61,767.674,17599.132077,1331,767.6683948973492
2026-09-30 13:58:00-04:00,767.674,767.735,767.65,767.69,20436.554375,1341,767.6899956245371
2026-09-30 13:59:00-04:00,767.6999,767.746,767.654,767.698,12030.696777,1227,767.7029862169805
2026-09-30 14:00:00-04:00,767.695,767.706,767.32,767.336,33074.548849,1574,767.4509408085319
2026-09-30 14:01:00-04:00,767.33,767.43,767.145,767.265,104757.845486,2187,767.2825711003672
2026-09-30 14:02:00-04:00,767.28,767.306,767.22,767.27,72683.501757,1801,767.2686905589878
2026-09-30 14:03:00-04:00,767.276,767.4242,767.2,767.266,55385.557996999996,1581,767.2952797671168
2026-09-30 14:04:00-04:00,767.266,767.376,767.2,767.314,71070.391232,1948,767.2814369761052
2026-09-30 14:05:00-04:00,767.314,767.38,767.16,767.17,44665.133896,1922,767.2850457438927
2026-09-30 14:06:00-04:00,767.17,767.3447,766.86,766.928,73674.024317,2387,766.9798705235911
2026-09-30 14:07:00-04:00,766.92,767.06,766.85,767.0,37175.247924,1549,766.9651067841772
2026-09-30 14:08:00-04:00,767.024,767.1395,766.855,767.134,38349.353807,1486,766.9838005843909
2026-09-30 14:09:00-04:00,767.134,767.21,766.974,767.2,55333.302318,1639,767.1087192072594
2026-09-30 14:10:00-04:00,767.19,767.25,767.085,767.24,37236.935601,1585,767.1494501137208
2026-09-30 14:11:00-04:00,767.234,767.47,767.1764,767.366,82157.83598,1628,767.338867174076
2026-09-30 14:12:00-04:00,767.366,767.54,767.1933,767.486,83994.535995,1905,767.4332932590979
2026-09-30 14:13:00-04:00,767.486,767.49,767.2,767.31,43830.591824,1609,767.3331839608985
2026-09-30 14:14:00-04:00,767.316,767.43,767.2112,767.338,47254.290391,1602,767.3423974253551
2026-09-30 14:15:00-04:00,767.338,767.38,767.19,767.258,83289.77884,2087,767.2683261230618
2026-09-30 14:16:00-04:00,767.26,767.36,767.19,767.214,150849.273502,2802,767.253597592572
2026-09-30 14:17:00-04:00,767.214,767.2528,767.07,767.08,57781.696988,1785,767.1628484203407
2026-09-30 14:18:00-04:00,767.07,767.2588,766.99,767.146,36930.390971,1535,767.0603487758316
2026-09-30 14:19:00-04:00,767.15,767.2652,766.948,767.2652,35889.477847,1528,767.0562479455856
2026-09-30 14:20:00-04:00,767.0023,767.1148,766.84,766.8977,46918.092732,1895,766.9797947369003
2026-09-30 14:21:00-04:00,766.88,766.88,766.626,766.704,49393.253728,1785,766.7482977823902
2026-09-30 14:22:00-04:00,766.704,767.1487,766.67,766.77,35813.52742,1392,766.7228103009393
2026-09-30 14:23:00-04:00,766.77,767.136,766.65,766.726,42673.576895,1920,766.7016945097785
2026-09-30 14:24:00-04:00,766.726,766.734,766.586,766.604,26625.635093,1570,766.6560582185119
2026-09-30 14:25:00-04:00,766.595,767.0336,766.35,766.38,65123.332233,2235,766.5152161569321
2026-09-30 14:26:00-04:00,766.384,766.8538,766.31,766.518,71257.854721,2023,766.4375469886525
2026-09-30 14:27:00-04:00,766.52,766.7508,766.4674,766.536,42181.9303,1667,766.5483376337583
2026-09-30 14:28:00-04:00,766.535,766.76,766.5155,766.718,56230.389055,1937,766.6674774195604
2026-09-30 14:29:00-04:00,766.718,766.82,766.65,766.768,49949.465791,1802,766.7259707588667
2026-09-30 14:30:00-04:00,766.76,766.84,766.6051,766.706,48657.477814,1821,766.7430140278295
2026-09-30 14:31:00-04:00,766.7,766.73,766.41,766.418,41613.980111,1943,766.5483956865163
2026-09-30 14:32:00-04:00,766.418,766.4688,766.31,766.384,56572.965694,1970,766.3558255619508
2026-09-30 14:33:00-04:00,766.384,766.414,766.11,766.22,50118.118145,1945,766.2538701165059
2026-09-30 14:34:00-04:00,766.22,766.26,766.1,766.254,43390.219562,1830,766.1654051013733
2026-09-30 14:35:00-04:00,766.245,766.4815,766.19,766.228,46158.726398,1753,766.2336716637154
2026-09-30 14:36:00-04:00,766.22,766.4669,766.15,766.35,37916.211056,1655,766.3147748534383
2026-09-30 14:37:00-04:00,766.36,766.5089,766.29,766.48,46239.246661,1590,766.4207913944247
2026-09-30 14:38:00-04:00,766.48,766.6,766.38,766.596,33752.532831,1544,766.4645478378718
2026-09-30 14:39:00-04:00,766.6,766.87,766.54,766.79,83828.773909,1669,766.680830892798
2026-09-30 14:40:00-04:00,766.79,766.85,766.71,766.722,37217.34677,1466,766.7829953023374
2026-09-30 14:41:00-04:00,766.72,766.8,766.4355,766.776,37474.789774,1745,766.748004295413
2026-09-30 14:42:00-04:00,766.77,766.93,766.74,766.88,140208.685083,3058,766.8202489225412
2026-09-30 14:43:00-04:00,766.9,766.97,766.5965,766.866,105371.542357,2040,766.8783451074348
2026-09-30 14:44:00-04:00,766.866,766.87,766.8,766.856,45572.705105,1494,766.8356806458116
2026-09-30 14:45:00-04:00,766.84,766.896,766.58,766.624,37812.931251,1704,766.715650919971
2026-09-30 14:46:00-04:00,766.615,766.74,766.59,766.694,29341.742813,1470,766.6594750821763
2026-09-30 14:47:00-04:00,766.665,766.74,766.57,766.596,49506.665689,1739,766.6834894438665
2026-09-30 14:48:00-04:00,766.596,766.6,766.266,766.316,44739.294241,1813,766.4174019170807
2026-09-30 14:49:00-04:00,766.316,766.364,766.15,766.286,36871.975813,1920,766.2818946640322
2026-09-30 14:50:00-04:00,766.286,766.7234,766.27,766.325,43229.068043,1744,766.3341182136436
2026-09-30 14:51:00-04:00,766.32,766.6692,766.158,766.174,44385.328735,1574,766.2666519860915
2026-09-30 14:52:00-04:00,766.174,766.254,766.15,766.224,49979.273566,1623,766.204072613375
2026-09-30 14:53:00-04:00,766.224,766.28,766.02,766.0677,59944.604113,1959,766.1318199504541
2026-09-30 14:54:00-04:00,766.05,766.26,766.0,766.194,35914.804907,1819,766.1279138979353
2026-09-30 14:55:00-04:00,766.194,766.28,766.16,766.234,42403.153404,1803,766.218685233619
2026-09-30 14:56:00-04:00,766.226,766.37,766.17,766.264,29896.257023,1500,766.2409519442764
2026-09-30 14:57:00-04:00,766.264,766.398,766.21,766.398,29991.161602,1442,766.2855123957871
2026-09-30 14:58:00-04:00,766.395,766.64,766.2421,766.554,51044.401174,1738,766.4531887669033
2026-09-30 14:59:00-04:00,766.554,766.634,766.448,766.464,34152.372418,1598,766.5224266465278
2026-09-30 15:00:00-04:00,766.48,766.62,766.2765,766.588,44464.999185,1665,766.5370125965187
2026-09-30 15:01:00-04:00,766.585,766.76,766.3234,766.746,34092.434243,1645,766.6138315886599
2026-09-30 15:02:00-04:00,766.746,766.8256,766.3252,766.788,27360.296177,1580,766.7432856728917
2026-09-30 15:03:00-04:00,766.79,766.83,766.6301,766.784,25054.64764,1294,766.7065988631214
2026-09-30 15:04:00-04:00,766.784,766.81,766.7,766.764,29654.865551,1602,766.7436742301662
2026-09-30 15:05:00-04:00,766.77,766.77,766.64,766.7,39561.09703,1812,766.7018935863111
2026-09-30 15:06:00-04:00,766.706,766.79,766.65,766.675,35290.459579,1580,766.7108529613485
2026-09-30 15:07:00-04:00,766.675,766.79,766.5956,766.72,42271.474561,1711,766.6976034618555
2026-09-30 15:08:00-04:00,766.718,766.852,766.69,766.764,37261.675246,1585,766.7820284172208
2026-09-30 15:09:00-04:00,766.764,766.814,766.63,766.806,28975.169448,1453,766.68265401303
2026-09-30 15:10:00-04:00,766.81,766.818,766.55,766.6701,52722.971046,1658,766.6849808471535
2026-09-30 15:11:00-04:00,766.66,766.76,766.54,766.5499,37757.01968,1647,766.6667907705729
2026-09-30 15:12:00-04:00,766.548,766.7061,766.52,766.606,108896.05241,2109,766.5608571837499
2026-09-30 15:13:00-04:00,766.606,766.6609,766.54,766.598,65630.856704,1882,766.5862312824765
2026-09-30 15:14:00-04:00,766.598,766.88,766.59,766.83,185263.044526,2613,766.7597400262225
2026-09-30 15:15:00-04:00,766.81,766.83,766.58,766.635,51787.611406,1694,766.687595179345
2026-09-30 15:16:00-04:00,766.65,766.83,766.5,766.576,115742.249526,2136,766.5849200772108
2026-09-30 15:17:00-04:00,766.57,766.6818,766.5,766.575,37579.490782,1740,766.5581467764896
2026-09-30 15:18:00-04:00,766.575,766.66,766.46,766.64,38752.984538,1636,766.5348101553898
2026-09-30 15:19:00-04:00,766.64,766.77,766.6,766.68,64121.584351,1712,766.6843829920296
2026-09-30 15:20:00-04:00,766.67,766.6863,766.47,766.578,60802.994597,2071,766.5614595000249
2026-09-30 15:21:00-04:00,766.578,766.66,766.5,766.5,28252.666352,1559,766.5928064544436
2026-09-30 15:22:00-04:00,766.52,766.57,766.468,766.548,36224.002371,1607,766.5127593939047
2026-09-30 15:23:00-04:00,766.55,766.6394,766.24,766.26,59925.565727,2059,766.3210104515681
2026-09-30 15:24:00-04:00,766.265,766.5892,766.24,766.334,31638.909512,1557,766.3303592934717
2026-09-30 15:25:00-04:00,766.334,766.5,766.3,766.308,34661.941187,1704,766.3805903703498
2026-09-30 15:26:00-04:00,766.308,766.5189,766.305,766.365,84201.283127,2124,766.3473284841094
2026-09-30 15:27:00-04:00,766.358,766.426,766.27,766.356,61045.862912,1673,766.3386796340374
2026-09-30 15:28:00-04:00,766.356,766.4515,766.24,766.356,47267.455546,1680,766.3108828282878
2026-09-30 15:29:00-04:00,766.356,766.39,766.27,766.34,50553.947181999996,2075,766.3193649951247
2026-09-30 15:30:00-04:00,766.34,766.45,766.25,766.37,99898.035888,2364,766.3554010691788
2026-09-30 15:31:00-04:00,766.378,766.4,766.22,766.294,89404.515531,2064,766.3235404783308
2026-09-30 15:32:00-04:00,766.294,766.326,766.15,766.174,66330.470069,1972,766.2647754247378
2026-09-30 15:33:00-04:00,766.176,766.3258,766.05,766.186,42775.2962,1846,766.1332405220949
2026-09-30 15:34:00-04:00,766.19,766.2798,766.14,766.168,161534.069303,2190,766.202613634058
2026-09-30 15:35:00-04:00,766.18,766.44,766.1401,766.38,100488.259339,2325,766.3302345364873
2026-09-30 15:36:00-04:00,766.36,766.376,766.13,766.13,83488.619647,2497,766.2386785148839
2026-09-30 15:37:00-04:00,766.13,766.2708,765.75,765.8612,143855.703173,2943,765.9660497095109
2026-09-30 15:38:00-04:00,765.88,766.0873,765.74,765.755,176515.199558,2529,765.8668399998894
2026-09-30 15:39:00-04:00,765.755,766.1573,765.73,765.976,136422.311339,3068,765.8537494069335
2026-09-30 15:40:00-04:00,765.976,766.1037,765.88,765.965,147350.045246,2766,765.9680802117464
2026-09-30 15:41:00-04:00,765.974,766.053,765.73,765.75,93380.294773,2297,765.8935981866928
2026-09-30 15:42:00-04:00,765.76,765.8871,765.53,765.596,128521.45071,2748,765.7171883536994
2026-09-30 15:43:00-04:00,765.596,765.9872,765.52,765.694,113556.558959,2766,765.5999117535753
2026-09-30 15:44:00-04:00,765.694,765.872,765.68,765.75,90592.582919,2552,765.7782048130039
2026-09-30 15:45:00-04:00,765.75,765.85,765.52,765.604,115679.163528,2538,765.6519565252802
2026-09-30 15:46:00-04:00,765.604,765.6778,765.54,765.575,119308.787104,2338,765.6038574466503
2026-09-30 15:47:00-04:00,765.576,765.63,765.36,765.42,221703.241616,3871,765.5009940612257
2026-09-30 15:48:00-04:00,765.42,765.75,765.295,765.568,243495.855162,3785,765.5835331124266
2026-09-30 15:49:00-04:00,765.56,765.69,765.29,765.334,281698.332556,4317,765.4098890485263
2026-09-30 15:50:00-04:00,765.31,765.4212,764.48,764.53,641240.05209,8611,764.6890511890034
2026-09-30 15:51:00-04:00,764.545,765.1557,764.24,764.544,793231.586611,10097,764.4261984671829
2026-09-30 15:52:00-04:00,764.55,765.01,764.495,764.7,961152.668904,13168,764.6969151648912
2026-09-30 15:53:00-04:00,764.69,764.95,764.67,764.7,761243.668676,10457,764.7950046920948
2026-09-30 15:54:00-04:00,764.6999,764.9,763.78,763.84,934965.373471,11364,764.3141557807224
2026-09-30 15:55:00-04:00,763.82,764.4487,763.53,763.89,1026748.829633,11105,763.6673931224524
2026-09-30 15:56:00-04:00,763.88,764.3075,763.69,763.92,947546.69669,10550,763.8586774907386
2026-09-30 15:57:00-04:00,763.92,764.3878,763.788,763.896,1061182.3377110001,10942,763.9005244467513
2026-09-30 15:58:00-04:00,763.88,764.1975,763.39,763.74,1326086.529534,11836,763.6641780699181
2026-09-30 15:59:00-04:00,763.75,764.06,762.2,762.46,3106414.445777,23257,763.142153378646
2026-10-01 09:30:00-04:00,764.36,765.2,763.9,763.99,660100.6883789999,6340,764.5219538116147
2026-10-01 09:31:00-04:00,764.0,764.22,763.38,763.45,204596.867639,3817,763.836652874511
2026-10-01 09:32:00-04:00,763.464,764.38,763.45,764.24,199712.612675,4243,763.806864921887
2026-10-01 09:33:00-04:00,764.24,765.276,763.8943,764.91,207355.730508,4125,764.8768624651129
2026-10-01 09:34:00-04:00,764.912,764.956,764.27,764.7579,171936.767995,3747,764.6930775198496
2026-10-01 09:35:00-04:00,764.774,765.156,764.46,764.924,217614.586003,4487,764.7663731459622
2026-10-01 09:36:00-04:00,764.929,765.06,764.42,764.956,196954.833779,4107,764.8096293161216
2026-10-01 09:37:00-04:00,764.956,765.34,764.42,765.286,129080.676235,3155,765.0434872224689
2026-10-01 09:38:00-04:00,765.286,765.35,764.946,765.19,117022.239872,2966,765.1284922778777
2026-10-01 09:39:00-04:00,765.195,765.29,764.544,764.626,103432.20441,2977,764.9327688755856
2026-10-01 09:40:00-04:00,764.64,764.861,764.111596,764.236,141839.057607,3529,764.3982426725278
2026-10-01 09:41:00-04:00,764.236,764.58,763.72,763.735,157176.628168,3397,764.2870960894354
2026-10-01 09:42:00-04:00,763.736,764.2958,763.54,763.65,191031.722517,3264,763.7283020463915
2026-10-01 09:43:00-04:00,763.64,763.7251,763.27,763.415,142675.719563,2982,763.5050808952989
2026-10-01 09:44:00-04:00,763.416,763.7,763.2,763.434,97042.881838,2492,763.4418316504431
2026-10-01 09:45:00-04:00,763.41,763.93,763.4,763.528,118001.209735,3244,763.6717282957025
2026-10-01 09:46:00-04:00,763.528,763.722,763.33,763.4782,86009.461314,2566,763.5457543191914
2026-10-01 09:47:00-04:00,763.492,763.6499,763.07,763.13,212952.42871,2724,763.2332776862756
2026-10-01 09:48:00-04:00,763.11,763.33,762.92,763.31,107841.2308,2843,763.1105614358678
2026-10-01 09:49:00-04:00,763.305,763.33,762.5932,762.626,129061.099487,3111,762.83531851244
2026-10-01 09:50:00-04:00,762.62,763.33,762.61,763.2788,167078.958338,3088,762.8856581498998
2026-10-01 09:51:00-04:00,763.27,763.3099,762.88,763.084,95193.930388,2668,763.0986353760258
2026-10-01 09:52:00-04:00,763.088,763.97,763.028,763.946,120254.681251,2899,763.5511740774256
2026-10-01 09:53:00-04:00,763.94,764.0,763.57,763.83,98617.910132,2959,763.7657383218005
2026-10-01 09:54:00-04:00,763.8224,763.92,763.6,763.778,62141.332757000004,2427,763.7468235557318
2026-10-01 09:55:00-04:00,763.76,764.05,763.2,763.288,137005.482935,3329,763.6656228823238
2026-10-01 09:56:00-04:00,763.306,763.306,762.825,762.884,106516.787533,2683,763.0158220914589
2026-10-01 09:57:00-04:00,762.88,763.12,762.72,763.048,111617.188867,2707,762.9089855265529
2026-10-01 09:58:00-04:00,763.0477,763.0477,762.758,762.758,62307.458989,2253,762.8896711849384
2026-10-01 09:59:00-04:00,762.758,762.758,762.44,762.57,109625.960724,2752,762.6013446056913
2026-10-01 10:00:00-04:00,762.59,762.73,761.25,761.28,269968.317967,5771,761.978936989094
2026-10-01 10:01:00-04:00,761.28,761.309,760.33,760.44,193917.554987,4730,760.7622299484434
2026-10-01 10:02:00-04:00,760.44,760.6497,759.99,760.355,214108.119837,4503,760.2791767158229
2026-10-01 10:03:00-04:00,760.35,760.4868,759.89,760.285,178305.795598,4538,760.1967986597571
2026-10-01 10:04:00-04:00,760.285,760.47,760.0,760.0736,207598.542957,3694,760.3028381406777
2026-10-01 10:05:00-04:00,760.086,760.2504,759.77,759.975,140133.301442,3302,760.0458465447099
2026-10-01 10:06:00-04:00,759.978,760.4,759.71,760.34,157946.665947,3690,760.0471612104108
2026-10-01 10:07:00-04:00,760.34,760.55,760.05,760.31,186964.811682,3538,760.3667749397723
2026-10-01 10:08:00-04:00,760.308,761.34,760.3,761.01,309206.681438,5263,760.7190694949616
2026-10-01 10:09:00-04:00,761.05,761.6385,760.96,761.576,138422.021295,3288,761.3319997886115
2026-10-01 10:10:00-04:00,761.576,761.59,761.12,761.325,132566.147236,3197,761.3223677903812
2026-10-01 10:11:00-04:00,761.325,761.39,760.79,760.84,125728.371022,3182,761.0772148319521
2026-10-01 10:12:00-04:00,760.836,761.36,760.71,760.79,104433.905469,2979,760.974062423245
2026-10-01 10:13:00-04:00,760.7788,760.82,760.295,760.586,109226.541543,3252,760.5356469285075
2026-10-01 10:14:00-04:00,760.5858,760.9,760.45,760.89,81954.165384,2889,760.5826881652031
2026-10-01 10:15:00-04:00,760.9,761.2192,760.6506,760.8264,73166.310963,2703,760.8960715866187
2026-10-01 10:16:00-04:00,760.8664,761.01,760.69,760.864,39136.553292,2127,760.8532660503304
2026-10-01 10:17:00-04:00,760.84,761.282,760.7576,761.02,56066.528057,2538,761.0136741801322
2026-10-01 10:18:00-04:00,761.0232,761.04,760.42,760.62,63345.628055,2653,760.640597126134
2026-10-01 10:19:00-04:00,760.6264,760.67,760.13,760.604,60428.183017,2558,760.3812185886284
2026-10-01 10:20:00-04:00,760.6,760.86,760.43,760.64,74711.57882,2691,760.648095674535
2026-10-01 10:21:00-04:00,760.644,760.82,760.31,760.47,75000.175049,2758,760.6456350753338
2026-10-01 10:22:00-04:00,760.46,760.684,759.94,760.0199,159418.632254,3276,760.295144406751
2026-10-01 10:23:00-04:00,760.01,760.46,759.778,760.354,82144.135381,2695,760.0818737148415
2026-10-01 10:24:00-04:00,760.345,760.5426,760.21,760.39,60116.284914,2370,760.3586796640959
2026-10-01 10:25:00-04:00,760.39,760.7074,760.28,760.5587,83840.236128,2791,760.4823171420496
2026-10-01 10:26:00-04:00,760.5788,761.06,760.414,760.894,61697.956062,2612,760.6783343495883
2026-10-01 10:27:00-04:00,760.896,760.916,760.526,760.75,95496.445675,2947,760.7326811225607
2026-10-01 10:28:00-04:00,760.75,760.8452,760.04,760.3888,59798.544872,2459,760.2907838107265
2026-10-01 10:29:00-04:00,760.35,760.7,760.35,760.448,39741.817108,2135,760.538381736217
2026-10-01 10:30:00-04:00,760.445,760.95,760.24,760.814,95958.912388,2956,760.5918194288618
2026-10-01 10:31:00-04:00,760.8452,760.8452,760.13,760.4876,51266.85622,2689,760.4546809467818
2026-10-01 10:32:00-04:00,760.496,760.94,760.31,760.71,95998.164627,3246,760.6935186945366
2026-10-01 10:33:00-04:00,760.7176,761.3,760.712,761.056,91566.160671,3091,761.1221662519832
2026-10-01 10:34:00-04:00,761.044,761.5364,760.6477,761.5288,90956.632245,2819,761.1650727523627
2026-10-01 10:35:00-04:00,761.54,761.5988,761.14,761.246,106979.733613,3036,761.3660302687879
2026-10-01 10:36:00-04:00,761.2488,761.78,760.9021,761.7697,80337.283732,2852,761.5129094874087
2026-10-01 10:37:00-04:00,761.7364,761.91,761.488,761.504,88359.353504,2647,761.729097621631
2026-10-01 10:38:00-04:00,761.5064,761.8676,761.31,761.7801,80226.091108,2695,761.5446720298694
2026-10-01 10:39:00-04:00,761.808,762.13,761.127,762.01,108637.303261,3007,761.9258739112562
2026-10-01 10:40:00-04:00,762.0,762.18,761.6752,761.8764,127162.367593,3440,761.9390985256417
2026-10-01 10:41:00-04:00,761.86,761.9,761.305,761.506,106818.196326,3257,761.5368358217055
2026-10-01 10:42:00-04:00,761.49,761.7831,761.398,761.584,45903.244705,2071,761.5908657724647
2026-10-01 10:43:00-04:00,761.59,761.801,761.396,761.63,56035.266838999996,2425,761.6363901559353
2026-10-01 10:44:00-04:00,761.6464,761.712,761.28,761.416,61948.851613,2666,761.4767740911792
2026-10-01 10:45:00-04:00,761.42,761.966,761.33,761.966,67380.110614,2322,761.6274244434759
2026-10-01 10:46:00-04:00,761.954,762.1164,761.29,761.4164,65698.437108,2724,761.6846702153051
2026-10-01 10:47:00-04:00,761.4464,761.6989,760.92,760.99,66016.077802,2709,761.1244627856183
2026-10-01 10:48:00-04:00,760.9764,761.16,760.878,760.934,75088.756856,2713,761.01927573147
2026-10-01 10:49:00-04:00,760.934,761.5905,760.83,761.236,93215.814012,3101,761.1012772053346
2026-10-01 10:50:00-04:00,761.236,761.454,761.01,761.23,52764.490842,2288,761.2431056901373
2026-10-01 10:51:00-04:00,761.2,761.3917,760.74,760.754,55532.582093,2483,761.00874873536
2026-10-01 10:52:00-04:00,760.7455,761.3046,760.184,760.33,51494.511054,2668,760.4677524886336
2026-10-01 10:53:00-04:00,760.31,760.77,760.09,760.31,98586.934083,3015,760.360939232534
2026-10-01 10:54:00-04:00,760.28,760.5247,760.118,760.478,100084.226553,2639,760.2817610094296
2026-10-01 10:55:00-04:00,760.48,760.79,760.376,760.548,58666.338043,2307,760.5858083322695
2026-10-01 10:56:00-04:00,760.5576,760.7164,760.35,760.496,55174.436911,2254,760.4952426491891
2026-10-01 10:57:00-04:00,760.4776,760.7377,760.26,760.506,71156.872877,2558,760.4628440001563
2026-10-01 10:58:00-04:00,760.509,761.32,760.05,760.29,130985.016845,3676,760.6932080404093
2026-10-01 10:59:00-04:00,760.26,760.502,759.924,760.41,91374.409443,2880,760.1763389664036
2026-10-01 11:00:00-04:00,760.41,760.5664,760.09,760.186,79548.001323,2390,760.3737367736948
2026-10-01 11:01:00-04:00,760.194,760.21,759.36,759.654,126128.517186,3715,759.6771281640481
2026-10-01 11:02:00-04:00,759.65,760.2692,759.455,759.466,78926.631175,2491,759.6756978077279
2026-10-01 11:03:00-04:00,759.45,759.654,759.29,759.444,88286.964282,3063,759.4706240522768
2026-10-01 11:04:00-04:00,759.444,759.7376,759.294,759.5396,101629.473345,2797,759.5432525493957
2026-10-01 11:05:00-04:00,759.534,759.86,759.43,759.51,84753.896389,2853,759.7035425373846
2026-10-01 11:06:00-04:00,759.51,759.644,759.478,759.6288,54950.974693000004,2420,759.5465341437846
2026-10-01 11:07:00-04:00,759.6056,759.9526,759.39,759.4123,67005.951852,2470,759.6819416357971
2026-10-01 11:08:00-04:00,759.41,759.4919,759.0,759.2276,164525.928347,3920,759.1719683838566
2026-10-01 11:09:00-04:00,759.226,759.5395,759.22,759.308,82560.863996,2766,759.3619130211708
2026-10-01 11:10:00-04:00,759.3,759.5003,758.86,759.0876,127432.844568,3553,759.0263972391166
2026-10-01 11:11:00-04:00,759.072,759.5,758.79,759.384,120209.341706,3390,759.1000557467531
2026-10-01 11:12:00-04:00,759.384,759.53,759.1681,759.4673,46470.760107,2299,759.3849823574002
2026-10-01 11:13:00-04:00,759.46,759.9099,759.46,759.7761,45885.275674,2249,759.7393124229872
2026-10-01 11:14:00-04:00,759.7852,760.35,759.74,760.26,106724.432913,2979,760.0397026726986
2026-10-01 11:15:00-04:00,760.276,760.472,760.0,760.316,62745.174697,2495,760.2042897451076
2026-10-01 11:16:00-04:00,760.316,760.64,759.6554,760.5676,50297.519622,2613,760.4860596716053
2026-10-01 11:17:00-04:00,760.578,761.1099,759.498,761.0988,137792.101605,3449,760.802524110839
2026-10-01 11:18:00-04:00,761.11,761.17,759.8909,760.504,128469.149455,3447,760.923644148118
2026-10-01 11:19:00-04:00,760.506,760.946,760.44,760.74,102392.748351,2819,760.6598522187568
2026-10-01 11:20:00-04:00,760.726,761.14,760.444,760.484,187379.658806,4152,760.822332649229
2026-10-01 11:21:00-04:00,760.472,760.974,760.348,760.868,63301.364509,2488,760.5819706178701
2026-10-01 11:22:00-04:00,760.86,760.9664,760.5297,760.676,44104.753195,2044,760.8122828354102
2026-10-01 11:23:00-04:00,760.676,760.8476,760.5557,760.724,32654.840158,1939,760.711792614459
2026-10-01 11:24:00-04:00,760.7005,760.92,760.668,760.7064,36920.30131,1877,760.7914992986266
2026-10-01 11:25:00-04:00,760.696,761.0052,760.652,760.826,59732.96116,2385,760.7981751952489
2026-10-01 11:26:00-04:00,760.81,761.1,760.64,761.085,48400.054626,2255,760.8799744202441
2026-10-01 11:27:00-04:00,761.1,761.2,760.8003,761.144,71186.654424,2288,761.0869460087335
2026-10-01 11:28:00-04:00,761.15,761.34,760.722,760.744,58220.241818,2447,761.0786451380079
2026-10-01 11:29:00-04:00,760.744,760.983,760.37,760.4,44928.759266,2304,760.6233786308711
2026-10-01 11:30:00-04:00,760.416,760.8518,760.16,760.3452,45859.269972,2479,760.376270859457
2026-10-01 11:31:00-04:00,760.31,760.39,760.03,760.194,37065.532393,2125,760.2491142926992
2026-10-01 11:32:00-04:00,760.1899,760.5276,759.93,759.9525,39698.987981,2109,760.0463037520675
2026-10-01 11:33:00-04:00,759.9776,760.5268,759.916,759.944,49176.780912,2165,760.1167430203717
2026-10-01 11:34:00-04:00,759.944,760.1189,759.52,759.536,76872.158949,2552,759.7350808212689
2026-10-01 11:35:00-04:00,759.54,760.414,759.25,759.28,61939.61723,2350,759.4617714750425
2026-10-01 11:36:00-04:00,759.27,759.82,759.25,759.7688,85475.627808,2744,759.4820447990844
2026-10-01 11:37:00-04:00,759.7656,760.01,759.5993,760.006,80373.260325,2240,759.8732031147091
2026-10-01 11:38:00-04:00,760.006,760.53,759.7566,760.398,54632.336653,2348,760.2438915742684
2026-10-01 11:39:00-04:00,760.398,760.87,759.7499,760.524,66622.823733,2496,760.6287941371977
2026-10-01 11:40:00-04:00,760.53,760.8603,760.0212,760.44,82710.213088,2736,760.6552104500032
2026-10-01 11:41:00-04:00,760.435,760.5352,759.82,759.9264,56065.781243,2753,760.2233814946186
2026-10-01 11:42:00-04:00,759.932,760.4395,759.845,760.146,48285.402997,2068,760.0141335300289
2026-10-01 11:43:00-04:00,760.146,760.1476,759.57,759.646,69693.965484,2480,759.8740452662795
2026-10-01 11:44:00-04:00,759.63,760.0004,759.37,759.686,80546.301965,2794,759.5035547502608
2026-10-01 11:45:00-04:00,759.69,759.85,759.52,759.8199,60677.768296,2126,759.6399810639126
2026-10-01 11:46:00-04:00,759.814,759.9564,759.6091,759.774,71461.686889,2474,759.8063502032304
2026-10-01 11:47:00-04:00,759.77,760.17,759.735,760.088,41056.968084,2052,759.985120191439
2026-10-01 11:48:00-04:00,760.12,760.37,759.944,760.244,69130.648452,2628,760.1955777535612
2026-10-01 11:49:00-04:00,760.2464,760.29,759.94,760.164,53044.812372,2079,760.1354511478793
2026-10-01 11:50:00-04:00,760.1498,760.1664,759.63,759.636,39296.21046,2301,759.9036275029969
2026-10-01 11:51:00-04:00,759.64,760.0024,759.416,759.466,48846.163167,2401,759.5533704730308
2026-10-01 11:52:00-04:00,759.4864,759.71,759.382,759.6164,26251.680636,1953,759.5765016494319
2026-10-01 11:53:00-04:00,759.6164,759.9323,759.27,759.392282,48448.968673,2468,759.4233343584642
2026-10-01 11:54:00-04:00,759.415,759.8864,759.36,759.7176,59630.533818,2151,759.5908860343013
2026-10-01 11:55:00-04:00,759.71,760.28,759.5969,760.272,38122.509661,1897,760.0016457059561
2026-10-01 11:56:00-04:00,760.286,760.93,759.8619,760.4864,128023.930974,3592,760.5214699353177
2026-10-01 11:57:00-04:00,760.48,760.9,760.34,760.638,56040.438181,2170,760.6035910199062
2026-10-01 11:58:00-04:00,760.638,760.7,760.295,760.414,82167.218072,2814,760.5094372078022
2026-10-01 11:59:00-04:00,760.414,760.706,760.1033,760.656,29484.703124,1903,760.5008440664866
2026-10-01 12:00:00-04:00,760.656,760.875,760.244,760.815,67227.744053,2575,760.5898935592992
2026-10-01 12:01:00-04:00,760.8015,760.94,760.6829,760.766,49817.446417,2349,760.8141280014281
2026-10-01 12:02:00-04:00,760.75,761.16,760.674,761.1388,83968.9007,2643,760.9209902200749
2026-10-01 12:03:00-04:00,761.135,761.25,760.4688,761.02,71773.911669,2700,761.1436883091869
2026-10-01 12:04:00-04:00,761.03,761.26,760.5607,761.082,44989.57876,2153,761.1562947292911
2026-10-01 12:05:00-04:00,761.056,761.0971,760.65,760.694,63399.670933,2559,760.8771277174764
2026-10-01 12:06:00-04:00,760.694,761.28,760.58,761.2,46484.609344,2403,761.0077883604077
2026-10-01 12:07:00-04:00,761.206,761.2864,760.8788,760.8788,56104.362549,2263,761.1415910911718
2026-10-01 12:08:00-04:00,760.9,761.18,760.886,760.9888,32807.459251,2039,761.0130780352368
2026-10-01 12:09:00-04:00,760.98,761.0276,760.731031,760.9012,28282.865,2028,760.8548258995061
2026-10-01 12:10:00-04:00,760.9064,761.1952,760.8543,760.9876,32168.235352,1807,761.0333068671704
2026-10-01 12:11:00-04:00,760.975,761.11,760.895,760.956,39612.726923,2101,760.989219926307
2026-10-01 12:12:00-04:00,760.95,761.038,760.5328,760.666,56252.429774000004,2444,760.7942887388847
2026-10-01 12:13:00-04:00,760.666,760.684,760.43,760.54,43529.12602,2132,760.5375368297308
2026-10-01 12:14:00-04:00,760.54,760.6199,760.488,760.57,32008.247339,1720,760.5463213699572
2026-10-01 12:15:00-04:00,760.57,760.8649,760.44,760.596,31283.414899,1768,760.5898748010852
2026-10-01 12:16:00-04:00,760.6,761.02,760.578,761.006,47060.126763,1720,760.8681225517239
2026-10-01 12:17:00-04:00,760.996,761.52,760.8086,761.4661,52105.567061,1799,761.182962593469
2026-10-01 12:18:00-04:00,761.485,761.614,761.258,761.286,71358.887669,2010,761.4557764710057
2026-10-01 12:19:00-04:00,761.282,761.3387,760.95,761.03,48358.051233,2068,761.1211099718674
2026-10-01 12:20:00-04:00,761.036,761.1018,760.808,761.056,28697.699909,1671,760.9333398930194
2026-10-01 12:21:00-04:00,761.056,761.18,760.9587,761.112,23569.885254,1586,761.0991462752554
2026-10-01 12:22:00-04:00,761.11,761.36,760.9991,761.306,38228.099971999996,1785,761.2384811596685
2026-10-01 12:23:00-04:00,761.3,761.43,761.11,761.394,46660.526216,1637,761.2633630042044
2026-10-01 12:24:00-04:00,761.37,761.758,761.2065,761.646,81952.330695,2101,761.6374943341393
2026-10-01 12:25:00-04:00,761.64,761.674,761.38,761.604,82608.499939,2281,761.5640952886699
2026-10-01 12:26:00-04:00,761.604,761.71,761.44,761.44,52984.03981,1920,761.6170341245485
2026-10-01 12:27:00-04:00,761.44,761.616,761.3823,761.564,22613.583688,1454,761.533181696732
2026-10-01 12:28:00-04:00,761.574,761.61,761.36,761.494,34561.865304,1524,761.4893968323945
2026-10-01 12:29:00-04:00,761.494,761.5688,761.264,761.275,24551.626155,1582,761.3641467281454
2026-10-01 12:30:00-04:00,761.29,761.74,761.16,761.72,55330.050814,2016,761.4714038267506
2026-10-01 12:31:00-04:00,761.73,761.96,761.7129,761.91,77908.039123,2105,761.8309136558277
2026-10-01 12:32:00-04:00,761.919,762.32,761.6162,762.296,99106.691251,2412,762.0619624600656
2026-10-01 12:33:00-04:00,762.28,762.4,762.1114,762.25,79072.210628,2226,762.3084138868217
2026-10-01 12:34:00-04:00,762.25,762.384,762.13,762.3288,55276.911339,2233,762.2276478807064
2026-10-01 12:35:00-04:00,762.32,762.42,761.8685,762.384,44736.333234,1835,762.3293654401549
2026-10-01 12:36:00-04:00,762.404,762.406,762.17,762.3618,72746.740568,2169,762.2775859443132
2026-10-01 12:37:00-04:00,762.37,762.594,762.09,762.138,72492.920892,2177,762.384156165548
2026-10-01 12:38:00-04:00,762.138,762.3232,761.0,761.86,143796.752817,3111,761.787320680725
2026-10-01 12:39:00-04:00,761.855,761.97,761.7091,761.88,49541.045718,2010,761.8816083478911
2026-10-01 12:40:00-04:00,761.89,762.06,761.8,762.018,32807.787115,1725,761.9291311916369
2026-10-01 12:41:00-04:00,762.018,762.02,761.568,761.6012,35027.399365,1844,761.7747247337428
2026-10-01 12:42:00-04:00,761.604,762.02,761.4635,761.87,49628.590645,1875,761.814940989244
2026-10-01 12:43:00-04:00,761.896,762.17,761.8114,762.065,69641.693299,2107,762.0283462114685
2026-10-01 12:44:00-04:00,762.066,762.09,761.86,762.018,31436.563066,1621,761.9770547086611
2026-10-01 12:45:00-04:00,762.018,762.1176,761.9,762.014,30161.527329,1737,761.9987590604638
2026-10-01 12:46:00-04:00,762.0,762.03,761.86,761.996,32538.817503,1730,761.950684778436
2026-10-01 12:47:00-04:00,761.99,762.07,761.848,762.006,33147.485959,1685,761.9735950856582
2026-10-01 12:48:00-04:00,762.006,762.28,761.96,762.076,86552.636533,2041,762.1141552870383
2026-10-01 12:49:00-04:00,762.08,762.13,761.8,761.86,26629.487473,1617,761.9701436448883
2026-10-01 12:50:00-04:00,761.84,762.008,761.6,761.756,62769.975306,2068,761.7562022630602
2026-10-01 12:51:00-04:00,761.756,761.7699,761.21,761.28,73543.527884,2387,761.4840468691777
2026-10-01 12:52:00-04:00,761.28,761.37,761.22,761.356,40363.921182,2011,761.2923430783958
2026-10-01 12:53:00-04:00,761.356,761.8118,761.09,761.118,29503.136552,1715,761.2125235796115
2026-10-01 12:54:00-04:00,761.118,761.134463,760.81,760.904,45279.290104,1855,760.9395112646047
2026-10-01 12:55:00-04:00,760.904,761.575,760.52,760.554,96434.521521,2406,760.762184536366
2026-10-01 12:56:00-04:00,760.556,760.672,760.29,760.464,105700.936204,2597,760.5015181021778
2026-10-01 12:57:00-04:00,760.46,760.72,760.4162,760.718,51046.261276,1715,760.567852164764
2026-10-01 12:58:00-04:00,760.718,760.84,760.655,760.816,60458.165645,1783,760.7388614794605
2026-10-01 12:59:00-04:00,760.816,761.01,760.6587,760.935,70722.992677,1920,760.9166408736783
2026-10-01 13:00:00-04:00,760.92,761.07,760.73,760.895,78951.06414,2142,760.9118102641207
2026-10-01 13:01:00-04:00,760.9,761.18,760.79,761.18,108943.664509,2353,760.9277972047978
2026-10-01 13:02:00-04:00,761.18,761.772,761.154,761.73,67614.971095,1881,761.4553681490494
2026-10-01 13:03:00-04:00,761.744,761.756,761.395,761.474,29451.74498,1659,761.561937177089
2026-10-01 13:04:00-04:00,761.4738,761.93,761.1562,761.86,59015.979276,1723,761.7377425220759
2026-10-01 13:05:00-04:00,761.866,762.026,760.9871,761.8864,36064.996224,1635,761.9032381812485
2026-10-01 13:06:00-04:00,761.875,762.02,761.76,761.866,28293.899865,1845,761.8732074510904
2026-10-01 13:07:00-04:00,761.866,761.924,761.59,761.776,25212.708007,1723,761.7326646204132
2026-10-01 13:08:00-04:00,761.776,761.896,761.69,761.738,48183.955358,1771,761.7679842656929
2026-10-01 13:09:00-04:00,761.724,761.775,761.56,761.634,46227.101758,1799,761.694571128073
2026-10-01 13:10:00-04:00,761.65,761.778,761.4761,761.734,39770.674429,1742,761.6651466013546
2026-10-01 13:11:00-04:00,761.74,761.945,761.6627,761.888,74921.257308,2103,761.8422035956917
2026-10-01 13:12:00-04:00,761.888,762.087,761.7717,761.87,55897.4253,2031,761.9173668558664
2026-10-01 13:13:00-04:00,761.875,762.16,761.815,762.156,62561.168796,2121,761.9624479104224
2026-10-01 13:14:00-04:00,762.15,762.27,761.9,761.9105,44507.29095,2063,762.06925016094
2026-10-01 13:15:00-04:00,761.926,762.07,761.788,762.016,75432.470862,2344,761.9553033610068
2026-10-01 13:16:00-04:00,762.02,762.2,761.984,762.098,33416.189185,1547,762.0694915324648
2026-10-01 13:17:00-04:00,762.098,762.3095,762.06,762.176,58732.075461,1926,762.164390207868
2026-10-01 13:18:00-04:00,762.176,762.33,762.11,762.31,39351.223702,1683,762.1824173378637
2026-10-01 13:19:00-04:00,762.3113,762.74,762.087,762.568,69714.282165,2137,762.571627460431
2026-10-01 13:20:00-04:00,762.568,763.015,762.1865,762.916,78915.035431,2271,762.864431937938
2026-10-01 13:21:00-04:00,762.91,762.94,762.675,762.886,89925.600525,2212,762.8005770569969
2026-10-01 13:22:00-04:00,762.886,763.34,762.3716,763.3332,115527.193687,2503,763.0921208078603
2026-10-01 13:23:00-04:00,763.34,763.47,763.23,763.358,92315.980862,2246,763.3519902229023
2026-10-01 13:24:00-04:00,763.358,763.69,763.225,763.665,125365.686721,2802,763.4370613870149
2026-10-01 13:25:00-04:00,763.67,763.96,762.9508,763.778,164426.368604,3475,763.8162740094857
2026-10-01 13:26:00-04:00,763.78,763.836,763.64,763.758,98759.24341,2507,763.7258581498214
2026-10-01 13:27:00-04:00,763.758,763.84,763.56,763.698,127827.351128,2669,763.6900567860638
2026-10-01 13:28:00-04:00,763.698,763.8,763.578,763.63,151279.647796,2788,763.7045957668312
2026-10-01 13:29:00-04:00,763.63,763.88,763.4651,763.685,115162.029302,2608,763.6897442806076
2026-10-01 13:30:00-04:00,763.69,765.18,763.66,764.676,470130.377652,8630,764.5003785836966
2026-10-01 13:31:00-04:00,764.66,764.88,764.41,764.65,141226.717908,3321,764.6461683031067
2026-10-01 13:32:00-04:00,764.655,764.88,764.0,764.36,124851.341521,3200,764.4186226987667
2026-10-01 13:33:00-04:00,764.34,764.62,764.318,764.51,85453.627265,2560,764.4765000601639
2026-10-01 13:34:00-04:00,764.5,764.72,763.67,764.61,79099.153963,2434,764.586804195478
2026-10-01 13:35:00-04:00,764.62,764.64,764.13,764.156,74675.656322,2555,764.4359077064345
2026-10-01 13:36:00-04:00,764.156,764.48,764.0581,764.474,135277.820106,3298,764.2937631071527
2026-10-01 13:37:00-04:00,764.448,764.49,764.29,764.322,51546.579486,2005,764.3711206242197
2026-10-01 13:38:00-04:00,764.33,764.44,764.11,764.266,63668.504616,2070,764.2760101472157
2026-10-01 13:39:00-04:00,764.2539,764.37,764.24,764.278,41144.697627,1931,764.30225661149
2026-10-01 13:40:00-04:00,764.28,764.4422,764.1034,764.38,55600.131992,2066,764.3090183208463
2026-10-01 13:41:00-04:00,764.36,764.436,764.13,764.424,72830.213279,1977,764.292592428688
2026-10-01 13:42:00-04:00,764.41,764.79,764.3442,764.788,131781.005929,2538,764.5156784545738
2026-10-01 13:43:00-04:00,764.788,764.97,764.4609,764.79,83142.99249,2440,764.833826333064
2026-10-01 13:44:00-04:00,764.778,764.878,764.68,764.81,28794.716552,1620,764.7892653222627
2026-10-01 13:45:00-04:00,764.815,765.11,764.4364,765.108,83694.501608,2318,764.9592179639086
2026-10-01 13:46:00-04:00,765.11,765.26,764.5306,765.2,115074.161038,2831,765.0671092059574
2026-10-01 13:47:00-04:00,765.1901,765.32,764.84,764.856,157486.766724,3015,765.0400037121794
2026-10-01 13:48:00-04:00,764.856,764.902,764.6,764.654,127932.776604,2616,764.6854670439577
2026-10-01 13:49:00-04:00,764.656,764.78,764.49,764.508,87114.909601,2378,764.6305838178674
2026-10-01 13:50:00-04:00,764.505,764.7364,764.3,764.338,122185.725607,2980,764.437419500618
2026-10-01 13:51:00-04:00,764.338,764.6,764.3,764.558,82738.425369,2189,764.4740651353972
2026-10-01 13:52:00-04:00,764.558,764.75,764.4878,764.648,59267.815118,8455,764.6394106505495
2026-10-01 13:53:00-04:00,764.644,764.7677,764.498,764.56,37611.481211,1751,764.5652830808664
2026-10-01 13:54:00-04:00,764.5541,764.5999,763.778,763.822,453396.639815,6924,764.1728083551694
2026-10-01 13:55:00-04:00,763.79,764.5387,763.54,763.942,191732.044954,3861,763.8282452253374
2026-10-01 13:56:00-04:00,763.93,764.13,763.41,763.655,194323.655493,3719,763.7420676283397
2026-10-01 13:57:00-04:00,763.65,763.684,763.27,763.334,108107.016115,2820,763.405241899186
2026-10-01 13:58:00-04:00,763.34,763.62,763.34,763.464,63866.457197,1862,763.4696230856761
2026-10-01 13:59:00-04:00,763.456,763.63,763.26,763.5305,105494.793658,2295,763.4201764431758
2026-10-01 14:00:00-04:00,763.56,763.8404,763.02,763.13,205132.521046,3635,763.2162697716421
2026-10-01 14:01:00-04:00,763.12,763.69,762.88,763.49,114705.083093,3226,763.2151083687488
2026-10-01 14:02:00-04:00,763.488,763.75,763.2725,763.59,135617.807038,2583,763.4997086472027
2026-10-01 14:03:00-04:00,763.598,763.7061,763.18,763.2395,66120.570373,2206,763.5254071589615
2026-10-01 14:04:00-04:00,763.2,763.4431,762.93,763.082,43378.383851,1969,763.0932728050764
2026-10-01 14:05:00-04:00,763.0576,763.2796,762.6581,762.73,67235.282806,2411,762.9561707396452
2026-10-01 14:06:00-04:00,762.75,763.0489,762.25,762.3101,83775.229921,2412,762.5182321588496
2026-10-01 14:07:00-04:00,762.31,763.2268,762.2,762.47,89750.38294,2186,762.3578317692708
2026-10-01 14:08:00-04:00,762.46,762.635,762.33,762.37,71031.04962,1983,762.506699187383
2026-10-01 14:09:00-04:00,762.37,762.8,762.35,762.674,93630.255144,2312,762.6265104218663
2026-10-01 14:10:00-04:00,762.674,762.91,762.47,762.6,44130.91862,1607,762.6975839069476
2026-10-01 14:11:00-04:00,762.61,762.9,762.605,762.81,63095.264583,2101,762.7223027411294
2026-10-01 14:12:00-04:00,762.801,763.16,762.8,763.114,92824.323611,2635,763.0364843019825
2026-10-01 14:13:00-04:00,763.116,763.54,763.08,763.338,104738.08858,2680,763.3471215443683
2026-10-01 14:14:00-04:00,763.34,763.35,762.7933,763.33,48709.580828,1808,763.2272834046598
2026-10-01 14:15:00-04:00,763.34,763.76,763.1441,763.43,86656.505989,2322,763.5346096903488
2026-10-01 14:16:00-04:00,763.42,763.56,763.32,763.426,40559.592024,1825,763.4046525535066
2026-10-01 14:17:00-04:00,763.426,763.535,762.9647,763.412,33787.845381,1593,763.3995364877525
2026-10-01 14:18:00-04:00,763.4101,763.81,763.395,763.778,47297.882044,1741,763.7232352614601
2026-10-01 14:19:00-04:00,763.778,763.78,763.45,763.496,72536.631708,2228,763.5890650064233
2026-10-01 14:20:00-04:00,763.496,763.5733,763.286,763.455,47785.974517,1882,763.4196018979812
2026-10-01 14:21:00-04:00,763.4675,763.584,763.36,763.446,28783.659334,1568,763.4586858341527
2026-10-01 14:22:00-04:00,763.4455,763.55,762.93,763.384,105864.858573,2789,763.2411502348675
2026-10-01 14:23:00-04:00,763.384,764.13,763.32,764.054,197885.145162,4080,763.8035371566539
2026-10-01 14:24:00-04:00,764.07,764.22,763.565,763.976,78847.44767,2253,764.0322659967395
2026-10-01 14:25:00-04:00,763.976,764.12,763.6781,764.076,34268.581133,1737,763.8656288324332
2026-10-01 14:26:00-04:00,764.076,764.17,763.6574,763.94,23933.500973,1660,764.0289343249228
2026-10-01 14:27:00-04:00,763.946,763.97,763.6777,763.866,30730.089798,1693,763.848131365774
2026-10-01 14:28:00-04:00,763.87,764.16,763.6925,763.962,28987.384089,1626,763.973084017269
2026-10-01 14:29:00-04:00,763.962,764.25,763.95,764.136,63626.632888,2169,764.1035733014834
2026-10-01 14:30:00-04:00,764.13,764.224,763.794,763.874,61457.020123,2371,764.0281374045239
2026-10-01 14:31:00-04:00,763.88,763.9771,763.79,763.798,28156.433516,1462,763.8856502393202
2026-10-01 14:32:00-04:00,763.798,764.32,763.72,764.196,207110.811297,3266,764.1047705787905
2026-10-01 14:33:00-04:00,764.196,764.434,764.1805,764.42,186121.628639,2621,764.3045727377473
2026-10-01 14:34:00-04:00,764.43,765.15,764.05,765.12,138521.939731,2951,764.5257781272422
2026-10-01 14:35:00-04:00,765.1126,765.134,764.3446,764.91,124928.272846,2718,764.9665834079896
2026-10-01 14:36:00-04:00,764.91,764.91,764.57,764.724,67062.566704,2208,764.7206954604593
2026-10-01 14:37:00-04:00,764.724,764.73,764.3636,764.534,38484.522575,1753,764.5495518121709
2026-10-01 14:38:00-04:00,764.534,764.6583,764.29,764.32,40912.212125,1658,764.4227101520348
2026-10-01 14:39:00-04:00,764.316,764.6491,764.285,764.38,27903.763942,1380,764.369308392412
2026-10-01 14:40:00-04:00,764.3693,764.5987,764.25,764.398,31120.573341,1595,764.349465023656
2026-10-01 14:41:00-04:00,764.396,764.58,764.346,764.478,42945.091973,1472,764.5013191639808
2026-10-01 14:42:00-04:00,764.486,764.51,764.206,764.298,43311.103839,1484,764.355877215417
2026-10-01 14:43:00-04:00,764.298,764.3734,764.108,764.184,38168.573283,1683,764.2117956739487
2026-10-01 14:44:00-04:00,764.184,764.364,764.176,764.328,27533.471193,1575,764.2725215343764
2026-10-01 14:45:00-04:00,764.33,764.4944,764.16,764.165,36401.945916,1751,764.272225385809
2026-10-01 14:46:00-04:00,764.18,764.265,764.06,764.24,26254.393608,1515,764.151839244289
2026-10-01 14:47:00-04:00,764.238,764.396,764.2268,764.38,86196.650622,2005,764.2955767102454
2026-10-01 14:48:00-04:00,764.378,764.41,764.2749,764.326,30480.904557,1605,764.3274433144945
2026-10-01 14:49:00-04:00,764.326,764.41,764.28,764.306,43188.235328,1642,764.3179907025432
2026-10-01 14:50:00-04:00,764.306,764.44,764.22,764.324,28531.213413,1491,764.3335835334175
2026-10-01 14:51:00-04:00,764.324,764.36,764.154,764.346,24385.718769,1455,764.2732856160196
2026-10-01 14:52:00-04:00,764.346,764.58,764.312,764.456,61923.647641,2109,764.5042173256877
2026-10-01 14:53:00-04:00,764.44,764.65,764.3288,764.64,34839.019181,1759,764.5425093606561
2026-10-01 14:54:00-04:00,764.64,764.6982,764.3582,764.574,33934.048765,1674,764.6124773871602
2026-10-01 14:55:00-04:00,764.574,764.65,764.3744,764.635,57606.026069,1920,764.5044322625375
2026-10-01 14:56:00-04:00,764.635,764.716,764.5564,764.62,33021.859576,1617,764.6435967620456
2026-10-01 14:57:00-04:00,764.614,764.684,764.5,764.558,32526.090865000002,1783,764.6073244673476
2026-10-01 14:58:00-04:00,764.558,764.69,764.55,764.63,45848.648327,1873,764.6176708298642
2026-10-01 14:59:00-04:00,764.63,764.84,764.6,764.816,44664.696595,1838,764.7440464024303
2026-10-01 15:00:00-04:00,764.806,764.916,764.578,764.58,62320.524976,2325,764.8108431674759
2026-10-01 15:01:00-04:00,764.588,764.801,764.37,764.374,55073.933072,2088,764.5135699948387
2026-10-01 15:02:00-04:00,764.38,764.6017,764.3,764.33,27385.547526,1477,764.400514890451
2026-10-01 15:03:00-04:00,764.33,764.406,764.21,764.326,35049.670561,1930,764.2992483884051
2026-10-01 15:04:00-04:00,764.324,764.55,764.28,764.538,22922.140884,1413,764.3823819044816
2026-10-01 15:05:00-04:00,764.538,764.57,764.41,764.498,31659.752906,1467,764.4722733241666
2026-10-01 15:06:00-04:00,764.498,764.5,764.238,764.28,81247.877088,2278,764.345505356853
2026-10-01 15:07:00-04:00,764.296,764.5209,764.2,764.376,29972.950609,1683,764.2923839297442
2026-10-01 15:08:00-04:00,764.384,764.57,764.354,764.516,27487.746767,1590,764.4503783760802
2026-10-01 15:09:00-04:00,764.504,764.64,764.46,764.558,27719.0591,1509,764.5160739894925
2026-10-01 15:10:00-04:00,764.558,764.78,764.4262,764.566,26220.994262,1613,764.6509115087799
2026-10-01 15:11:00-04:00,764.564,764.65,764.4167,764.486,29314.750945,1576,764.5280079658115
2026-10-01 15:12:00-04:00,764.4832,764.5855,764.424,764.446,23238.453874,1507,764.5045089975938
2026-10-01 15:13:00-04:00,764.446,764.63,764.41,764.594,24558.614214,1549,764.5033068008195
2026-10-01 15:14:00-04:00,764.598,764.63,764.5,764.586,20720.998452,1487,764.57005356163
2026-10-01 15:15:00-04:00,764.58,764.64,764.408,764.566,34846.023525,1520,764.5391706403616
2026-10-01 15:16:00-04:00,764.558,764.6,764.45,764.548,35185.13386,1748,764.5359300986034
2026-10-01 15:17:00-04:00,764.55,764.58,764.32,764.355,46316.222461,1747,764.4733775578094
2026-10-01 15:18:00-04:00,764.34,764.6,764.34,764.54,38096.151123,1623,764.4855627057974
2026-10-01 15:19:00-04:00,764.556,764.704,764.5275,764.672,32311.081767,1668,764.6238295099706
2026-10-01 15:20:00-04:00,764.6751,764.698,764.53,764.64,30812.108955,1604,764.6127633609461
2026-10-01 15:21:00-04:00,764.638,764.82,764.5348,764.656,38905.029475,1803,764.7022036440488
2026-10-01 15:22:00-04:00,764.66,764.66,764.5301,764.559,35526.880385,1575,764.5822353588416
2026-10-01 15:23:00-04:00,764.556,764.592,763.47,764.496,28024.92497,1657,764.5231120179628
2026-10-01 15:24:00-04:00,764.496,764.572,764.34,764.386,50617.099183,1643,764.4574694970878
2026-10-01 15:25:00-04:00,764.386,764.5234,764.29,764.455,57449.491506,1679,764.3750407020054
2026-10-01 15:26:00-04:00,764.46,764.542,764.34,764.415,47191.537318,1747,764.4404825157271
2026-10-01 15:27:00-04:00,764.415,764.4207,764.26,764.288,65392.652015,1871,764.3083816786319
2026-10-01 15:28:00-04:00,764.288,764.546,764.285,764.508,32935.964962,1433,764.4358183557753
2026-10-01 15:29:00-04:00,764.508,764.54,764.3878,764.515,33588.679912,1752,764.4764070669199
2026-10-01 15:30:00-04:00,764.515,764.64,764.469,764.566,39433.101592,1685,764.5498008202819
2026-10-01 15:31:00-04:00,764.57,764.81,764.565,764.678,43622.236657,1625,764.7294193969195
2026-10-01 15:32:00-04:00,764.678,764.69,764.4725,764.55,33453.260195,1756,764.5660037039584
2026-10-01 15:33:00-04:00,764.55,764.63,764.4711,764.536,26720.708305,1520,764.5604128680299
2026-10-01 15:34:00-04:00,764.536,764.666,764.345,764.42,58050.015889,2356,764.5133291184276
2026-10-01 15:35:00-04:00,764.42,764.5685,764.31,764.365,59990.561375,2258,764.3917122452618
2026-10-01 15:36:00-04:00,764.36,764.36,764.215,764.236,69756.756437,2117,764.2694843546886
2026-10-01 15:37:00-04:00,764.23,764.39,764.218,764.37,65746.615382,1807,764.291778140382
2026-10-01 15:38:00-04:00,764.37,764.63,764.3635,764.618,71514.573548,2139,764.5219061356541
2026-10-01 15:39:00-04:00,764.615,764.752,764.4811,764.618,70696.823447,2071,764.6756331908238
2026-10-01 15:40:00-04:00,764.618,764.81,764.4503,764.81,85136.958384,2260,764.7131477265012
2026-10-01 15:41:00-04:00,764.802,764.92,764.76,764.828,87170.147993,2350,764.8273994439637
2026-10-01 15:42:00-04:00,764.825,764.88,764.5519,764.628,52735.343555,1807,764.7983021855965
2026-10-01 15:43:00-04:00,764.628,764.83,764.5674,764.758,52124.812384,1849,764.7047823760478
2026-10-01 15:44:00-04:00,764.758,764.78,764.62,764.624,65682.246491,2024,764.696726555845
2026-10-01 15:45:00-04:00,764.63,764.87,764.54,764.848,95357.164497,2196,764.6896837703499
2026-10-01 15:46:00-04:00,764.85,765.03,764.6901,764.974,113662.00395,2557,764.9433132333687
2026-10-01 15:47:00-04:00,764.98,764.986,764.7435,764.83,60154.890047,2367,764.8680141251053
2026-10-01 15:48:00-04:00,764.836,764.89,764.7,764.776,75292.742208,1881,764.7781106336237
2026-10-01 15:49:00-04:00,764.78,764.89,764.75,764.854,154113.102637,2592,764.7925595299791
2026-10-01 15:50:00-04:00,764.85,765.43,764.778,765.33,227326.749997,4095,765.216991847769
2026-10-01 15:51:00-04:00,765.336,765.66,764.9783,765.338,150704.563434,3196,765.467965347515
2026-10-01 15:52:00-04:00,765.338,765.4645,765.02,765.114,145571.675426,3148,765.1971938167915
2026-10-01 15:53:00-04:00,765.12,765.21,764.88,764.896,133222.523508,3076,765.0279895153803
2026-10-01 15:54:00-04:00,764.9,765.0196,764.49,764.51,166138.980619,3602,764.7981530531098
2026-10-01 15:55:00-04:00,764.5,764.8765,763.93,764.14,460319.28347200004,5118,764.1163395547194
2026-10-01 15:56:00-04:00,764.138,764.7898,764.05,764.184,203122.653917,4628,764.1692287463374
2026-10-01 15:57:00-04:00,764.185,764.6692,763.95,764.018,181688.463008,3944,764.1220874809547
2026-10-01 15:58:00-04:00,764.02,764.0659,763.72,763.7482,442973.814772,5903,763.9224395240321
2026-10-01 15:59:00-04:00,763.75,764.16,763.468,764.03,1214100.42121,11515,763.7773583433095
2026-10-02 09:30:00-04:00,770.58,770.84,770.13,770.28,807552.424473,6904,770.5547892760619
2026-10-02 09:31:00-04:00,770.27,770.57,769.52,769.552,223225.612283,4206,769.9251152849146
2026-10-02 09:32:00-04:00,769.53,770.57,769.4825,770.16,223296.182084,3826,769.8761613746827
2026-10-02 09:33:00-04:00,770.154,770.34,769.778,769.865,163286.262733,3580,770.057367681036
2026-10-02 09:34:00-04:00,769.88,770.73,769.85,770.698,148600.067854,2943,770.2723390085782
2026-10-02 09:35:00-04:00,770.698,770.9,770.43,770.714,189454.51467899999,3692,770.6931978648274
2026-10-02 09:36:00-04:00,770.71,770.8,770.4605,770.79,115551.959841,2949,770.616687632479
2026-10-02 09:37:00-04:00,770.774,771.13,770.67,771.0,196663.777755,3864,770.9517957569631
2026-10-02 09:38:00-04:00,770.99,771.03,770.49,770.816,141455.870108,3293,770.8090042321271
2026-10-02 09:39:00-04:00,770.804,770.82,770.4,770.792,147180.153041,3543,770.6733655160282
2026-10-02 09:40:00-04:00,770.81,770.81,770.405,770.458,81331.820245,2544,770.578990666631
2026-10-02 09:41:00-04:00,770.455,770.64,770.252,770.635,119550.86093,2694,770.4190579310341
2026-10-02 09:42:00-04:00,770.632,771.16,770.4969,771.05,105925.72743,2498,770.8224295602644
2026-10-02 09:43:00-04:00,771.05,771.65,771.0101,771.29,199471.930796,4068,771.4227685626942
2026-10-02 09:44:00-04:00,771.3,771.65,771.085,771.625,82186.643042,2590,771.367491398667
2026-10-02 09:45:00-04:00,771.62,772.09,771.4292,771.798,190736.159129,4011,771.8999975851127
2026-10-02 09:46:00-04:00,771.798,772.0876,771.535,771.906,142227.266602,3314,771.9090069536402
2026-10-02 09:47:00-04:00,771.906,772.01,771.71,771.918,130428.001442,3243,771.8828453356991
2026-10-02 09:48:00-04:00,771.918,771.918,771.17,771.6,222963.918183,4646,771.5115478792354
2026-10-02 09:49:00-04:00,771.58,771.705,771.23,771.366,115888.059751,3003,771.399283383545
2026-10-02 09:50:00-04:00,771.376,771.76,771.276,771.65,86803.179311,2214,771.497270193246
2026-10-02 09:51:00-04:00,771.626,771.655,771.13,771.31,103240.997512,2748,771.345384030071
2026-10-02 09:52:00-04:00,771.316,771.4,771.06,771.156,96332.780301,2652,771.2046777966992
2026-10-02 09:53:00-04:00,771.148,771.2188,770.65,770.738,110995.945696,3059,770.8710019757932
2026-10-02 09:54:00-04:00,770.74,771.4711,770.16,770.21,108656.172244,2808,770.5077727381084
2026-10-02 09:55:00-04:00,770.195,770.245,769.535,769.618,173325.09697,3886,769.7968218161542
2026-10-02 09:56:00-04:00,769.62,771.0517,769.208,769.445,174124.83227,4186,769.4106148295497
2026-10-02 09:57:00-04:00,769.438,770.15,769.068,769.894,374379.004431,7017,769.5639405636431
2026-10-02 09:58:00-04:00,769.88,770.6,769.856,770.584,246119.29742,4171,770.2083581733981
2026-10-02 09:59:00-04:00,770.584,770.67,769.7702,770.53,74018.130223,2389,770.404537811398
2026-10-02 10:00:00-04:00,770.56,770.56,769.87,770.39,122240.302216,2933,770.1563193228329
2026-10-02 10:01:00-04:00,770.375,771.02,770.2126,770.876,128075.068882,3500,770.6725489593471
2026-10-02 10:02:00-04:00,770.8798,771.33,770.75,771.205,104518.108415,2925,771.0725017559693
2026-10-02 10:03:00-04:00,771.2,771.442,771.05,771.424,88097.230974,2381,771.2674371522634
2026-10-02 10:04:00-04:00,771.426,771.66,770.4724,771.634,75281.966457,2254,771.4086873370728
2026-10-02 10:05:00-04:00,771.634,771.8,771.45,771.57,133306.837596,3079,771.6284000510308
2026-10-02 10:06:00-04:00,771.565,771.672,770.3851,771.414,85571.838312,2770,771.4922167199865
2026-10-02 10:07:00-04:00,771.414,771.546,770.24,771.232,83483.963064,2421,771.3917950379969
2026-10-02 10:08:00-04:00,771.238,771.53,771.05,771.416,124620.033837,2903,771.2186670795259
2026-10-02 10:09:00-04:00,771.416,771.47,771.1375,771.146,74687.824722,2500,771.3563634320426
2026-10-02 10:10:00-04:00,771.146,771.68,771.058,771.555,89238.75129,2713,771.4008935943261
2026-10-02 10:11:00-04:00,771.55,771.56,770.7,770.758,163086.923326,4326,771.0303447381739
2026-10-02 10:12:00-04:00,770.758,771.37,770.69,771.366,106529.282876,2736,771.0211205362566
2026-10-02 10:13:00-04:00,771.376,771.588,771.027,771.44,89081.275618,2690,771.4681376008306
2026-10-02 10:14:00-04:00,771.44,771.68,771.2422,771.478,156370.087468,3513,771.476637337153
2026-10-02 10:15:00-04:00,771.47,771.69,771.302,771.3164,109278.78112099999,3092,771.5550288730766
2026-10-02 10:16:00-04:00,771.318,771.5688,771.18,771.4775,79755.985559,2572,771.339107192971
2026-10-02 10:17:00-04:00,771.48,771.82,771.416,771.805,98304.417065,2861,771.683630173194
2026-10-02 10:18:00-04:00,771.8176,772.07,771.5401,771.872,125390.253033,3207,771.8793237714035
2026-10-02 10:19:00-04:00,771.8576,772.002,771.81,771.98,119213.036104,2729,771.8793503645488
2026-10-02 10:20:00-04:00,771.974,772.28,771.7352,772.1,121987.817279,3337,772.0874040698078
2026-10-02 10:21:00-04:00,772.11,772.19,771.924,771.955,147815.922999,3080,772.0937539117942
2026-10-02 10:22:00-04:00,771.955,772.03,771.76,771.95,120375.624509,3076,771.9115982654005
2026-10-02 10:23:00-04:00,771.98,772.1,771.68,771.7764,130138.727896,3601,771.8657921062622
2026-10-02 10:24:00-04:00,771.77,772.3598,771.71,772.346,62258.725815,2533,772.1206921642432
2026-10-02 10:25:00-04:00,772.346,772.38,772.0406,772.158,60347.252509,2570,772.2446755703023
2026-10-02 10:26:00-04:00,772.158,772.46,772.0318,772.42,84517.886635,2604,772.2920836784043
2026-10-02 10:27:00-04:00,772.42,772.5,771.9939,772.186,82499.983804,2572,772.3420592005954
2026-10-02 10:28:00-04:00,772.18,772.345,772.16,772.33,75902.593205,2710,772.2478964952966
2026-10-02 10:29:00-04:00,772.34,772.36,772.02,772.07,113978.398131,3107,772.2410838813265
2026-10-02 10:30:00-04:00,772.0701,772.227,771.6,771.701,138730.552309,3848,771.8225577901129
2026-10-02 10:31:00-04:00,771.7,771.8059,771.48,771.71,90719.731245,2845,771.6654094669537
2026-10-02 10:32:00-04:00,771.702,771.814,771.4,771.4119,76529.396145,2735,771.6616635475377
2026-10-02 10:33:00-04:00,771.42,771.6276,771.3,771.618,97887.280503,3105,771.4532688075608
2026-10-02 10:34:00-04:00,771.61,771.81,771.395,771.778,92879.554866,3185,771.5957229334339
2026-10-02 10:35:00-04:00,771.778,771.98,771.688,771.956,129904.438188,3751,771.8295627969736
2026-10-02 10:36:00-04:00,771.956,772.0276,771.66,771.996,102509.152747,3144,771.8817291405886
2026-10-02 10:37:00-04:00,771.99,772.0776,771.7146,771.7676,98221.58383,3033,771.9318959909804
2026-10-02 10:38:00-04:00,771.752,772.2,771.735,772.1864,52728.58578,2420,771.9847518844999
2026-10-02 10:39:00-04:00,772.18,772.19,771.915,772.066,57138.539659,2342,772.0489461289392
2026-10-02 10:40:00-04:00,772.0676,772.224,772.0094,772.195,71067.624779,2462,772.130491410626
2026-10-02 10:41:00-04:00,772.2,772.45,772.088,772.428,80391.037333,2807,772.2241794966113
2026-10-02 10:42:00-04:00,772.4267,772.65,771.9028,772.33,136039.25769199998,3562,772.4848621440025
2026-10-02 10:43:00-04:00,772.3207,772.3899,771.9101,772.058,81965.184399,2728,772.1079077358493
2026-10-02 10:44:00-04:00,772.0676,772.19,771.865,772.138,44999.613873,2085,772.0579267961789
2026-10-02 10:45:00-04:00,772.13,772.14,771.79,771.856,79758.717875,2845,771.9080508237505
2026-10-02 10:46:00-04:00,771.856,772.11,771.825,772.086,50760.702149,2367,772.0136398476311
2026-10-02 10:47:00-04:00,772.086,772.24,771.92,772.158,141123.320446,2814,772.0868434264104
2026-10-02 10:48:00-04:00,772.158,772.45,772.158,772.39,77710.826751,2994,772.295044153457
2026-10-02 10:49:00-04:00,772.4288,772.4288,772.06,772.0815,57880.777608,2691,772.2387472092503
2026-10-02 10:50:00-04:00,772.08,772.095,771.56,771.7176,111259.748494,3200,771.7498393423958
2026-10-02 10:51:00-04:00,771.7498,771.9,771.63,771.81,73742.670055,2532,771.7778739028035
2026-10-02 10:52:00-04:00,771.816,771.8264,771.145,771.206,98074.301928,2874,771.4213525942205
2026-10-02 10:53:00-04:00,771.206,771.5105,771.06,771.23,168598.743144,3317,771.2375211430408
2026-10-02 10:54:00-04:00,771.226,771.7178,770.81,770.9664,107260.373479,2923,771.0332548432052
2026-10-02 10:55:00-04:00,770.97,771.46,770.84,771.44,116529.665352,3128,771.1909688099655
2026-10-02 10:56:00-04:00,771.436,771.53,771.248,771.494,69040.884762,2553,771.3907066861838
2026-10-02 10:57:00-04:00,771.492,771.59,771.35,771.476,116549.675882,2751,771.4869735136734
2026-10-02 10:58:00-04:00,771.48,771.64,770.888,770.994,70150.882487,2526,771.1621499964466
2026-10-02 10:59:00-04:00,770.994,771.06,770.75,770.976,61343.90393,2436,770.9353538595062
2026-10-02 11:00:00-04:00,770.99,771.3372,770.8,770.902,56704.404572,2184,770.9641445936777
2026-10-02 11:01:00-04:00,770.904,771.2516,770.82,771.0488,52750.577677,2086,770.9451649616137
2026-10-02 11:02:00-04:00,771.04,771.0576,770.44,770.486,139301.796653,3222,770.7127923308437
2026-10-02 11:03:00-04:00,770.486,770.6909,769.97,770.156,194775.76955,3973,770.1942634281413
2026-10-02 11:04:00-04:00,770.156,770.788,769.9,769.986,164835.187938,3433,770.1256099857836
2026-10-02 11:05:00-04:00,769.98,770.7582,769.66,769.668,113516.647277,3055,769.9163692621026
2026-10-02 11:06:00-04:00,769.668,769.8,769.51,769.7476,177005.747977,3312,769.6608275496166
2026-10-02 11:07:00-04:00,769.736,769.82,769.49,769.5176,93502.727297,2497,769.6517701237334
2026-10-02 11:08:00-04:00,769.51,769.64,769.25,769.598,190549.783941,3533,769.4583911748279
2026-10-02 11:09:00-04:00,769.598,769.72,768.939,768.9958,139732.738569,3547,769.2556294655524
2026-10-02 11:10:00-04:00,769.006,769.947,768.56,768.808,217456.534265,4507,768.9469169488129
2026-10-02 11:11:00-04:00,768.82,768.942,768.366,768.88,129246.464169,3408,768.6078111918004
2026-10-02 11:12:00-04:00,768.89,768.98,768.17,768.21,180149.741618,3515,768.5269330491104
2026-10-02 11:13:00-04:00,768.22,769.3625,768.22,768.69,128647.236957,3327,768.4920171812497
2026-10-02 11:14:00-04:00,768.682,768.82,768.536,768.6601,124752.4361,3509,768.6631269295684
2026-10-02 11:15:00-04:00,768.66,769.0811,768.49,768.6088,146017.637971,3614,768.7714040658516
2026-10-02 11:16:00-04:00,768.618,768.64,768.22,768.326,83698.51368,2641,768.426981602488
2026-10-02 11:17:00-04:00,768.326,768.5797,767.93,768.105,124874.384277,3125,768.2013382913445
2026-10-02 11:18:00-04:00,768.094,768.4788,768.026,768.335,76176.710656,2432,768.2652178166975
2026-10-02 11:19:00-04:00,768.33,768.5476,768.1,768.1688,89156.483802,2514,768.3512789818689
2026-10-02 11:20:00-04:00,768.16,768.5638,767.75,767.8,153356.512303,3521,767.9603482567724
2026-10-02 11:21:00-04:00,767.812,768.31,767.785,768.27,182471.324032,3473,768.1193300388879
2026-10-02 11:22:00-04:00,768.26,768.51,768.22,768.3588,110159.802949,3136,768.4082748325229
2026-10-02 11:23:00-04:00,768.35,768.48,768.19,768.418,61234.412934,2353,768.3444218113116
2026-10-02 11:24:00-04:00,768.4276,768.4799,767.346,767.358,140845.279619,3811,767.7544465423532
2026-10-02 11:25:00-04:00,767.355,768.1999,767.1401,767.6588,147305.90873,3434,767.383672882578
2026-10-02 11:26:00-04:00,767.6676,768.0988,767.58,768.026,206975.851507,4094,767.8430162816577
2026-10-02 11:27:00-04:00,768.02,768.44,767.8499,768.284,128063.414081,3458,768.2195249954514
2026-10-02 11:28:00-04:00,768.276,768.63,768.195,768.5288,62172.210021,2503,768.42156932986
2026-10-02 11:29:00-04:00,768.53,768.86,768.42,768.7882,82849.731238,2515,768.6060486807825
2026-10-02 11:30:00-04:00,768.79,768.814,768.0301,768.3564,145197.087131,3813,768.5371123380394
2026-10-02 11:31:00-04:00,768.354,768.6764,768.35,768.59,75424.990124,2421,768.5312333528448
2026-10-02 11:32:00-04:00,768.602,768.92,768.5244,768.8952,79910.925363,2620,768.7488069905158
2026-10-02 11:33:00-04:00,768.898,769.18,768.1486,769.15,98514.906394,2989,768.9591081867121
2026-10-02 11:34:00-04:00,769.156,769.25,769.046,769.186,62375.763608,2390,769.1316117270707
2026-10-02 11:35:00-04:00,769.186,769.242,768.3282,769.0788,77320.062358,2616,769.1003669353072
2026-10-02 11:36:00-04:00,769.09,769.3,768.6847,769.038,106760.46703,2989,769.0879778221758
2026-10-02 11:37:00-04:00,769.0377,769.25,768.858,768.94,72364.49933,2512,769.0677919215035
2026-10-02 11:38:00-04:00,768.9401,769.4,768.82,769.3799,57648.841508,2073,769.1503463163964
2026-10-02 11:39:00-04:00,769.376,769.4764,769.1057,769.292,76819.363739,2490,769.3518480624307
2026-10-02 11:40:00-04:00,769.276,769.51,769.0,769.075,66759.459108,2524,769.2292726523128
2026-10-02 11:41:00-04:00,769.078,769.2499,768.73,768.9876,88021.763526,2571,768.8855791306364
2026-10-02 11:42:00-04:00,768.97,769.41,768.905,769.396,80242.99918,2392,769.0990452569773
2026-10-02 11:43:00-04:00,769.38,769.4,769.005,769.126,43423.347292,2060,769.18249017786
2026-10-02 11:44:00-04:00,769.126,769.2176,769.0,769.0664,46445.101735,2335,769.1140279666093
2026-10-02 11:45:00-04:00,769.02,769.165,768.85,768.9968,118189.755036,2697,768.9902409690409
2026-10-02 11:46:00-04:00,769.005,769.3352,768.89,769.138,64645.535348,2341,769.1049921874006
2026-10-02 11:47:00-04:00,769.138,769.244,769.03,769.11,44942.545643,2046,769.1281758471805
2026-10-02 11:48:00-04:00,769.0976,769.32,769.0,769.088,112957.467533,2520,769.1384611425214
2026-10-02 11:49:00-04:00,769.08,769.2864,768.88,768.954,123993.07937,2899,769.0704626784924
2026-10-02 11:50:00-04:00,768.94,769.16,768.778,768.91,59649.082601,2559,768.9740167972744
2026-10-02 11:51:00-04:00,768.91,769.2588,768.91,769.1588,112211.623234,2661,769.1465817893428
2026-10-02 11:52:00-04:00,769.15,769.3,768.83,769.0676,66351.394606,2251,769.0729632927824
2026-10-02 11:53:00-04:00,769.0852,769.0852,768.71,768.724,58120.957241000004,2264,768.8920162818924
2026-10-02 11:54:00-04:00,768.73,769.0,768.51,768.666,146410.313124,3284,768.686823559588
2026-10-02 11:55:00-04:00,768.666,769.048,768.52,768.996,90716.761824,2733,768.6907227292462
2026-10-02 11:56:00-04:00,768.996,769.1064,768.695,768.866,57410.847038,2379,768.8491443354485
2026-10-02 11:57:00-04:00,768.866,769.04,768.72,769.03,52936.37777,2049,768.8558523394166
2026-10-02 11:58:00-04:00,769.0288,769.14,768.9172,769.028,56147.284846,2138,768.9937086028895
2026-10-02 11:59:00-04:00,769.0276,769.28,768.91,769.252,40589.594002,1892,769.0411610000311
2026-10-02 12:00:00-04:00,769.26,769.48,768.8554,769.456,67752.114113,2405,769.295034584802
2026-10-02 12:01:00-04:00,769.456,769.8688,768.9423,769.72,63550.540283,2570,769.6596848685696
2026-10-02 12:02:00-04:00,769.72,769.82,768.9643,769.686,117945.908931,3199,769.6240471261891
2026-10-02 12:03:00-04:00,769.665,769.74,769.28,769.325,70014.439016,2538,769.5212561451074
2026-10-02 12:04:00-04:00,769.334,769.5564,769.08,769.516,57374.251061,2458,769.2696693487167
2026-10-02 12:05:00-04:00,769.516,769.61,769.274,769.364,34634.416677,1917,769.4079819272606
2026-10-02 12:06:00-04:00,769.364,769.74,769.33,769.666,39571.723778,1802,769.553467520563
2026-10-02 12:07:00-04:00,769.666,769.8376,769.55,769.574,34834.473865,1742,769.7341849178455
2026-10-02 12:08:00-04:00,769.5746,769.79,769.45,769.7832,36867.141302,1787,769.6169087744939
2026-10-02 12:09:00-04:00,769.79,769.8676,769.6101,769.8064,30760.274302,1828,769.7244032668482
2026-10-02 12:10:00-04:00,769.8064,769.92,769.57,769.775,60369.926462,2320,769.7985900585408
2026-10-02 12:11:00-04:00,769.772,769.8152,769.48,769.49,32870.532642,2005,769.6949388352099
2026-10-02 12:12:00-04:00,769.498,769.6064,769.318,769.3688,47712.500703,2293,769.4412395879087
2026-10-02 12:13:00-04:00,769.35,769.84,769.28,769.706,36354.746649,2007,769.5775553752451
2026-10-02 12:14:00-04:00,769.706,769.73,769.53,769.57,40039.324673,2024,769.6240748971845
2026-10-02 12:15:00-04:00,769.57,769.63,769.36,769.59,56553.048555,2007,769.4940688414479
2026-10-02 12:16:00-04:00,769.594,769.69,769.36,769.626,44786.484783,1854,769.4980288637296
2026-10-02 12:17:00-04:00,769.626,769.76,769.5201,769.606,43590.858245,1846,769.6247703401006
2026-10-02 12:18:00-04:00,769.606,769.77,769.52,769.658,26470.890091,1496,769.6464212472964
2026-10-02 12:19:00-04:00,769.658,769.81,769.571,769.68,23297.801212,1675,769.7236421439338
2026-10-02 12:20:00-04:00,769.676,769.734,769.56,769.584,27244.223458,1681,769.6433420525348
2026-10-02 12:21:00-04:00,769.604,769.71,769.49,769.545,21660.952591,1426,769.6195603869959
2026-10-02 12:22:00-04:00,769.545,769.5828,769.13,769.5364,71940.831282,2273,769.3387131319892
2026-10-02 12:23:00-04:00,769.52,769.55,769.28,769.366,26795.373167,1666,769.3692345510259
2026-10-02 12:24:00-04:00,769.35,769.5264,769.03,769.1,64016.517153,2072,769.2188586568795
2026-10-02 12:25:00-04:00,769.12,769.45,769.05,769.248,77928.486666,1926,769.193333332879
2026-10-02 12:26:00-04:00,769.24,769.4022,768.94,768.958,71212.041043,2278,769.1051635234867
2026-10-02 12:27:00-04:00,768.95,769.3271,768.81,769.17,44514.435251,1667,768.9780734620889
2026-10-02 12:28:00-04:00,769.19,769.2842,769.008,769.146,33954.213069,1491,769.1580283615684
2026-10-02 12:29:00-04:00,769.145,769.29,768.904,768.965,44019.282522,1763,769.0725784183752
2026-10-02 12:30:00-04:00,768.97,769.28,768.95,769.26,49073.13552,1831,769.1011215325595
2026-10-02 12:31:00-04:00,769.254,769.434,769.121,769.27,36152.855989,1606,769.3158537617699
2026-10-02 12:32:00-04:00,769.27,769.3776,769.04,769.325,54843.803279,1079,769.2151432276708
2026-10-02 12:33:00-04:00,769.325,769.41,769.1805,769.24,27116.354928,751,769.307179000495
2026-10-02 12:34:00-04:00,769.248,769.45,769.21,769.24,28865.935242,806,769.3052741431403
2026-10-02 12:35:00-04:00,769.24,769.54,769.17,769.225,79506.585954,1170,769.3682649439774
2026-10-02 12:36:00-04:00,769.22,769.45,769.1,769.445,21281.439227,650,769.2548927258599
2026-10-02 12:37:00-04:00,769.43,769.47,769.2892,769.372,21990.268963,629,769.3767865186064
2026-10-02 12:38:00-04:00,769.376,769.716,769.2517,769.6864,49301.269489,973,769.5820167269335
2026-10-02 12:39:00-04:00,769.71,769.8532,769.6321,769.774,55116.725507,1133,769.7557076019677
2026-10-02 12:40:00-04:00,769.766,769.77,769.3,769.33,51772.509988,1157,769.6255611480174
2026-10-02 12:41:00-04:00,769.334,769.5196,768.95,768.955,61242.07939,1242,769.1981302773485
2026-10-02 12:42:00-04:00,768.955,769.3444,768.71,768.98,64971.778055,1280,768.8419668820069
2026-10-02 12:43:00-04:00,768.995,769.3513,768.88,768.932,27776.910643,628,768.9395237356271
2026-10-02 12:44:00-04:00,768.925,769.3178,768.8747,769.02,45400.259532,879,768.9752346615164
2026-10-02 12:45:00-04:00,769.0168,769.23,769.0,769.19,38963.749730999996,969,769.1121578864804
2026-10-02 12:46:00-04:00,769.19,769.35,769.0621,769.1799,44555.024616,971,769.1979547252446
2026-10-02 12:47:00-04:00,769.18,769.2622,768.958,768.979,26895.432235,786,769.1155685564763
2026-10-02 12:48:00-04:00,768.975,769.2306,768.858,769.08,50910.880883,1158,768.98093221117
2026-10-02 12:49:00-04:00,769.09,769.09,768.94,769.01,27255.803664,682,769.012609524512
2026-10-02 12:50:00-04:00,768.97,769.1,768.83,769.0,38178.536999,939,768.9262671835529
2026-10-02 12:51:00-04:00,769.0,769.19,768.96,769.125,41299.847699,955,769.0721788992405
2026-10-02 12:52:00-04:00,769.12,769.4,769.0522,769.248,42511.090986,1115,769.2769929993882
2026-10-02 12:53:00-04:00,769.24,769.54,769.2201,769.485,24254.070236,810,769.3363989462691
2026-10-02 12:54:00-04:00,769.4964,769.61,769.44,769.485,76615.567346,1034,769.4998288017586
2026-10-02 12:55:00-04:00,769.49,769.6199,769.2678,769.52,31076.613445,663,769.5278771701367
2026-10-02 12:56:00-04:00,769.53,769.54,769.358,769.4399,54302.25746,850,769.4193833878077
2026-10-02 12:57:00-04:00,769.44,769.561,769.2508,769.44,19330.271029,603,769.481742796476
2026-10-02 12:58:00-04:00,769.4692,769.57,769.305,769.305,20150.184259,656,769.4675021017831
2026-10-02 12:59:00-04:00,769.31,769.4718,769.188,769.325,21793.982852,621,769.2839091771698
2026-10-02 13:00:00-04:00,769.33,769.81,769.3,769.78,48057.833038,1132,769.5053396459726
2026-10-02 13:01:00-04:00,769.81,770.07,769.5701,769.99,53404.651056,1070,769.9669280783017
2026-10-02 13:02:00-04:00,769.98,770.035,769.552,769.92,36438.070034,844,769.953575027352
2026-10-02 13:03:00-04:00,769.92,769.9445,769.5855,769.8268,53594.868179,927,769.8630452367519
2026-10-02 13:04:00-04:00,769.83,769.842,769.66,769.756,39892.926236,903,769.7461199103285
2026-10-02 13:05:00-04:00,769.767,769.876,769.74,769.8181,25188.26876,607,769.8013834013623
2026-10-02 13:06:00-04:00,769.82,769.8553,769.43,769.435,38771.48423,855,769.5722986156882
2026-10-02 13:07:00-04:00,769.43,769.52,769.19,769.314,31992.062144,765,769.3690937745494
2026-10-02 13:08:00-04:00,769.618,769.618,769.28,769.37,37262.905029,774,769.4136405764445
2026-10-02 13:09:00-04:00,769.36,769.55,769.36,769.5045,41598.768344,727,769.4900062357832
2026-10-02 13:10:00-04:00,769.495,769.6901,769.43,769.634,24200.788245,708,769.5405750557363
2026-10-02 13:11:00-04:00,769.6105,769.6662,769.436,769.44,33895.153541,864,769.5305447586239
2026-10-02 13:12:00-04:00,769.436,769.6066,769.36,769.465,29270.649495,595,769.4572884187637
2026-10-02 13:13:00-04:00,769.45,769.581,769.42,769.51,20460.444627,526,769.4644040938987
2026-10-02 13:14:00-04:00,769.5288,769.6088,769.0238,769.305,72444.995454,1455,769.3339704051597
2026-10-02 13:15:00-04:00,769.32,769.33,769.16,769.175,25846.761269,611,769.2618287408536
2026-10-02 13:16:00-04:00,769.2,769.55,769.13,769.505,41788.732369,926,769.3763936294741
2026-10-02 13:17:00-04:00,769.495,769.66,769.4345,769.555,41016.457229,682,769.5690834203378
2026-10-02 13:18:00-04:00,769.555,769.63,769.385,769.6064,35032.68784,768,769.5253254479549
2026-10-02 13:19:00-04:00,769.58,769.67,769.498,769.5311,27263.299194,627,769.5850631830197
2026-10-02 13:20:00-04:00,769.53,769.582,769.318,769.44,31640.874774,672,769.437568915337
2026-10-02 13:21:00-04:00,769.47,769.49,768.97,769.07,47721.400459,901,769.1585097459675
2026-10-02 13:22:00-04:00,769.09,769.3735,768.958,769.1045,40564.647576,886,769.0919803221391
2026-10-02 13:23:00-04:00,769.095,769.165,768.81,768.84,53837.736422,982,769.0048004153356
2026-10-02 13:24:00-04:00,768.84,769.2616,768.64,768.775,85882.780438,1463,768.7919625334355
2026-10-02 13:25:00-04:00,768.76,769.0163,768.68,768.83,55680.060158,1149,768.780979238668
2026-10-02 13:26:00-04:00,768.83,768.88,768.41,768.485,52763.593933,1242,768.653819472968
2026-10-02 13:27:00-04:00,768.48,768.7774,768.37,768.42,64850.447746,1213,768.4696777683989
2026-10-02 13:28:00-04:00,768.42,768.61,768.314,768.59,103320.625459,1544,768.5082994592733
2026-10-02 13:29:00-04:00,768.59,768.654,768.36,768.5,41723.851212,823,768.4859399626882
2026-10-02 13:30:00-04:00,768.48,768.7322,768.42,768.4671,59062.947491,1392,768.5778770604404
2026-10-02 13:31:00-04:00,768.46,768.86,768.45,768.85,55165.539924,1192,768.6996148053271
2026-10-02 13:32:00-04:00,768.85,768.99,768.587,768.97,61227.599992,1293,768.8440997379726
2026-10-02 13:33:00-04:00,768.96,769.12,768.93,769.07,60248.173189,1185,769.0158560056406
2026-10-02 13:34:00-04:00,769.07,769.31,768.6792,769.11,52062.322259,1045,769.1672589815682
2026-10-02 13:35:00-04:00,769.09,769.1714,768.8667,768.9906,21445.83383,710,769.0137209414779
2026-10-02 13:36:00-04:00,768.9899,769.05,768.668,768.77,32820.1244,799,768.8228870731255
2026-10-02 13:37:00-04:00,768.7585,769.02,768.756,768.8814,34821.137088,863,768.9078455196178
2026-10-02 13:38:00-04:00,768.86,768.94,768.81,768.918,26605.172136,724,768.867651704382
2026-10-02 13:39:00-04:00,768.91,768.97,768.8326,768.8692,18760.273615000002,473,768.9075651587918
2026-10-02 13:40:00-04:00,768.89,768.9035,768.685,768.7195,29358.810593,752,768.7663284758883
2026-10-02 13:41:00-04:00,768.73,768.79,768.6,768.708,49286.382698,1055,768.685407962742
2026-10-02 13:42:00-04:00,768.68,768.9035,768.56,768.59,37040.184315,703,768.6281856880322
2026-10-02 13:43:00-04:00,768.58,768.74,768.57,768.72,26656.727226,720,768.6457053553297
2026-10-02 13:44:00-04:00,768.71,769.06,768.6344,768.9613,41286.518817,934,768.8618500785458
2026-10-02 13:45:00-04:00,768.96,769.1699,768.925,768.966,49111.797943,978,769.0333120647689
2026-10-02 13:46:00-04:00,768.96,769.11,768.8158,769.085,25285.012013,773,768.9642435963577
2026-10-02 13:47:00-04:00,769.094,769.19,768.9808,769.0072,23613.301531,642,769.0862169852168
2026-10-02 13:48:00-04:00,769.01,769.14,768.8484,769.065,40065.355259,876,769.0117547167818
2026-10-02 13:49:00-04:00,769.065,769.2199,769.03,769.185,27395.517085,6690,769.1153003695559
2026-10-02 13:50:00-04:00,769.185,769.33,768.64,769.19,82474.003863,1900,769.0385423819279
2026-10-02 13:51:00-04:00,769.19,769.47,769.073,769.3,43054.977237,920,769.3030379854664
2026-10-02 13:52:00-04:00,769.3,769.47,769.0194,769.44,29253.220001,791,769.3690040730428
2026-10-02 13:53:00-04:00,769.44,769.46,769.35,769.4599,32236.111954,689,769.4073501973174
2026-10-02 13:54:00-04:00,769.45,769.4698,769.1387,769.4,26462.487652,580,769.3842451372578
2026-10-02 13:55:00-04:00,769.405,769.42,769.1945,769.258,29980.638172,779,769.2872673093642
2026-10-02 13:56:00-04:00,769.26,769.3,769.1884,769.25,37794.155876,865,769.248158779091
2026-10-02 13:57:00-04:00,769.2505,769.3021,768.93,768.935,38667.603638,943,769.1433529602208
2026-10-02 13:58:00-04:00,768.95,769.132,768.816,769.1064,37404.377651,920,768.9461827950997
2026-10-02 13:59:00-04:00,769.105,769.22,769.08,769.1757,20377.516708,570,769.1439435212876
2026-10-02 14:00:00-04:00,769.18,769.37,769.1048,769.2405,31406.468067,818,769.2302386578823
2026-10-02 14:01:00-04:00,769.2662,769.3199,769.178,769.255,147555.091577,1947,769.2639711523742
2026-10-02 14:02:00-04:00,769.25,769.27,768.95,768.98,70548.356416,1272,769.0881423448917
2026-10-02 14:03:00-04:00,768.98,769.18,768.93,769.0606,37637.763251,745,769.086612793838
2026-10-02 14:04:00-04:00,769.08,769.27,769.0383,769.19,29562.198259,798,769.1687724909128
2026-10-02 14:05:00-04:00,769.17,769.242,769.115,769.16,29431.944743,781,769.1727197453887
2026-10-02 14:06:00-04:00,769.165,769.19,768.88,769.02,28584.036955,835,769.0521015274901
2026-10-02 14:07:00-04:00,769.03,769.1544,769.03,769.09,34252.731716,881,769.0899052578297
2026-10-02 14:08:00-04:00,769.09,769.16,769.05,769.06,29553.786605,808,769.1097076038045
2026-10-02 14:09:00-04:00,769.06,769.17,768.9901,769.135,76907.613861,1219,769.0740081030525
2026-10-02 14:10:00-04:00,769.14,769.1732,769.03,769.1196,35070.202001,750,769.0991569361377
2026-10-02 14:11:00-04:00,769.12,769.16,768.96,768.995,44128.936175,795,769.0592193239934
2026-10-02 14:12:00-04:00,769.0071,769.1,768.97,769.075,30538.527158,795,769.0388932577836
2026-10-02 14:13:00-04:00,769.07,769.23,769.06,769.1152,28784.489873,746,769.1279274297034
2026-10-02 14:14:00-04:00,769.105,769.35,769.09,769.28,54397.786713,1137,769.2571807140303
2026-10-02 14:15:00-04:00,769.2799,769.2799,769.068,769.19,47981.037722,868,769.1687663788811
2026-10-02 14:16:00-04:00,769.17,769.192,768.91,768.96,40998.696165,844,769.0542036215371
2026-10-02 14:17:00-04:00,768.955,769.05,768.84,768.845,54368.916453,845,768.9704664835252
2026-10-02 14:18:00-04:00,768.845,768.9871,768.74,768.85,74731.338355,1273,768.8157694418477
2026-10-02 14:19:00-04:00,768.86,769.0503,768.78,768.87,31076.663127,734,768.8461233215479
2026-10-02 14:20:00-04:00,768.87,769.0199,768.78,768.79,33626.460813,845,768.8728663407337
2026-10-02 14:21:00-04:00,768.791,768.885,768.75,768.814,43741.599115,999,768.8162450666898
2026-10-02 14:22:00-04:00,768.795,768.8115,768.6,768.68,42152.911291,922,768.7109204397167
2026-10-02 14:23:00-04:00,768.68,768.774,768.508,768.5555,73484.006466,1363,768.5914122809622
2026-10-02 14:24:00-04:00,768.54,768.8084,768.51,768.606,93066.073956,1374,768.5829326251009
2026-10-02 14:25:00-04:00,768.595,768.815,768.59,768.75,39514.461702,933,768.7499386291446
2026-10-02 14:26:00-04:00,768.75,768.86,768.6377,768.765,26308.888696,741,768.7933664618705
2026-10-02 14:27:00-04:00,768.7716,768.82,768.49,768.625,34710.652061,864,768.6625429824702
2026-10-02 14:28:00-04:00,768.62,769.03,768.62,768.92,43897.422991,1053,768.8628470173411
2026-10-02 14:29:00-04:00,768.94,768.99,768.7852,768.968,48461.283196,771,768.9526426748695
2026-10-02 14:30:00-04:00,768.95,769.06,768.7573,768.97,71681.750345,1086,768.9904570531749
2026-10-02 14:31:00-04:00,768.97,769.0,768.75,768.76,42014.925517,823,768.9073171425989
2026-10-02 14:32:00-04:00,768.765,769.2,768.75,769.19,31425.25534,801,768.9949620838482
2026-10-02 14:33:00-04:00,769.19,769.23,768.787,768.99,33925.949741,794,769.1284843985355
2026-10-02 14:34:00-04:00,768.99,769.11,768.96,768.99,22056.987478,653,769.0248896207407
2026-10-02 14:35:00-04:00,769.0,769.08,768.85,768.99,38603.648921,931,768.9664425480515
2026-10-02 14:36:00-04:00,768.9974,769.13,768.97,769.115,23652.733662,618,769.0438923439029
2026-10-02 14:37:00-04:00,769.115,769.15,768.9963,769.062,46891.630132,927,769.0928827834225
2026-10-02 14:38:00-04:00,769.06,769.08,768.85,768.95,32671.590008,737,768.9417810960929
2026-10-02 14:39:00-04:00,768.94,768.9975,768.77,768.82,27754.539782,603,768.8514250033081
2026-10-02 14:40:00-04:00,768.835,769.0,768.74,768.994,23350.73863,685,768.8748655620772
2026-10-02 14:41:00-04:00,769.01,769.152,768.98,769.12,63232.398424,1030,769.0917961134736
2026-10-02 14:42:00-04:00,769.12,769.184,769.0101,769.164,43580.00642,896,769.1270519872576
2026-10-02 14:43:00-04:00,769.159,769.29,769.0331,769.14,43481.514009,902,769.2002241481101
2026-10-02 14:44:00-04:00,769.145,769.31,769.12,769.228,62639.918199,924,769.219148155963
2026-10-02 14:45:00-04:00,769.225,769.3,769.0871,769.2173,30747.374416,728,769.2500295625738
2026-10-02 14:46:00-04:00,769.21,769.32,769.14,769.31,29022.003636,708,769.1891650034023
2026-10-02 14:47:00-04:00,769.3155,769.3256,769.1067,769.205,30627.705978,739,769.2522053542008
2026-10-02 14:48:00-04:00,769.2,769.279,769.1,769.22,53147.215797,981,769.1693371989179
2026-10-02 14:49:00-04:00,769.23,769.28,769.1616,769.18,33300.247381,774,769.2377536520581
2026-10-02 14:50:00-04:00,769.185,769.26,769.1,769.21,40442.833992,864,769.1775426486839
2026-10-02 14:51:00-04:00,769.22,769.27,769.185,769.2,43967.294828,887,769.2302125558939
2026-10-02 14:52:00-04:00,769.18,769.3155,769.18,769.21,48141.383173,831,769.2584499371451
2026-10-02 14:53:00-04:00,769.2,769.3,769.2,769.255,37947.125617,743,769.2553783028264
2026-10-02 14:54:00-04:00,769.24,769.342,769.15,769.34,24866.952299,723,769.2168006766454
2026-10-02 14:55:00-04:00,769.34,769.34,769.18,769.29,23279.79287,715,769.2756562841331
2026-10-02 14:56:00-04:00,769.3,769.3251,769.15,769.175,41809.986727,989,769.2346923768563
2026-10-02 14:57:00-04:00,769.1888,769.262,769.13,769.1588,37467.606105,825,769.1820094978465
2026-10-02 14:58:00-04:00,769.15,769.27,769.15,769.25,28839.844012,808,769.2107602650614
2026-10-02 14:59:00-04:00,769.26,769.394,769.2034,769.27,55468.100207,1071,769.340092879372
2026-10-02 15:00:00-04:00,769.27,769.43,769.24,769.33,55321.951916,1195,769.3334261542046
2026-10-02 15:01:00-04:00,769.34,769.42,769.278,769.37,47660.910015,948,769.3714953741659
2026-10-02 15:02:00-04:00,769.36,769.382,769.25,769.27,44650.307176,926,769.3111138661583
2026-10-02 15:03:00-04:00,769.274,769.3,769.14,769.225,46211.199076,959,769.2194207546803
2026-10-02 15:04:00-04:00,769.285,769.35,769.2234,769.29,38472.802725,806,769.2939745401328
2026-10-02 15:05:00-04:00,769.3,769.32,769.17,769.216,79045.152711,1278,769.213099697375
2026-10-02 15:06:00-04:00,769.2131,769.25,769.12,769.126,71567.005905,1187,769.1950560230313
2026-10-02 15:07:00-04:00,769.12,769.1948,769.02,769.09,75769.892442,1078,769.073477381723
2026-10-02 15:08:00-04:00,769.085,769.1322,768.96,769.055,80792.928939,1179,769.0243750347571
2026-10-02 15:09:00-04:00,769.07,769.2135,768.98,769.025,22727.655052,620,769.050566964044
2026-10-02 15:10:00-04:00,769.02,769.09,768.99,769.0178,69140.249709,1171,769.0474649408349
2026-10-02 15:11:00-04:00,769.015,769.141,768.98,769.02,40090.603092,1126,769.0430711296348
2026-10-02 15:12:00-04:00,769.022,769.14,769.01,769.0677,46574.696744,1273,769.065884111729
2026-10-02 15:13:00-04:00,769.065,769.19,769.03,769.185,46010.992718,1159,769.1227580531115
2026-10-02 15:14:00-04:00,769.19,769.21,769.0824,769.154,43120.973051,973,769.1724772907772
2026-10-02 15:15:00-04:00,769.16,769.24,769.1,769.18,68382.869247,1099,769.1793073890443
2026-10-02 15:16:00-04:00,769.18,769.24,769.024,769.13,39143.743744,1064,769.1106285708854
2026-10-02 15:17:00-04:00,769.16,769.38,769.0922,769.25,59285.889813,1282,769.2934421312982
2026-10-02 15:18:00-04:00,769.27,769.53,769.17,769.49,82476.059747,1535,769.3723023109787
2026-10-02 15:19:00-04:00,769.48,769.49,769.3224,769.335,66178.44003,1258,769.3953725687319
2026-10-02 15:20:00-04:00,769.34,769.4475,769.26,769.294,51996.071986,1316,769.367346420162
2026-10-02 15:21:00-04:00,769.31,769.357,769.24,769.27,44988.248646,1048,769.2785058565898
2026-10-02 15:22:00-04:00,769.25,769.32,769.17,769.205,65797.216094,1268,769.2365891754489
2026-10-02 15:23:00-04:00,769.21,769.305,769.13,769.235,46015.724277,1030,769.2022197440796
2026-10-02 15:24:00-04:00,769.2345,769.42,769.2345,769.4,46625.706893,1024,769.3435284426658
2026-10-02 15:25:00-04:00,769.39,769.6,769.38,769.52,100913.571967,1754,769.4678336608758
2026-10-02 15:26:00-04:00,769.528,769.57,769.3,769.31,55505.302924,1169,769.4109598903996
2026-10-02 15:27:00-04:00,769.3152,769.39,769.278,769.33,62127.266132,1110,769.3320989733422
2026-10-02 15:28:00-04:00,769.325,769.392,769.3,769.34,57868.90177,1114,769.3499224933157
2026-10-02 15:29:00-04:00,769.34,769.37,769.16,769.35,60702.140862,1219,769.2452381120995
2026-10-02 15:30:00-04:00,769.35,769.51,769.325,769.42,78774.253315,1692,769.4130138762094
2026-10-02 15:31:00-04:00,769.43,769.61,769.41,769.485,87056.546187,1545,769.5161469620435
2026-10-02 15:32:00-04:00,769.49,769.6,769.41,769.47,120614.843274,2068,769.5090209162062
2026-10-02 15:33:00-04:00,769.475,769.48,769.3,769.4204,170246.178138,2246,769.3749857988009
2026-10-02 15:34:00-04:00,769.42,769.76,769.4164,769.73,117479.674843,2300,769.6250034574207
2026-10-02 15:35:00-04:00,769.73,769.81,769.4832,769.775,148275.331441,2389,769.7244407872106
2026-10-02 15:36:00-04:00,769.775,769.9,769.491,769.748,220109.927232,2929,769.8117698406201
2026-10-02 15:37:00-04:00,769.72,769.84,769.68,769.84,121734.714913,1827,769.7437900875431
2026-10-02 15:38:00-04:00,769.835,770.06,769.7934,769.91,119962.395668,1871,769.9528018615835
2026-10-02 15:39:00-04:00,769.92,769.94,769.6526,769.8,113884.596768,1630,769.8813786647902
2026-10-02 15:40:00-04:00,769.8006,769.875,769.64,769.7,112394.425494,1527,769.7597320446544
2026-10-02 15:41:00-04:00,769.69,769.78,769.66,769.71,119410.828775,1688,769.7238612556245
2026-10-02 15:42:00-04:00,769.715,769.72,769.54,769.56,83847.546771,1515,769.6495937433044
2026-10-02 15:43:00-04:00,769.55,769.58,769.52,769.56,95149.433571,1761,769.5510335708694
2026-10-02 15:44:00-04:00,769.56,769.7548,769.54,769.63,141572.549542,2069,769.6422030539496
2026-10-02 15:45:00-04:00,769.63,770.0768,769.6102,769.715,192861.35935,2838,769.8100615632019
2026-10-02 15:46:00-04:00,769.72,769.95,769.7145,769.86,145005.805757,1949,769.8426357540794
2026-10-02 15:47:00-04:00,769.87,770.02,769.8686,769.915,138873.2915,1930,769.950101593495
2026-10-02 15:48:00-04:00,769.92,769.93,769.56,769.659,592651.279332,7023,769.7049923532383
2026-10-02 15:49:00-04:00,769.66,769.79,769.41,769.555,324245.117048,3538,769.5785808794031
2026-10-02 15:50:00-04:00,769.57,769.86,769.4701,769.755,163631.734889,2531,769.6128571467875
2026-10-02 15:51:00-04:00,769.76,769.84,769.68,769.725,142211.932861,2019,769.767751273035
2026-10-02 15:52:00-04:00,769.722,769.84,769.678,769.7968,140186.723504,1938,769.7539011138314
2026-10-02 15:53:00-04:00,769.82,769.98,769.6968,769.92,158089.597007,2288,769.8472628107527
2026-10-02 15:54:00-04:00,769.95,769.98,769.47,769.53,243845.324499,2670,769.7812617015898
2026-10-02 15:55:00-04:00,769.54,769.7709,769.2571,769.3889,265114.913583,3454,769.4912962034099
2026-10-02 15:56:00-04:00,769.38,769.6703,769.31,769.425,211481.440858,3476,769.4309169686907
2026-10-02 15:57:00-04:00,769.42,769.7,769.4,769.675,170250.602523,2532,769.582541858752
2026-10-02 15:58:00-04:00,769.675,769.73,769.51,769.548,418640.288587,5272,769.620239984205
2026-10-02 15:59:00-04:00,769.54,769.69,769.17,769.65,1129753.906404,9670,769.5416379586014
